solid OpenSCAD_Model
  facet normal -1 0 0
    outer loop
      vertex 17 6 0
      vertex 17 30 2.2
      vertex 17 30 0
    endloop
  endfacet
  facet normal -1 -0 0
    outer loop
      vertex 17 30 2.2
      vertex 17 6 0
      vertex 17 6 2.2
    endloop
  endfacet
  facet normal 1 -0 0
    outer loop
      vertex 14 6 2.2
      vertex 14 30 0
      vertex 14 30 2.2
    endloop
  endfacet
  facet normal 1 0 0
    outer loop
      vertex 14 30 0
      vertex 14 6 2.2
      vertex 14 6 0
    endloop
  endfacet
  facet normal 0 -1 0
    outer loop
      vertex 14 30 0
      vertex 17 30 2.2
      vertex 14 30 2.2
    endloop
  endfacet
  facet normal 0 -1 -0
    outer loop
      vertex 17 30 2.2
      vertex 14 30 0
      vertex 17 30 0
    endloop
  endfacet
  facet normal 0 1 -0
    outer loop
      vertex 17 6 0
      vertex 14 6 2.2
      vertex 17 6 2.2
    endloop
  endfacet
  facet normal 0 1 0
    outer loop
      vertex 14 6 2.2
      vertex 17 6 0
      vertex 14 6 0
    endloop
  endfacet
  facet normal -1 0 0
    outer loop
      vertex 27 6 0
      vertex 27 30 2.2
      vertex 27 30 0
    endloop
  endfacet
  facet normal -1 -0 0
    outer loop
      vertex 27 30 2.2
      vertex 27 6 0
      vertex 27 6 2.2
    endloop
  endfacet
  facet normal 1 -0 0
    outer loop
      vertex 24 6 2.2
      vertex 24 30 0
      vertex 24 30 2.2
    endloop
  endfacet
  facet normal 1 0 0
    outer loop
      vertex 24 30 0
      vertex 24 6 2.2
      vertex 24 6 0
    endloop
  endfacet
  facet normal 0 -1 0
    outer loop
      vertex 24 30 0
      vertex 27 30 2.2
      vertex 24 30 2.2
    endloop
  endfacet
  facet normal 0 -1 -0
    outer loop
      vertex 27 30 2.2
      vertex 24 30 0
      vertex 27 30 0
    endloop
  endfacet
  facet normal 0 1 -0
    outer loop
      vertex 27 6 0
      vertex 24 6 2.2
      vertex 27 6 2.2
    endloop
  endfacet
  facet normal 0 1 0
    outer loop
      vertex 24 6 2.2
      vertex 27 6 0
      vertex 24 6 0
    endloop
  endfacet
  facet normal -1 0 0
    outer loop
      vertex 37 6 0
      vertex 37 30 2.2
      vertex 37 30 0
    endloop
  endfacet
  facet normal -1 -0 0
    outer loop
      vertex 37 30 2.2
      vertex 37 6 0
      vertex 37 6 2.2
    endloop
  endfacet
  facet normal 1 -0 0
    outer loop
      vertex 34 6 2.2
      vertex 34 30 0
      vertex 34 30 2.2
    endloop
  endfacet
  facet normal 1 0 0
    outer loop
      vertex 34 30 0
      vertex 34 6 2.2
      vertex 34 6 0
    endloop
  endfacet
  facet normal 0 -1 0
    outer loop
      vertex 34 30 0
      vertex 37 30 2.2
      vertex 34 30 2.2
    endloop
  endfacet
  facet normal 0 -1 -0
    outer loop
      vertex 37 30 2.2
      vertex 34 30 0
      vertex 37 30 0
    endloop
  endfacet
  facet normal 0 1 -0
    outer loop
      vertex 37 6 0
      vertex 34 6 2.2
      vertex 37 6 2.2
    endloop
  endfacet
  facet normal 0 1 0
    outer loop
      vertex 34 6 2.2
      vertex 37 6 0
      vertex 34 6 0
    endloop
  endfacet
  facet normal -1 0 0
    outer loop
      vertex 47 6 0
      vertex 47 30 2.2
      vertex 47 30 0
    endloop
  endfacet
  facet normal -1 -0 0
    outer loop
      vertex 47 30 2.2
      vertex 47 6 0
      vertex 47 6 2.2
    endloop
  endfacet
  facet normal 1 -0 0
    outer loop
      vertex 44 6 2.2
      vertex 44 30 0
      vertex 44 30 2.2
    endloop
  endfacet
  facet normal 1 0 0
    outer loop
      vertex 44 30 0
      vertex 44 6 2.2
      vertex 44 6 0
    endloop
  endfacet
  facet normal 0 -1 0
    outer loop
      vertex 44 30 0
      vertex 47 30 2.2
      vertex 44 30 2.2
    endloop
  endfacet
  facet normal 0 -1 -0
    outer loop
      vertex 47 30 2.2
      vertex 44 30 0
      vertex 47 30 0
    endloop
  endfacet
  facet normal 0 1 -0
    outer loop
      vertex 47 6 0
      vertex 44 6 2.2
      vertex 47 6 2.2
    endloop
  endfacet
  facet normal 0 1 0
    outer loop
      vertex 44 6 2.2
      vertex 47 6 0
      vertex 44 6 0
    endloop
  endfacet
  facet normal 0.522486 -0.852648 0
    outer loop
      vertex 65.562 -2.87302 0
      vertex 65.9634 -2.62705 12.3
      vertex 65.562 -2.87302 12.3
    endloop
  endfacet
  facet normal 0.522486 -0.852648 0
    outer loop
      vertex 65.9634 -2.62705 12.3
      vertex 65.562 -2.87302 0
      vertex 65.9634 -2.62705 0
    endloop
  endfacet
  facet normal -0.996916 0.0784703 0
    outer loop
      vertex -7.2 36.2 0
      vertex -7.16306 36.6693 12.3
      vertex -7.16306 36.6693 0
    endloop
  endfacet
  facet normal -0.996916 0.0784703 0
    outer loop
      vertex -7.16306 36.6693 12.3
      vertex -7.2 36.2 0
      vertex -7.2 36.2 12.3
    endloop
  endfacet
  facet normal 0.996923 -0.0783853 0
    outer loop
      vertex 67.1631 -0.669303 12.3
      vertex 67.2 -0.2 0
      vertex 67.2 -0.2 12.3
    endloop
  endfacet
  facet normal 0.996923 -0.0783853 0
    outer loop
      vertex 67.2 -0.2 0
      vertex 67.1631 -0.669303 12.3
      vertex 67.1631 -0.669303 0
    endloop
  endfacet
  facet normal 0.649515 -0.760349 0
    outer loop
      vertex 65.9634 -2.62705 0
      vertex 66.3213 -2.32132 12.3
      vertex 65.9634 -2.62705 12.3
    endloop
  endfacet
  facet normal 0.649515 -0.760349 0
    outer loop
      vertex 66.3213 -2.32132 12.3
      vertex 65.9634 -2.62705 0
      vertex 66.3213 -2.32132 0
    endloop
  endfacet
  facet normal -0.760349 0.649515 0
    outer loop
      vertex -6.62705 37.9634 0
      vertex -6.32132 38.3213 12.3
      vertex -6.32132 38.3213 0
    endloop
  endfacet
  facet normal -0.760349 0.649515 0
    outer loop
      vertex -6.32132 38.3213 12.3
      vertex -6.62705 37.9634 0
      vertex -6.62705 37.9634 12.3
    endloop
  endfacet
  facet normal 1 0 0
    outer loop
      vertex 67.2 11 12.3
      vertex 67.2 -0.2 12.3
      vertex 67.2 11 3.2
    endloop
  endfacet
  facet normal 1 0 0
    outer loop
      vertex 67.2 26 3.2
      vertex 67.2 36.2 12.3
      vertex 67.2 26 12.3
    endloop
  endfacet
  facet normal 1 0 0
    outer loop
      vertex 67.2 36.2 12.3
      vertex 67.2 26 3.2
      vertex 67.2 36.2 0
    endloop
  endfacet
  facet normal 1 -0 0
    outer loop
      vertex 67.2 11 3.2
      vertex 67.2 36.2 0
      vertex 67.2 26 3.2
    endloop
  endfacet
  facet normal 1 0 0
    outer loop
      vertex 67.2 11 3.2
      vertex 67.2 -0.2 0
      vertex 67.2 36.2 0
    endloop
  endfacet
  facet normal 1 0 0
    outer loop
      vertex 67.2 -0.2 0
      vertex 67.2 11 3.2
      vertex 67.2 -0.2 12.3
    endloop
  endfacet
  facet normal -0.852648 0.522486 0
    outer loop
      vertex -6.87302 37.562 0
      vertex -6.62705 37.9634 12.3
      vertex -6.62705 37.9634 0
    endloop
  endfacet
  facet normal -0.852648 0.522486 0
    outer loop
      vertex -6.62705 37.9634 12.3
      vertex -6.87302 37.562 0
      vertex -6.87302 37.562 12.3
    endloop
  endfacet
  facet normal -0.760403 -0.649452 0
    outer loop
      vertex -6.32132 -2.32132 0
      vertex -6.62705 -1.96336 12.3
      vertex -6.62705 -1.96336 0
    endloop
  endfacet
  facet normal -0.760403 -0.649452 0
    outer loop
      vertex -6.62705 -1.96336 12.3
      vertex -6.32132 -2.32132 0
      vertex -6.32132 -2.32132 12.3
    endloop
  endfacet
  facet normal -0.972379 0.233409 0
    outer loop
      vertex -7.16306 36.6693 0
      vertex -7.05317 37.1271 12.3
      vertex -7.05317 37.1271 0
    endloop
  endfacet
  facet normal -0.972379 0.233409 0
    outer loop
      vertex -7.05317 37.1271 12.3
      vertex -7.16306 36.6693 0
      vertex -7.16306 36.6693 12.3
    endloop
  endfacet
  facet normal 0.649601 0.760275 -0
    outer loop
      vertex 66.3213 38.3213 0
      vertex 65.9634 38.6271 12.3
      vertex 66.3213 38.3213 12.3
    endloop
  endfacet
  facet normal 0.649601 0.760275 0
    outer loop
      vertex 65.9634 38.6271 12.3
      vertex 66.3213 38.3213 0
      vertex 65.9634 38.6271 0
    endloop
  endfacet
  facet normal 0 -1 0
    outer loop
      vertex -4.2 -3.2 0
      vertex 64.2 -3.2 12.3
      vertex -4.2 -3.2 12.3
    endloop
  endfacet
  facet normal 0 -1 -0
    outer loop
      vertex 64.2 -3.2 12.3
      vertex -4.2 -3.2 0
      vertex 64.2 -3.2 0
    endloop
  endfacet
  facet normal -1 0 0
    outer loop
      vertex -7.2 -0.2 0
      vertex -7.2 36.2 12.3
      vertex -7.2 36.2 0
    endloop
  endfacet
  facet normal -1 -0 0
    outer loop
      vertex -7.2 36.2 12.3
      vertex -7.2 -0.2 0
      vertex -7.2 -0.2 12.3
    endloop
  endfacet
  facet normal 0.0783858 0.996923 -0
    outer loop
      vertex 64.6693 39.1631 0
      vertex 64.2 39.2 12.3
      vertex 64.6693 39.1631 12.3
    endloop
  endfacet
  facet normal 0.0783858 0.996923 0
    outer loop
      vertex 64.2 39.2 12.3
      vertex 64.6693 39.1631 0
      vertex 64.2 39.2 0
    endloop
  endfacet
  facet normal -0.923879 -0.382684 0
    outer loop
      vertex -6.87302 -1.56197 0
      vertex -7.05317 -1.12705 12.3
      vertex -7.05317 -1.12705 0
    endloop
  endfacet
  facet normal -0.923879 -0.382684 0
    outer loop
      vertex -7.05317 -1.12705 12.3
      vertex -6.87302 -1.56197 0
      vertex -6.87302 -1.56197 12.3
    endloop
  endfacet
  facet normal -0.522495 -0.852642 0
    outer loop
      vertex -5.96336 -2.62705 0
      vertex -5.56197 -2.87302 12.3
      vertex -5.96336 -2.62705 12.3
    endloop
  endfacet
  facet normal -0.522495 -0.852642 -0
    outer loop
      vertex -5.56197 -2.87302 12.3
      vertex -5.96336 -2.62705 0
      vertex -5.56197 -2.87302 0
    endloop
  endfacet
  facet normal 0.0784703 -0.996916 0
    outer loop
      vertex 64.2 -3.2 0
      vertex 64.6693 -3.16306 12.3
      vertex 64.2 -3.2 12.3
    endloop
  endfacet
  facet normal 0.0784703 -0.996916 0
    outer loop
      vertex 64.6693 -3.16306 12.3
      vertex 64.2 -3.2 0
      vertex 64.6693 -3.16306 0
    endloop
  endfacet
  facet normal 0.382699 -0.923873 0
    outer loop
      vertex 65.1271 -3.05317 0
      vertex 65.562 -2.87302 12.3
      vertex 65.1271 -3.05317 12.3
    endloop
  endfacet
  facet normal 0.382699 -0.923873 0
    outer loop
      vertex 65.562 -2.87302 12.3
      vertex 65.1271 -3.05317 0
      vertex 65.562 -2.87302 0
    endloop
  endfacet
  facet normal 0.760329 -0.649538 0
    outer loop
      vertex 66.3213 -2.32132 12.3
      vertex 66.6271 -1.96336 0
      vertex 66.6271 -1.96336 12.3
    endloop
  endfacet
  facet normal 0.760329 -0.649538 0
    outer loop
      vertex 66.6271 -1.96336 0
      vertex 66.3213 -2.32132 12.3
      vertex 66.3213 -2.32132 0
    endloop
  endfacet
  facet normal 0.233409 -0.972379 0
    outer loop
      vertex 64.6693 -3.16306 0
      vertex 65.1271 -3.05317 12.3
      vertex 64.6693 -3.16306 12.3
    endloop
  endfacet
  facet normal 0.233409 -0.972379 0
    outer loop
      vertex 65.1271 -3.05317 12.3
      vertex 64.6693 -3.16306 0
      vertex 65.1271 -3.05317 0
    endloop
  endfacet
  facet normal 0.233429 0.972374 -0
    outer loop
      vertex 65.1271 39.0532 0
      vertex 64.6693 39.1631 12.3
      vertex 65.1271 39.0532 12.3
    endloop
  endfacet
  facet normal 0.233429 0.972374 0
    outer loop
      vertex 64.6693 39.1631 12.3
      vertex 65.1271 39.0532 0
      vertex 64.6693 39.1631 0
    endloop
  endfacet
  facet normal 0 1 -0
    outer loop
      vertex 64.2 39.2 0
      vertex -4.2 39.2 12.3
      vertex 64.2 39.2 12.3
    endloop
  endfacet
  facet normal 0 1 0
    outer loop
      vertex -4.2 39.2 12.3
      vertex 64.2 39.2 0
      vertex -4.2 39.2 0
    endloop
  endfacet
  facet normal 0.923842 -0.382775 0
    outer loop
      vertex 66.873 -1.56197 12.3
      vertex 67.0532 -1.12705 0
      vertex 67.0532 -1.12705 12.3
    endloop
  endfacet
  facet normal 0.923842 -0.382775 0
    outer loop
      vertex 67.0532 -1.12705 0
      vertex 66.873 -1.56197 12.3
      vertex 66.873 -1.56197 0
    endloop
  endfacet
  facet normal 0.972368 -0.233455 0
    outer loop
      vertex 67.0532 -1.12705 12.3
      vertex 67.1631 -0.669303 0
      vertex 67.1631 -0.669303 12.3
    endloop
  endfacet
  facet normal 0.972368 -0.233455 0
    outer loop
      vertex 67.1631 -0.669303 0
      vertex 67.0532 -1.12705 12.3
      vertex 67.0532 -1.12705 0
    endloop
  endfacet
  facet normal 0.996923 0.0783858 0
    outer loop
      vertex 67.2 36.2 12.3
      vertex 67.1631 36.6693 0
      vertex 67.1631 36.6693 12.3
    endloop
  endfacet
  facet normal 0.996923 0.0783858 0
    outer loop
      vertex 67.1631 36.6693 0
      vertex 67.2 36.2 12.3
      vertex 67.2 36.2 0
    endloop
  endfacet
  facet normal -0.233433 -0.972373 0
    outer loop
      vertex -5.12705 -3.05317 0
      vertex -4.6693 -3.16306 12.3
      vertex -5.12705 -3.05317 12.3
    endloop
  endfacet
  facet normal -0.233433 -0.972373 -0
    outer loop
      vertex -4.6693 -3.16306 12.3
      vertex -5.12705 -3.05317 0
      vertex -4.6693 -3.16306 0
    endloop
  endfacet
  facet normal 0.852708 -0.522387 0
    outer loop
      vertex 66.6271 -1.96336 12.3
      vertex 66.873 -1.56197 0
      vertex 66.873 -1.56197 12.3
    endloop
  endfacet
  facet normal 0.852708 -0.522387 0
    outer loop
      vertex 66.873 -1.56197 0
      vertex 66.6271 -1.96336 12.3
      vertex 66.6271 -1.96336 0
    endloop
  endfacet
  facet normal -0.0783858 0.996923 0
    outer loop
      vertex -4.2 39.2 0
      vertex -4.6693 39.1631 12.3
      vertex -4.2 39.2 12.3
    endloop
  endfacet
  facet normal -0.0783858 0.996923 0
    outer loop
      vertex -4.6693 39.1631 12.3
      vertex -4.2 39.2 0
      vertex -4.6693 39.1631 0
    endloop
  endfacet
  facet normal 0.852714 0.522378 0
    outer loop
      vertex 66.873 37.562 12.3
      vertex 66.6271 37.9634 0
      vertex 66.6271 37.9634 12.3
    endloop
  endfacet
  facet normal 0.852714 0.522378 0
    outer loop
      vertex 66.6271 37.9634 0
      vertex 66.873 37.562 12.3
      vertex 66.873 37.562 0
    endloop
  endfacet
  facet normal 0.760275 0.649601 0
    outer loop
      vertex 66.6271 37.9634 12.3
      vertex 66.3213 38.3213 0
      vertex 66.3213 38.3213 12.3
    endloop
  endfacet
  facet normal 0.760275 0.649601 0
    outer loop
      vertex 66.3213 38.3213 0
      vertex 66.6271 37.9634 12.3
      vertex 66.6271 37.9634 0
    endloop
  endfacet
  facet normal 0 0 -1
    outer loop
      vertex 64.2 -3.2 0
      vertex 67.2 -0.2 0
      vertex 67.1631 -0.669303 0
    endloop
  endfacet
  facet normal 0 0 -1
    outer loop
      vertex 67.2 -0.2 0
      vertex 47 6 0
      vertex 67.2 36.2 0
    endloop
  endfacet
  facet normal 0 0 -1
    outer loop
      vertex 64.2 -3.2 0
      vertex 67.1631 -0.669303 0
      vertex 67.0532 -1.12705 0
    endloop
  endfacet
  facet normal 0 0 -1
    outer loop
      vertex 47 30 0
      vertex 67.2 36.2 0
      vertex 47 6 0
    endloop
  endfacet
  facet normal 0 0 -1
    outer loop
      vertex 64.2 -3.2 0
      vertex 67.0532 -1.12705 0
      vertex 66.873 -1.56197 0
    endloop
  endfacet
  facet normal 0 -0 -1
    outer loop
      vertex 64.2 39.2 0
      vertex 67.2 36.2 0
      vertex 47 30 0
    endloop
  endfacet
  facet normal 0 0 -1
    outer loop
      vertex 64.2 -3.2 0
      vertex 66.873 -1.56197 0
      vertex 66.6271 -1.96336 0
    endloop
  endfacet
  facet normal 0 0 -1
    outer loop
      vertex 67.2 36.2 0
      vertex 64.2 39.2 0
      vertex 67.1631 36.6693 0
    endloop
  endfacet
  facet normal 0 0 -1
    outer loop
      vertex 64.2 -3.2 0
      vertex 66.6271 -1.96336 0
      vertex 66.3213 -2.32132 0
    endloop
  endfacet
  facet normal 0 0 -1
    outer loop
      vertex 67.1631 36.6693 0
      vertex 64.2 39.2 0
      vertex 67.0532 37.1271 0
    endloop
  endfacet
  facet normal 0 0 -1
    outer loop
      vertex 64.2 -3.2 0
      vertex 66.3213 -2.32132 0
      vertex 65.9634 -2.62705 0
    endloop
  endfacet
  facet normal 0 0 -1
    outer loop
      vertex 67.0532 37.1271 0
      vertex 64.2 39.2 0
      vertex 66.873 37.562 0
    endloop
  endfacet
  facet normal 0 0 -1
    outer loop
      vertex 64.2 -3.2 0
      vertex 65.9634 -2.62705 0
      vertex 65.562 -2.87302 0
    endloop
  endfacet
  facet normal 0 0 -1
    outer loop
      vertex 66.873 37.562 0
      vertex 64.2 39.2 0
      vertex 66.6271 37.9634 0
    endloop
  endfacet
  facet normal 0 0 -1
    outer loop
      vertex 64.2 -3.2 0
      vertex 65.562 -2.87302 0
      vertex 65.1271 -3.05317 0
    endloop
  endfacet
  facet normal 0 0 -1
    outer loop
      vertex 66.6271 37.9634 0
      vertex 64.2 39.2 0
      vertex 66.3213 38.3213 0
    endloop
  endfacet
  facet normal 0 0 -1
    outer loop
      vertex 64.2 -3.2 0
      vertex 65.1271 -3.05317 0
      vertex 64.6693 -3.16306 0
    endloop
  endfacet
  facet normal 0 0 -1
    outer loop
      vertex 66.3213 38.3213 0
      vertex 64.2 39.2 0
      vertex 65.9634 38.6271 0
    endloop
  endfacet
  facet normal -0 0 -1
    outer loop
      vertex 67.2 -0.2 0
      vertex 64.2 -3.2 0
      vertex 47 6 0
    endloop
  endfacet
  facet normal 0 0 -1
    outer loop
      vertex 65.9634 38.6271 0
      vertex 64.2 39.2 0
      vertex 65.562 38.873 0
    endloop
  endfacet
  facet normal 0 0 -1
    outer loop
      vertex 65.562 38.873 0
      vertex 64.2 39.2 0
      vertex 65.1271 39.0532 0
    endloop
  endfacet
  facet normal 0 0 -1
    outer loop
      vertex 64.2 -3.2 0
      vertex 44 6 0
      vertex 47 6 0
    endloop
  endfacet
  facet normal 0 0 -1
    outer loop
      vertex 44 6 0
      vertex 37 6 0
      vertex 44 30 0
    endloop
  endfacet
  facet normal 0 0 -1
    outer loop
      vertex 64.2 -3.2 0
      vertex 37 6 0
      vertex 44 6 0
    endloop
  endfacet
  facet normal 0 0 -1
    outer loop
      vertex 64.2 -3.2 0
      vertex 34 6 0
      vertex 37 6 0
    endloop
  endfacet
  facet normal 0 0 -1
    outer loop
      vertex 34 6 0
      vertex 27 6 0
      vertex 34 30 0
    endloop
  endfacet
  facet normal 0 0 -1
    outer loop
      vertex 64.2 -3.2 0
      vertex 27 6 0
      vertex 34 6 0
    endloop
  endfacet
  facet normal 0 0 -1
    outer loop
      vertex -4.2 -3.2 0
      vertex 27 6 0
      vertex 64.2 -3.2 0
    endloop
  endfacet
  facet normal 0 0 -1
    outer loop
      vertex 24 6 0
      vertex 17 6 0
      vertex 24 30 0
    endloop
  endfacet
  facet normal -0 0 -1
    outer loop
      vertex 27 6 0
      vertex -4.2 -3.2 0
      vertex 24 6 0
    endloop
  endfacet
  facet normal -0 0 -1
    outer loop
      vertex 24 6 0
      vertex -4.2 -3.2 0
      vertex 17 6 0
    endloop
  endfacet
  facet normal 0 0 -1
    outer loop
      vertex -7.2 -0.2 0
      vertex 14 6 0
      vertex -4.2 -3.2 0
    endloop
  endfacet
  facet normal -0 0 -1
    outer loop
      vertex 17 6 0
      vertex -4.2 -3.2 0
      vertex 14 6 0
    endloop
  endfacet
  facet normal 0 0 -1
    outer loop
      vertex 65.1271 39.0532 0
      vertex 64.2 39.2 0
      vertex 64.6693 39.1631 0
    endloop
  endfacet
  facet normal 0 0 -1
    outer loop
      vertex 44 30 0
      vertex 64.2 39.2 0
      vertex 47 30 0
    endloop
  endfacet
  facet normal 0 0 -1
    outer loop
      vertex 37 30 0
      vertex 44 30 0
      vertex 37 6 0
    endloop
  endfacet
  facet normal 0 0 -1
    outer loop
      vertex 37 30 0
      vertex 64.2 39.2 0
      vertex 44 30 0
    endloop
  endfacet
  facet normal 0 0 -1
    outer loop
      vertex 34 30 0
      vertex 64.2 39.2 0
      vertex 37 30 0
    endloop
  endfacet
  facet normal 0 0 -1
    outer loop
      vertex 27 30 0
      vertex 34 30 0
      vertex 27 6 0
    endloop
  endfacet
  facet normal 0 0 -1
    outer loop
      vertex 27 30 0
      vertex 64.2 39.2 0
      vertex 34 30 0
    endloop
  endfacet
  facet normal 0 0 -1
    outer loop
      vertex -4.2 39.2 0
      vertex 27 30 0
      vertex 24 30 0
    endloop
  endfacet
  facet normal 0 0 -1
    outer loop
      vertex 17 30 0
      vertex 24 30 0
      vertex 17 6 0
    endloop
  endfacet
  facet normal 0 0 -1
    outer loop
      vertex -4.2 39.2 0
      vertex 24 30 0
      vertex 17 30 0
    endloop
  endfacet
  facet normal 0 0 -1
    outer loop
      vertex -4.2 39.2 0
      vertex 17 30 0
      vertex 14 30 0
    endloop
  endfacet
  facet normal 0 0 -1
    outer loop
      vertex 27 30 0
      vertex -4.2 39.2 0
      vertex 64.2 39.2 0
    endloop
  endfacet
  facet normal -0 0 -1
    outer loop
      vertex 14 6 0
      vertex -7.2 -0.2 0
      vertex 14 30 0
    endloop
  endfacet
  facet normal 0 0 -1
    outer loop
      vertex -7.2 -0.2 0
      vertex -4.2 -3.2 0
      vertex -4.6693 -3.16306 0
    endloop
  endfacet
  facet normal 0 0 -1
    outer loop
      vertex -7.2 36.2 0
      vertex 14 30 0
      vertex -7.2 -0.2 0
    endloop
  endfacet
  facet normal 0 0 -1
    outer loop
      vertex -7.2 -0.2 0
      vertex -4.6693 -3.16306 0
      vertex -5.12705 -3.05317 0
    endloop
  endfacet
  facet normal 0 0 -1
    outer loop
      vertex 14 30 0
      vertex -7.2 36.2 0
      vertex -4.2 39.2 0
    endloop
  endfacet
  facet normal 0 0 -1
    outer loop
      vertex -7.2 -0.2 0
      vertex -5.12705 -3.05317 0
      vertex -5.56197 -2.87302 0
    endloop
  endfacet
  facet normal 0 0 -1
    outer loop
      vertex -4.2 39.2 0
      vertex -7.2 36.2 0
      vertex -4.6693 39.1631 0
    endloop
  endfacet
  facet normal 0 0 -1
    outer loop
      vertex -7.2 -0.2 0
      vertex -5.56197 -2.87302 0
      vertex -5.96336 -2.62705 0
    endloop
  endfacet
  facet normal 0 0 -1
    outer loop
      vertex -4.6693 39.1631 0
      vertex -7.2 36.2 0
      vertex -5.12705 39.0532 0
    endloop
  endfacet
  facet normal 0 0 -1
    outer loop
      vertex -7.2 -0.2 0
      vertex -5.96336 -2.62705 0
      vertex -6.32132 -2.32132 0
    endloop
  endfacet
  facet normal 0 0 -1
    outer loop
      vertex -5.12705 39.0532 0
      vertex -7.2 36.2 0
      vertex -5.56197 38.873 0
    endloop
  endfacet
  facet normal 0 0 -1
    outer loop
      vertex -7.2 -0.2 0
      vertex -6.32132 -2.32132 0
      vertex -6.62705 -1.96336 0
    endloop
  endfacet
  facet normal 0 0 -1
    outer loop
      vertex -5.56197 38.873 0
      vertex -7.2 36.2 0
      vertex -5.96336 38.6271 0
    endloop
  endfacet
  facet normal 0 0 -1
    outer loop
      vertex -7.2 -0.2 0
      vertex -6.62705 -1.96336 0
      vertex -6.87302 -1.56197 0
    endloop
  endfacet
  facet normal 0 0 -1
    outer loop
      vertex -5.96336 38.6271 0
      vertex -7.2 36.2 0
      vertex -6.32132 38.3213 0
    endloop
  endfacet
  facet normal 0 0 -1
    outer loop
      vertex -7.2 -0.2 0
      vertex -6.87302 -1.56197 0
      vertex -7.05317 -1.12705 0
    endloop
  endfacet
  facet normal 0 0 -1
    outer loop
      vertex -6.32132 38.3213 0
      vertex -7.2 36.2 0
      vertex -6.62705 37.9634 0
    endloop
  endfacet
  facet normal 0 0 -1
    outer loop
      vertex -7.2 -0.2 0
      vertex -7.05317 -1.12705 0
      vertex -7.16306 -0.669303 0
    endloop
  endfacet
  facet normal 0 0 -1
    outer loop
      vertex -6.62705 37.9634 0
      vertex -7.2 36.2 0
      vertex -6.87302 37.562 0
    endloop
  endfacet
  facet normal 0 0 -1
    outer loop
      vertex -6.87302 37.562 0
      vertex -7.2 36.2 0
      vertex -7.05317 37.1271 0
    endloop
  endfacet
  facet normal 0 0 -1
    outer loop
      vertex -7.05317 37.1271 0
      vertex -7.2 36.2 0
      vertex -7.16306 36.6693 0
    endloop
  endfacet
  facet normal -0.0784703 -0.996916 0
    outer loop
      vertex -4.6693 -3.16306 0
      vertex -4.2 -3.2 12.3
      vertex -4.6693 -3.16306 12.3
    endloop
  endfacet
  facet normal -0.0784703 -0.996916 -0
    outer loop
      vertex -4.2 -3.2 12.3
      vertex -4.6693 -3.16306 0
      vertex -4.2 -3.2 0
    endloop
  endfacet
  facet normal 0.38279 0.923836 -0
    outer loop
      vertex 65.562 38.873 0
      vertex 65.1271 39.0532 12.3
      vertex 65.562 38.873 12.3
    endloop
  endfacet
  facet normal 0.38279 0.923836 0
    outer loop
      vertex 65.1271 39.0532 12.3
      vertex 65.562 38.873 0
      vertex 65.1271 39.0532 0
    endloop
  endfacet
  facet normal 0.522378 0.852714 -0
    outer loop
      vertex 65.9634 38.6271 0
      vertex 65.562 38.873 12.3
      vertex 65.9634 38.6271 12.3
    endloop
  endfacet
  facet normal 0.522378 0.852714 0
    outer loop
      vertex 65.562 38.873 12.3
      vertex 65.9634 38.6271 0
      vertex 65.562 38.873 0
    endloop
  endfacet
  facet normal 0 0 1
    outer loop
      vertex 67.2 36.2 12.3
      vertex 64.9766 35.3972 12.3
      vertex 65 35.1 12.3
    endloop
  endfacet
  facet normal 0 0 1
    outer loop
      vertex 65.562 38.873 12.3
      vertex 64.907 35.6871 12.3
      vertex 64.9766 35.3972 12.3
    endloop
  endfacet
  facet normal 0 0 1
    outer loop
      vertex 65.562 38.873 12.3
      vertex 64.7929 35.9626 12.3
      vertex 64.907 35.6871 12.3
    endloop
  endfacet
  facet normal 0 0 1
    outer loop
      vertex 63.9626 36.7929 12.3
      vertex 65.1271 39.0532 12.3
      vertex 64.6693 39.1631 12.3
    endloop
  endfacet
  facet normal 0 0 1
    outer loop
      vertex 65.562 38.873 12.3
      vertex 64.6371 36.2168 12.3
      vertex 64.7929 35.9626 12.3
    endloop
  endfacet
  facet normal 0 0 1
    outer loop
      vertex 65.562 38.873 12.3
      vertex 64.4435 36.4435 12.3
      vertex 64.6371 36.2168 12.3
    endloop
  endfacet
  facet normal 0 0 1
    outer loop
      vertex 65.562 38.873 12.3
      vertex 64.2168 36.6371 12.3
      vertex 64.4435 36.4435 12.3
    endloop
  endfacet
  facet normal 0 0 1
    outer loop
      vertex 63.9626 36.7929 12.3
      vertex 64.6693 39.1631 12.3
      vertex 64.2 39.2 12.3
    endloop
  endfacet
  facet normal 0 0 1
    outer loop
      vertex 65.1271 39.0532 12.3
      vertex 63.9626 36.7929 12.3
      vertex 64.2168 36.6371 12.3
    endloop
  endfacet
  facet normal 0 0 1
    outer loop
      vertex 64.2 39.2 12.3
      vertex 63.6871 36.907 12.3
      vertex 63.9626 36.7929 12.3
    endloop
  endfacet
  facet normal 0 0 1
    outer loop
      vertex 64.2 39.2 12.3
      vertex 63.3972 36.9766 12.3
      vertex 63.6871 36.907 12.3
    endloop
  endfacet
  facet normal 0 0 1
    outer loop
      vertex 64.2 39.2 12.3
      vertex 63.1 37 12.3
      vertex 63.3972 36.9766 12.3
    endloop
  endfacet
  facet normal 0 0 1
    outer loop
      vertex 64.2 39.2 12.3
      vertex -3.1 37 12.3
      vertex 63.1 37 12.3
    endloop
  endfacet
  facet normal -0 0 1
    outer loop
      vertex -4.2 39.2 12.3
      vertex -3.1 37 12.3
      vertex 64.2 39.2 12.3
    endloop
  endfacet
  facet normal 0 0 1
    outer loop
      vertex -4.2 39.2 12.3
      vertex -3.39723 36.9766 12.3
      vertex -3.1 37 12.3
    endloop
  endfacet
  facet normal 0 0 1
    outer loop
      vertex -4.2 39.2 12.3
      vertex -3.68713 36.907 12.3
      vertex -3.39723 36.9766 12.3
    endloop
  endfacet
  facet normal 0 0 1
    outer loop
      vertex -4.2 39.2 12.3
      vertex -3.96258 36.7929 12.3
      vertex -3.68713 36.907 12.3
    endloop
  endfacet
  facet normal -0 0 1
    outer loop
      vertex -4.6693 39.1631 12.3
      vertex -3.96258 36.7929 12.3
      vertex -4.2 39.2 12.3
    endloop
  endfacet
  facet normal -0 0 1
    outer loop
      vertex -5.12705 39.0532 12.3
      vertex -3.96258 36.7929 12.3
      vertex -4.6693 39.1631 12.3
    endloop
  endfacet
  facet normal 0 0 1
    outer loop
      vertex -3.96258 36.7929 12.3
      vertex -5.12705 39.0532 12.3
      vertex -4.21679 36.6371 12.3
    endloop
  endfacet
  facet normal -0 0 1
    outer loop
      vertex -5.56197 38.873 12.3
      vertex -4.21679 36.6371 12.3
      vertex -5.12705 39.0532 12.3
    endloop
  endfacet
  facet normal -0 0 1
    outer loop
      vertex -5.96336 38.6271 12.3
      vertex -4.21679 36.6371 12.3
      vertex -5.56197 38.873 12.3
    endloop
  endfacet
  facet normal 0 0 1
    outer loop
      vertex -4.21679 36.6371 12.3
      vertex -5.96336 38.6271 12.3
      vertex -4.4435 36.4435 12.3
    endloop
  endfacet
  facet normal -0 0 1
    outer loop
      vertex -6.32132 38.3213 12.3
      vertex -4.4435 36.4435 12.3
      vertex -5.96336 38.6271 12.3
    endloop
  endfacet
  facet normal -0 0 1
    outer loop
      vertex -6.87302 37.562 12.3
      vertex -4.63713 36.2168 12.3
      vertex -6.62705 37.9634 12.3
    endloop
  endfacet
  facet normal 0 0 1
    outer loop
      vertex -4.4435 36.4435 12.3
      vertex -6.62705 37.9634 12.3
      vertex -4.63713 36.2168 12.3
    endloop
  endfacet
  facet normal -0 0 1
    outer loop
      vertex -6.62705 37.9634 12.3
      vertex -4.4435 36.4435 12.3
      vertex -6.32132 38.3213 12.3
    endloop
  endfacet
  facet normal 0 0 1
    outer loop
      vertex 64.9766 35.3972 12.3
      vertex 67.2 36.2 12.3
      vertex 67.1631 36.6693 12.3
    endloop
  endfacet
  facet normal 0 0 1
    outer loop
      vertex 64.9766 35.3972 12.3
      vertex 67.1631 36.6693 12.3
      vertex 67.0532 37.1271 12.3
    endloop
  endfacet
  facet normal 0 0 1
    outer loop
      vertex 64.9766 35.3972 12.3
      vertex 67.0532 37.1271 12.3
      vertex 66.873 37.562 12.3
    endloop
  endfacet
  facet normal 0 0 1
    outer loop
      vertex 64.9766 35.3972 12.3
      vertex 66.873 37.562 12.3
      vertex 66.6271 37.9634 12.3
    endloop
  endfacet
  facet normal 0 0 1
    outer loop
      vertex 64.9766 35.3972 12.3
      vertex 66.6271 37.9634 12.3
      vertex 66.3213 38.3213 12.3
    endloop
  endfacet
  facet normal 0 0 1
    outer loop
      vertex 64.9766 35.3972 12.3
      vertex 66.3213 38.3213 12.3
      vertex 65.9634 38.6271 12.3
    endloop
  endfacet
  facet normal 0 0 1
    outer loop
      vertex 64.9766 35.3972 12.3
      vertex 65.9634 38.6271 12.3
      vertex 65.562 38.873 12.3
    endloop
  endfacet
  facet normal 0 0 1
    outer loop
      vertex 64.2168 36.6371 12.3
      vertex 65.562 38.873 12.3
      vertex 65.1271 39.0532 12.3
    endloop
  endfacet
  facet normal 0 0 1
    outer loop
      vertex 67.2 36.2 12.3
      vertex 65 35.1 12.3
      vertex 67.2 26 12.3
    endloop
  endfacet
  facet normal 0 0 1
    outer loop
      vertex 67.2 26 12.3
      vertex 65 35.1 12.3
      vertex 65 26 12.3
    endloop
  endfacet
  facet normal -0 0 1
    outer loop
      vertex 65 0.9 12.3
      vertex 67.2 -0.2 12.3
      vertex 67.2 11 12.3
    endloop
  endfacet
  facet normal -0 0 1
    outer loop
      vertex 64.9766 0.602774 12.3
      vertex 67.2 -0.2 12.3
      vertex 65 0.9 12.3
    endloop
  endfacet
  facet normal -0 0 1
    outer loop
      vertex 64.907 0.312867 12.3
      vertex 67.2 -0.2 12.3
      vertex 64.9766 0.602774 12.3
    endloop
  endfacet
  facet normal -0 0 1
    outer loop
      vertex 64.7929 0.0374174 12.3
      vertex 67.2 -0.2 12.3
      vertex 64.907 0.312867 12.3
    endloop
  endfacet
  facet normal 0 0 1
    outer loop
      vertex 67.2 -0.2 12.3
      vertex 64.7929 0.0374174 12.3
      vertex 67.1631 -0.669303 12.3
    endloop
  endfacet
  facet normal 0 0 1
    outer loop
      vertex 67.1631 -0.669303 12.3
      vertex 64.7929 0.0374174 12.3
      vertex 67.0532 -1.12705 12.3
    endloop
  endfacet
  facet normal -0 0 1
    outer loop
      vertex 64.6371 -0.216791 12.3
      vertex 67.0532 -1.12705 12.3
      vertex 64.7929 0.0374174 12.3
    endloop
  endfacet
  facet normal 0 0 1
    outer loop
      vertex 67.0532 -1.12705 12.3
      vertex 64.6371 -0.216791 12.3
      vertex 66.873 -1.56197 12.3
    endloop
  endfacet
  facet normal 0 0 1
    outer loop
      vertex 65 0.9 12.3
      vertex 67.2 11 12.3
      vertex 65 11 12.3
    endloop
  endfacet
  facet normal 0 0 1
    outer loop
      vertex 66.873 -1.56197 12.3
      vertex 64.6371 -0.216791 12.3
      vertex 66.6271 -1.96336 12.3
    endloop
  endfacet
  facet normal -0 0 1
    outer loop
      vertex 64.4435 -0.443502 12.3
      vertex 66.6271 -1.96336 12.3
      vertex 64.6371 -0.216791 12.3
    endloop
  endfacet
  facet normal 0 0 1
    outer loop
      vertex 66.6271 -1.96336 12.3
      vertex 64.4435 -0.443502 12.3
      vertex 66.3213 -2.32132 12.3
    endloop
  endfacet
  facet normal 0 0 1
    outer loop
      vertex 66.3213 -2.32132 12.3
      vertex 64.4435 -0.443502 12.3
      vertex 65.9634 -2.62705 12.3
    endloop
  endfacet
  facet normal -0 0 1
    outer loop
      vertex 64.2168 -0.637132 12.3
      vertex 65.9634 -2.62705 12.3
      vertex 64.4435 -0.443502 12.3
    endloop
  endfacet
  facet normal 0 0 1
    outer loop
      vertex 65.9634 -2.62705 12.3
      vertex 64.2168 -0.637132 12.3
      vertex 65.562 -2.87302 12.3
    endloop
  endfacet
  facet normal 0 0 1
    outer loop
      vertex 65.562 -2.87302 12.3
      vertex 64.2168 -0.637132 12.3
      vertex 65.1271 -3.05317 12.3
    endloop
  endfacet
  facet normal -0 0 1
    outer loop
      vertex 63.9626 -0.792912 12.3
      vertex 65.1271 -3.05317 12.3
      vertex 64.2168 -0.637132 12.3
    endloop
  endfacet
  facet normal 0 0 1
    outer loop
      vertex 65.1271 -3.05317 12.3
      vertex 63.9626 -0.792912 12.3
      vertex 64.6693 -3.16306 12.3
    endloop
  endfacet
  facet normal 0 0 1
    outer loop
      vertex 64.6693 -3.16306 12.3
      vertex 63.9626 -0.792912 12.3
      vertex 64.2 -3.2 12.3
    endloop
  endfacet
  facet normal -0 0 1
    outer loop
      vertex 63.6871 -0.907007 12.3
      vertex 64.2 -3.2 12.3
      vertex 63.9626 -0.792912 12.3
    endloop
  endfacet
  facet normal -0 0 1
    outer loop
      vertex 63.3972 -0.976607 12.3
      vertex 64.2 -3.2 12.3
      vertex 63.6871 -0.907007 12.3
    endloop
  endfacet
  facet normal -0 0 1
    outer loop
      vertex 63.1 -1 12.3
      vertex 64.2 -3.2 12.3
      vertex 63.3972 -0.976607 12.3
    endloop
  endfacet
  facet normal -0 0 1
    outer loop
      vertex -3.1 -1 12.3
      vertex 64.2 -3.2 12.3
      vertex 63.1 -1 12.3
    endloop
  endfacet
  facet normal 0 0 1
    outer loop
      vertex -3.1 -1 12.3
      vertex -4.2 -3.2 12.3
      vertex 64.2 -3.2 12.3
    endloop
  endfacet
  facet normal 0 0 1
    outer loop
      vertex -3.39723 -0.976607 12.3
      vertex -4.2 -3.2 12.3
      vertex -3.1 -1 12.3
    endloop
  endfacet
  facet normal 0 0 1
    outer loop
      vertex -3.68713 -0.907007 12.3
      vertex -4.2 -3.2 12.3
      vertex -3.39723 -0.976607 12.3
    endloop
  endfacet
  facet normal 0 0 1
    outer loop
      vertex -3.96258 -0.792912 12.3
      vertex -4.2 -3.2 12.3
      vertex -3.68713 -0.907007 12.3
    endloop
  endfacet
  facet normal 0 0 1
    outer loop
      vertex -5.12705 -3.05317 12.3
      vertex -3.96258 -0.792912 12.3
      vertex -4.21679 -0.637132 12.3
    endloop
  endfacet
  facet normal 0 0 1
    outer loop
      vertex -5.96336 -2.62705 12.3
      vertex -4.21679 -0.637132 12.3
      vertex -4.4435 -0.443502 12.3
    endloop
  endfacet
  facet normal 0 0 1
    outer loop
      vertex -6.62705 -1.96336 12.3
      vertex -4.4435 -0.443502 12.3
      vertex -4.63713 -0.216791 12.3
    endloop
  endfacet
  facet normal 0 0 1
    outer loop
      vertex -3.96258 -0.792912 12.3
      vertex -4.6693 -3.16306 12.3
      vertex -4.2 -3.2 12.3
    endloop
  endfacet
  facet normal 0 0 1
    outer loop
      vertex -7.05317 -1.12705 12.3
      vertex -4.63713 -0.216791 12.3
      vertex -4.79291 0.0374174 12.3
    endloop
  endfacet
  facet normal 0 0 1
    outer loop
      vertex -7.2 -0.2 12.3
      vertex -4.79291 0.0374174 12.3
      vertex -4.90701 0.312867 12.3
    endloop
  endfacet
  facet normal 0 0 1
    outer loop
      vertex -7.2 -0.2 12.3
      vertex -4.90701 0.312867 12.3
      vertex -4.97661 0.602774 12.3
    endloop
  endfacet
  facet normal 0 0 1
    outer loop
      vertex -3.96258 -0.792912 12.3
      vertex -5.12705 -3.05317 12.3
      vertex -4.6693 -3.16306 12.3
    endloop
  endfacet
  facet normal 0 0 1
    outer loop
      vertex -7.2 -0.2 12.3
      vertex -4.97661 0.602774 12.3
      vertex -5 0.9 12.3
    endloop
  endfacet
  facet normal 0 0 1
    outer loop
      vertex -5 35.1 12.3
      vertex -7.2 36.2 12.3
      vertex -5 0.9 12.3
    endloop
  endfacet
  facet normal -0 0 1
    outer loop
      vertex -7.05317 37.1271 12.3
      vertex -4.63713 36.2168 12.3
      vertex -6.87302 37.562 12.3
    endloop
  endfacet
  facet normal 0 0 1
    outer loop
      vertex -7.2 -0.2 12.3
      vertex -5 0.9 12.3
      vertex -7.2 36.2 12.3
    endloop
  endfacet
  facet normal 0 0 1
    outer loop
      vertex -4.63713 36.2168 12.3
      vertex -7.05317 37.1271 12.3
      vertex -4.79291 35.9626 12.3
    endloop
  endfacet
  facet normal 0 0 1
    outer loop
      vertex -4.79291 0.0374174 12.3
      vertex -7.2 -0.2 12.3
      vertex -7.16306 -0.669303 12.3
    endloop
  endfacet
  facet normal -0 0 1
    outer loop
      vertex -7.16306 36.6693 12.3
      vertex -4.79291 35.9626 12.3
      vertex -7.05317 37.1271 12.3
    endloop
  endfacet
  facet normal 0 0 1
    outer loop
      vertex -4.21679 -0.637132 12.3
      vertex -5.56197 -2.87302 12.3
      vertex -5.12705 -3.05317 12.3
    endloop
  endfacet
  facet normal -0 0 1
    outer loop
      vertex -7.2 36.2 12.3
      vertex -4.79291 35.9626 12.3
      vertex -7.16306 36.6693 12.3
    endloop
  endfacet
  facet normal 0 0 1
    outer loop
      vertex -4.21679 -0.637132 12.3
      vertex -5.96336 -2.62705 12.3
      vertex -5.56197 -2.87302 12.3
    endloop
  endfacet
  facet normal 0 0 1
    outer loop
      vertex -4.79291 35.9626 12.3
      vertex -7.2 36.2 12.3
      vertex -4.90701 35.6871 12.3
    endloop
  endfacet
  facet normal 0 0 1
    outer loop
      vertex -4.4435 -0.443502 12.3
      vertex -6.32132 -2.32132 12.3
      vertex -5.96336 -2.62705 12.3
    endloop
  endfacet
  facet normal 0 0 1
    outer loop
      vertex -4.90701 35.6871 12.3
      vertex -7.2 36.2 12.3
      vertex -4.97661 35.3972 12.3
    endloop
  endfacet
  facet normal 0 0 1
    outer loop
      vertex -4.4435 -0.443502 12.3
      vertex -6.62705 -1.96336 12.3
      vertex -6.32132 -2.32132 12.3
    endloop
  endfacet
  facet normal 0 0 1
    outer loop
      vertex -4.97661 35.3972 12.3
      vertex -7.2 36.2 12.3
      vertex -5 35.1 12.3
    endloop
  endfacet
  facet normal 0 0 1
    outer loop
      vertex -4.63713 -0.216791 12.3
      vertex -6.87302 -1.56197 12.3
      vertex -6.62705 -1.96336 12.3
    endloop
  endfacet
  facet normal 0 0 1
    outer loop
      vertex -4.63713 -0.216791 12.3
      vertex -7.05317 -1.12705 12.3
      vertex -6.87302 -1.56197 12.3
    endloop
  endfacet
  facet normal 0 0 1
    outer loop
      vertex -4.79291 0.0374174 12.3
      vertex -7.16306 -0.669303 12.3
      vertex -7.05317 -1.12705 12.3
    endloop
  endfacet
  facet normal -0.649538 0.760329 0
    outer loop
      vertex -5.96336 38.6271 0
      vertex -6.32132 38.3213 12.3
      vertex -5.96336 38.6271 12.3
    endloop
  endfacet
  facet normal -0.649538 0.760329 0
    outer loop
      vertex -6.32132 38.3213 12.3
      vertex -5.96336 38.6271 0
      vertex -6.32132 38.3213 0
    endloop
  endfacet
  facet normal -0.522387 0.852708 0
    outer loop
      vertex -5.56197 38.873 0
      vertex -5.96336 38.6271 12.3
      vertex -5.56197 38.873 12.3
    endloop
  endfacet
  facet normal -0.522387 0.852708 0
    outer loop
      vertex -5.96336 38.6271 12.3
      vertex -5.56197 38.873 0
      vertex -5.96336 38.6271 0
    endloop
  endfacet
  facet normal -0.382684 -0.923879 0
    outer loop
      vertex -5.56197 -2.87302 0
      vertex -5.12705 -3.05317 12.3
      vertex -5.56197 -2.87302 12.3
    endloop
  endfacet
  facet normal -0.382684 -0.923879 -0
    outer loop
      vertex -5.12705 -3.05317 12.3
      vertex -5.56197 -2.87302 0
      vertex -5.12705 -3.05317 0
    endloop
  endfacet
  facet normal 0.972374 0.233429 0
    outer loop
      vertex 67.1631 36.6693 12.3
      vertex 67.0532 37.1271 0
      vertex 67.0532 37.1271 12.3
    endloop
  endfacet
  facet normal 0.972374 0.233429 0
    outer loop
      vertex 67.0532 37.1271 0
      vertex 67.1631 36.6693 12.3
      vertex 67.1631 36.6693 0
    endloop
  endfacet
  facet normal -0.382775 0.923842 0
    outer loop
      vertex -5.12705 39.0532 0
      vertex -5.56197 38.873 12.3
      vertex -5.12705 39.0532 12.3
    endloop
  endfacet
  facet normal -0.382775 0.923842 0
    outer loop
      vertex -5.56197 38.873 12.3
      vertex -5.12705 39.0532 0
      vertex -5.56197 38.873 0
    endloop
  endfacet
  facet normal -0.923873 0.382699 0
    outer loop
      vertex -7.05317 37.1271 0
      vertex -6.87302 37.562 12.3
      vertex -6.87302 37.562 0
    endloop
  endfacet
  facet normal -0.923873 0.382699 0
    outer loop
      vertex -6.87302 37.562 12.3
      vertex -7.05317 37.1271 0
      vertex -7.05317 37.1271 12.3
    endloop
  endfacet
  facet normal -0.233453 0.972368 0
    outer loop
      vertex -4.6693 39.1631 0
      vertex -5.12705 39.0532 12.3
      vertex -4.6693 39.1631 12.3
    endloop
  endfacet
  facet normal -0.233453 0.972368 0
    outer loop
      vertex -5.12705 39.0532 12.3
      vertex -4.6693 39.1631 0
      vertex -5.12705 39.0532 0
    endloop
  endfacet
  facet normal -0.996916 -0.0784698 0
    outer loop
      vertex -7.16306 -0.669303 0
      vertex -7.2 -0.2 12.3
      vertex -7.2 -0.2 0
    endloop
  endfacet
  facet normal -0.996916 -0.0784698 0
    outer loop
      vertex -7.2 -0.2 12.3
      vertex -7.16306 -0.669303 0
      vertex -7.16306 -0.669303 12.3
    endloop
  endfacet
  facet normal -0.972372 -0.233435 0
    outer loop
      vertex -7.05317 -1.12705 0
      vertex -7.16306 -0.669303 12.3
      vertex -7.16306 -0.669303 0
    endloop
  endfacet
  facet normal -0.972372 -0.233435 0
    outer loop
      vertex -7.16306 -0.669303 12.3
      vertex -7.05317 -1.12705 0
      vertex -7.05317 -1.12705 12.3
    endloop
  endfacet
  facet normal -0.852642 -0.522495 0
    outer loop
      vertex -6.62705 -1.96336 0
      vertex -6.87302 -1.56197 12.3
      vertex -6.87302 -1.56197 0
    endloop
  endfacet
  facet normal -0.852642 -0.522495 0
    outer loop
      vertex -6.87302 -1.56197 12.3
      vertex -6.62705 -1.96336 0
      vertex -6.62705 -1.96336 12.3
    endloop
  endfacet
  facet normal -0.649452 -0.760403 0
    outer loop
      vertex -6.32132 -2.32132 0
      vertex -5.96336 -2.62705 12.3
      vertex -6.32132 -2.32132 12.3
    endloop
  endfacet
  facet normal -0.649452 -0.760403 -0
    outer loop
      vertex -5.96336 -2.62705 12.3
      vertex -6.32132 -2.32132 0
      vertex -5.96336 -2.62705 0
    endloop
  endfacet
  facet normal 0.923836 0.38279 0
    outer loop
      vertex 67.0532 37.1271 12.3
      vertex 66.873 37.562 0
      vertex 66.873 37.562 12.3
    endloop
  endfacet
  facet normal 0.923836 0.38279 0
    outer loop
      vertex 66.873 37.562 0
      vertex 67.0532 37.1271 12.3
      vertex 67.0532 37.1271 0
    endloop
  endfacet
  facet normal 0.76039 -0.649467 0
    outer loop
      vertex -4.63713 36.2168 12.3
      vertex -4.4435 36.4435 2.2
      vertex -4.4435 36.4435 12.3
    endloop
  endfacet
  facet normal 0.76039 -0.649467 0
    outer loop
      vertex -4.4435 36.4435 2.2
      vertex -4.63713 36.2168 12.3
      vertex -4.63713 36.2168 2.2
    endloop
  endfacet
  facet normal 0.760405 0.649449 0
    outer loop
      vertex -4.4435 -0.443502 12.3
      vertex -4.63713 -0.216791 2.2
      vertex -4.63713 -0.216791 12.3
    endloop
  endfacet
  facet normal 0.760405 0.649449 0
    outer loop
      vertex -4.63713 -0.216791 2.2
      vertex -4.4435 -0.443502 12.3
      vertex -4.4435 -0.443502 2.2
    endloop
  endfacet
  facet normal -0.382638 -0.923898 0
    outer loop
      vertex 63.6871 36.907 2.2
      vertex 63.9626 36.7929 12.3
      vertex 63.6871 36.907 12.3
    endloop
  endfacet
  facet normal -0.382638 -0.923898 -0
    outer loop
      vertex 63.9626 36.7929 12.3
      vertex 63.6871 36.907 2.2
      vertex 63.9626 36.7929 2.2
    endloop
  endfacet
  facet normal -0.233449 0.972369 0
    outer loop
      vertex 63.6871 -0.907007 2.2
      vertex 63.3972 -0.976607 12.3
      vertex 63.6871 -0.907007 12.3
    endloop
  endfacet
  facet normal -0.233449 0.972369 0
    outer loop
      vertex 63.3972 -0.976607 12.3
      vertex 63.6871 -0.907007 2.2
      vertex 63.3972 -0.976607 2.2
    endloop
  endfacet
  facet normal 0.97237 0.233444 0
    outer loop
      vertex -4.90701 0.312867 12.3
      vertex -4.97661 0.602774 2.2
      vertex -4.97661 0.602774 12.3
    endloop
  endfacet
  facet normal 0.97237 0.233444 0
    outer loop
      vertex -4.97661 0.602774 2.2
      vertex -4.90701 0.312867 12.3
      vertex -4.90701 0.312867 2.2
    endloop
  endfacet
  facet normal 0.382683 0.92388 -0
    outer loop
      vertex -3.68713 -0.907007 2.2
      vertex -3.96258 -0.792912 12.3
      vertex -3.68713 -0.907007 12.3
    endloop
  endfacet
  facet normal 0.382683 0.92388 0
    outer loop
      vertex -3.96258 -0.792912 12.3
      vertex -3.68713 -0.907007 2.2
      vertex -3.96258 -0.792912 2.2
    endloop
  endfacet
  facet normal 0.649451 0.760404 -0
    outer loop
      vertex -4.21679 -0.637132 2.2
      vertex -4.4435 -0.443502 12.3
      vertex -4.21679 -0.637132 12.3
    endloop
  endfacet
  facet normal 0.649451 0.760404 0
    outer loop
      vertex -4.4435 -0.443502 12.3
      vertex -4.21679 -0.637132 2.2
      vertex -4.4435 -0.443502 2.2
    endloop
  endfacet
  facet normal 0.233449 -0.972369 0
    outer loop
      vertex -3.68713 36.907 2.2
      vertex -3.39723 36.9766 12.3
      vertex -3.68713 36.907 12.3
    endloop
  endfacet
  facet normal 0.233449 -0.972369 0
    outer loop
      vertex -3.39723 36.9766 12.3
      vertex -3.68713 36.907 2.2
      vertex -3.39723 36.9766 2.2
    endloop
  endfacet
  facet normal 0 0 1
    outer loop
      vertex 63.1 37 2.2
      vertex 65 35.1 2.2
      vertex 64.9766 35.3972 2.2
    endloop
  endfacet
  facet normal 0 0 1
    outer loop
      vertex 63.1 37 2.2
      vertex 64.9766 35.3972 2.2
      vertex 64.907 35.6871 2.2
    endloop
  endfacet
  facet normal 0 0 1
    outer loop
      vertex 63.1 37 2.2
      vertex 64.907 35.6871 2.2
      vertex 64.7929 35.9626 2.2
    endloop
  endfacet
  facet normal 0 0 1
    outer loop
      vertex 63.1 37 2.2
      vertex 64.7929 35.9626 2.2
      vertex 64.6371 36.2168 2.2
    endloop
  endfacet
  facet normal 0 0 1
    outer loop
      vertex 63.1 37 2.2
      vertex 64.6371 36.2168 2.2
      vertex 64.4435 36.4435 2.2
    endloop
  endfacet
  facet normal 0 0 1
    outer loop
      vertex 63.1 37 2.2
      vertex 64.4435 36.4435 2.2
      vertex 64.2168 36.6371 2.2
    endloop
  endfacet
  facet normal 0 0 1
    outer loop
      vertex 63.1 37 2.2
      vertex 64.2168 36.6371 2.2
      vertex 63.9626 36.7929 2.2
    endloop
  endfacet
  facet normal 0 0 1
    outer loop
      vertex 63.1 37 2.2
      vertex 63.9626 36.7929 2.2
      vertex 63.6871 36.907 2.2
    endloop
  endfacet
  facet normal 0 0 1
    outer loop
      vertex 63.1 37 2.2
      vertex 63.6871 36.907 2.2
      vertex 63.3972 36.9766 2.2
    endloop
  endfacet
  facet normal 0 0 1
    outer loop
      vertex 65 35.1 2.2
      vertex 63.1 37 2.2
      vertex 62 24.5 2.2
    endloop
  endfacet
  facet normal 0 0 1
    outer loop
      vertex 65 35.1 2.2
      vertex 62 24.5 2.2
      vertex 65 24.5 2.2
    endloop
  endfacet
  facet normal 0 0 1
    outer loop
      vertex 62 24.5 2.2
      vertex 47 30 2.2
      vertex 62 12.5 2.2
    endloop
  endfacet
  facet normal 0 0 1
    outer loop
      vertex 63.1 37 2.2
      vertex 47 30 2.2
      vertex 62 24.5 2.2
    endloop
  endfacet
  facet normal 0 0 1
    outer loop
      vertex 63.1 37 2.2
      vertex 44 30 2.2
      vertex 47 30 2.2
    endloop
  endfacet
  facet normal 0 0 1
    outer loop
      vertex 44 30 2.2
      vertex 37 30 2.2
      vertex 44 6 2.2
    endloop
  endfacet
  facet normal 0 0 1
    outer loop
      vertex 63.1 37 2.2
      vertex 37 30 2.2
      vertex 44 30 2.2
    endloop
  endfacet
  facet normal 0 0 1
    outer loop
      vertex 63.1 37 2.2
      vertex 34 30 2.2
      vertex 37 30 2.2
    endloop
  endfacet
  facet normal 0 0 1
    outer loop
      vertex 34 30 2.2
      vertex 27 30 2.2
      vertex 34 6 2.2
    endloop
  endfacet
  facet normal 0 0 1
    outer loop
      vertex 63.1 37 2.2
      vertex 27 30 2.2
      vertex 34 30 2.2
    endloop
  endfacet
  facet normal -0 0 1
    outer loop
      vertex -3.1 37 2.2
      vertex 27 30 2.2
      vertex 63.1 37 2.2
    endloop
  endfacet
  facet normal 0 0 1
    outer loop
      vertex 24 30 2.2
      vertex 17 30 2.2
      vertex 24 6 2.2
    endloop
  endfacet
  facet normal 0 0 1
    outer loop
      vertex 27 30 2.2
      vertex -3.1 37 2.2
      vertex 24 30 2.2
    endloop
  endfacet
  facet normal 0 0 1
    outer loop
      vertex 24 30 2.2
      vertex -3.1 37 2.2
      vertex 17 30 2.2
    endloop
  endfacet
  facet normal -0 0 1
    outer loop
      vertex -5 35.1 2.2
      vertex 14 30 2.2
      vertex -3.1 37 2.2
    endloop
  endfacet
  facet normal 0 0 1
    outer loop
      vertex 17 30 2.2
      vertex -3.1 37 2.2
      vertex 14 30 2.2
    endloop
  endfacet
  facet normal -0 0 1
    outer loop
      vertex 62 12.5 2.2
      vertex 65 0.9 2.2
      vertex 65 12.5 2.2
    endloop
  endfacet
  facet normal 0 -0 1
    outer loop
      vertex 63.1 -1 2.2
      vertex 65 0.9 2.2
      vertex 62 12.5 2.2
    endloop
  endfacet
  facet normal 0 0 1
    outer loop
      vertex 65 0.9 2.2
      vertex 63.1 -1 2.2
      vertex 64.9766 0.602774 2.2
    endloop
  endfacet
  facet normal 0 0 1
    outer loop
      vertex 64.9766 0.602774 2.2
      vertex 63.1 -1 2.2
      vertex 64.907 0.312867 2.2
    endloop
  endfacet
  facet normal 0 0 1
    outer loop
      vertex 64.907 0.312867 2.2
      vertex 63.1 -1 2.2
      vertex 64.7929 0.0374174 2.2
    endloop
  endfacet
  facet normal 0 0 1
    outer loop
      vertex 64.7929 0.0374174 2.2
      vertex 63.1 -1 2.2
      vertex 64.6371 -0.216791 2.2
    endloop
  endfacet
  facet normal 0 0 1
    outer loop
      vertex 64.6371 -0.216791 2.2
      vertex 63.1 -1 2.2
      vertex 64.4435 -0.443502 2.2
    endloop
  endfacet
  facet normal 0 0 1
    outer loop
      vertex 64.4435 -0.443502 2.2
      vertex 63.1 -1 2.2
      vertex 64.2168 -0.637132 2.2
    endloop
  endfacet
  facet normal 0 0 1
    outer loop
      vertex 64.2168 -0.637132 2.2
      vertex 63.1 -1 2.2
      vertex 63.9626 -0.792912 2.2
    endloop
  endfacet
  facet normal 0 0 1
    outer loop
      vertex 63.9626 -0.792912 2.2
      vertex 63.1 -1 2.2
      vertex 63.6871 -0.907007 2.2
    endloop
  endfacet
  facet normal 0 0 1
    outer loop
      vertex 63.6871 -0.907007 2.2
      vertex 63.1 -1 2.2
      vertex 63.3972 -0.976607 2.2
    endloop
  endfacet
  facet normal 0 0 1
    outer loop
      vertex 47 6 2.2
      vertex 62 12.5 2.2
      vertex 47 30 2.2
    endloop
  endfacet
  facet normal 0 0 1
    outer loop
      vertex 62 12.5 2.2
      vertex 47 6 2.2
      vertex 63.1 -1 2.2
    endloop
  endfacet
  facet normal -0 0 1
    outer loop
      vertex 44 6 2.2
      vertex 63.1 -1 2.2
      vertex 47 6 2.2
    endloop
  endfacet
  facet normal 0 0 1
    outer loop
      vertex 37 6 2.2
      vertex 44 6 2.2
      vertex 37 30 2.2
    endloop
  endfacet
  facet normal -0 0 1
    outer loop
      vertex 37 6 2.2
      vertex 63.1 -1 2.2
      vertex 44 6 2.2
    endloop
  endfacet
  facet normal -0 0 1
    outer loop
      vertex 34 6 2.2
      vertex 63.1 -1 2.2
      vertex 37 6 2.2
    endloop
  endfacet
  facet normal 0 0 1
    outer loop
      vertex 27 6 2.2
      vertex 34 6 2.2
      vertex 27 30 2.2
    endloop
  endfacet
  facet normal -0 0 1
    outer loop
      vertex 27 6 2.2
      vertex 63.1 -1 2.2
      vertex 34 6 2.2
    endloop
  endfacet
  facet normal 0 0 1
    outer loop
      vertex -3.1 -1 2.2
      vertex 27 6 2.2
      vertex 24 6 2.2
    endloop
  endfacet
  facet normal 0 0 1
    outer loop
      vertex 17 6 2.2
      vertex 24 6 2.2
      vertex 17 30 2.2
    endloop
  endfacet
  facet normal 0 0 1
    outer loop
      vertex -3.1 -1 2.2
      vertex 24 6 2.2
      vertex 17 6 2.2
    endloop
  endfacet
  facet normal 0 0 1
    outer loop
      vertex -3.1 -1 2.2
      vertex 17 6 2.2
      vertex 14 6 2.2
    endloop
  endfacet
  facet normal 0 0 1
    outer loop
      vertex 27 6 2.2
      vertex -3.1 -1 2.2
      vertex 63.1 -1 2.2
    endloop
  endfacet
  facet normal 0 0 1
    outer loop
      vertex 14 30 2.2
      vertex -5 35.1 2.2
      vertex 14 6 2.2
    endloop
  endfacet
  facet normal 0 0 1
    outer loop
      vertex -5 35.1 2.2
      vertex -3.1 37 2.2
      vertex -3.39723 36.9766 2.2
    endloop
  endfacet
  facet normal 0 0 1
    outer loop
      vertex -5 0.9 2.2
      vertex 14 6 2.2
      vertex -5 35.1 2.2
    endloop
  endfacet
  facet normal 0 0 1
    outer loop
      vertex -5 35.1 2.2
      vertex -3.39723 36.9766 2.2
      vertex -3.68713 36.907 2.2
    endloop
  endfacet
  facet normal 0 0 1
    outer loop
      vertex 14 6 2.2
      vertex -5 0.9 2.2
      vertex -3.1 -1 2.2
    endloop
  endfacet
  facet normal 0 0 1
    outer loop
      vertex -5 35.1 2.2
      vertex -3.68713 36.907 2.2
      vertex -3.96258 36.7929 2.2
    endloop
  endfacet
  facet normal 0 0 1
    outer loop
      vertex -3.1 -1 2.2
      vertex -5 0.9 2.2
      vertex -3.39723 -0.976607 2.2
    endloop
  endfacet
  facet normal 0 0 1
    outer loop
      vertex -5 35.1 2.2
      vertex -3.96258 36.7929 2.2
      vertex -4.21679 36.6371 2.2
    endloop
  endfacet
  facet normal 0 0 1
    outer loop
      vertex -3.39723 -0.976607 2.2
      vertex -5 0.9 2.2
      vertex -3.68713 -0.907007 2.2
    endloop
  endfacet
  facet normal 0 0 1
    outer loop
      vertex -5 35.1 2.2
      vertex -4.21679 36.6371 2.2
      vertex -4.4435 36.4435 2.2
    endloop
  endfacet
  facet normal 0 0 1
    outer loop
      vertex -3.68713 -0.907007 2.2
      vertex -5 0.9 2.2
      vertex -3.96258 -0.792912 2.2
    endloop
  endfacet
  facet normal 0 0 1
    outer loop
      vertex -5 35.1 2.2
      vertex -4.4435 36.4435 2.2
      vertex -4.63713 36.2168 2.2
    endloop
  endfacet
  facet normal 0 0 1
    outer loop
      vertex -3.96258 -0.792912 2.2
      vertex -5 0.9 2.2
      vertex -4.21679 -0.637132 2.2
    endloop
  endfacet
  facet normal 0 0 1
    outer loop
      vertex -5 35.1 2.2
      vertex -4.63713 36.2168 2.2
      vertex -4.79291 35.9626 2.2
    endloop
  endfacet
  facet normal 0 0 1
    outer loop
      vertex -4.21679 -0.637132 2.2
      vertex -5 0.9 2.2
      vertex -4.4435 -0.443502 2.2
    endloop
  endfacet
  facet normal 0 0 1
    outer loop
      vertex -5 35.1 2.2
      vertex -4.79291 35.9626 2.2
      vertex -4.90701 35.6871 2.2
    endloop
  endfacet
  facet normal 0 0 1
    outer loop
      vertex -4.4435 -0.443502 2.2
      vertex -5 0.9 2.2
      vertex -4.63713 -0.216791 2.2
    endloop
  endfacet
  facet normal 0 0 1
    outer loop
      vertex -5 35.1 2.2
      vertex -4.90701 35.6871 2.2
      vertex -4.97661 35.3972 2.2
    endloop
  endfacet
  facet normal 0 0 1
    outer loop
      vertex -4.63713 -0.216791 2.2
      vertex -5 0.9 2.2
      vertex -4.79291 0.0374174 2.2
    endloop
  endfacet
  facet normal 0 0 1
    outer loop
      vertex -4.79291 0.0374174 2.2
      vertex -5 0.9 2.2
      vertex -4.90701 0.312867 2.2
    endloop
  endfacet
  facet normal 0 0 1
    outer loop
      vertex -4.90701 0.312867 2.2
      vertex -5 0.9 2.2
      vertex -4.97661 0.602774 2.2
    endloop
  endfacet
  facet normal 0.233449 0.972369 -0
    outer loop
      vertex -3.39723 -0.976607 2.2
      vertex -3.68713 -0.907007 12.3
      vertex -3.39723 -0.976607 12.3
    endloop
  endfacet
  facet normal 0.233449 0.972369 0
    outer loop
      vertex -3.68713 -0.907007 12.3
      vertex -3.39723 -0.976607 2.2
      vertex -3.68713 -0.907007 2.2
    endloop
  endfacet
  facet normal 1 -0 0
    outer loop
      vertex -5 0.9 12.3
      vertex -5 35.1 2.2
      vertex -5 35.1 12.3
    endloop
  endfacet
  facet normal 1 0 0
    outer loop
      vertex -5 35.1 2.2
      vertex -5 0.9 12.3
      vertex -5 0.9 2.2
    endloop
  endfacet
  facet normal 0.382697 -0.923874 0
    outer loop
      vertex -3.96258 36.7929 2.2
      vertex -3.68713 36.907 12.3
      vertex -3.96258 36.7929 12.3
    endloop
  endfacet
  facet normal 0.382697 -0.923874 0
    outer loop
      vertex -3.68713 36.907 12.3
      vertex -3.96258 36.7929 2.2
      vertex -3.68713 36.907 2.2
    endloop
  endfacet
  facet normal -0.0784686 0.996917 0
    outer loop
      vertex 63.3972 -0.976607 2.2
      vertex 63.1 -1 12.3
      vertex 63.3972 -0.976607 12.3
    endloop
  endfacet
  facet normal -0.0784686 0.996917 0
    outer loop
      vertex 63.1 -1 12.3
      vertex 63.3972 -0.976607 2.2
      vertex 63.1 -1 2.2
    endloop
  endfacet
  facet normal 0 1 -0
    outer loop
      vertex 59.0554 -1 2.2
      vertex 4.94461 -1 10.7
      vertex 59.0554 -1 10.7
    endloop
  endfacet
  facet normal 0 1 0
    outer loop
      vertex 4.94461 -1 10.7
      vertex 59.0554 -1 2.2
      vertex 4.94461 -1 2.2
    endloop
  endfacet
  facet normal 0 1 0
    outer loop
      vertex 59.0554 -1 10.7
      vertex 63.1 -1 12.3
      vertex 62.9446 -1 10.7
    endloop
  endfacet
  facet normal 0 1 -0
    outer loop
      vertex 63.1 -1 2.2
      vertex 62.9446 -1 10.7
      vertex 63.1 -1 12.3
    endloop
  endfacet
  facet normal 0 0 0
    outer loop
      vertex 62.9446 -1 2.2
      vertex 4.94461 -1 2.2
      vertex 59.0554 -1 2.2
    endloop
  endfacet
  facet normal 0 0 0
    outer loop
      vertex 62.9446 -1 2.2
      vertex 1.05539 -1 2.2
      vertex 4.94461 -1 2.2
    endloop
  endfacet
  facet normal 0 -0 0
    outer loop
      vertex 62.9446 -1 2.2
      vertex 63.1 -1 2.2
      vertex 1.05539 -1 2.2
    endloop
  endfacet
  facet normal 0 1 0
    outer loop
      vertex 62.9446 -1 10.7
      vertex 63.1 -1 2.2
      vertex 62.9446 -1 2.2
    endloop
  endfacet
  facet normal 0 1 0
    outer loop
      vertex 4.94461 -1 10.7
      vertex 63.1 -1 12.3
      vertex 59.0554 -1 10.7
    endloop
  endfacet
  facet normal 0 1 0
    outer loop
      vertex 63.1 -1 12.3
      vertex 4.94461 -1 10.7
      vertex -3.1 -1 12.3
    endloop
  endfacet
  facet normal 0 1 -0
    outer loop
      vertex 1.05539 -1 10.7
      vertex -3.1 -1 12.3
      vertex 4.94461 -1 10.7
    endloop
  endfacet
  facet normal 0 1 0
    outer loop
      vertex -3.1 -1 2.2
      vertex 1.05539 -1 10.7
      vertex 1.05539 -1 2.2
    endloop
  endfacet
  facet normal 0 1 0
    outer loop
      vertex 1.05539 -1 10.7
      vertex -3.1 -1 2.2
      vertex -3.1 -1 12.3
    endloop
  endfacet
  facet normal 0 0 0
    outer loop
      vertex -3.1 -1 2.2
      vertex 1.05539 -1 2.2
      vertex 63.1 -1 2.2
    endloop
  endfacet
  facet normal 0 -1 0
    outer loop
      vertex 4.94461 37 2.2
      vertex 59.0554 37 10.7
      vertex 4.94461 37 10.7
    endloop
  endfacet
  facet normal 0 -1 -0
    outer loop
      vertex 59.0554 37 10.7
      vertex 4.94461 37 2.2
      vertex 59.0554 37 2.2
    endloop
  endfacet
  facet normal 0 -1 0
    outer loop
      vertex 4.94461 37 10.7
      vertex -3.1 37 12.3
      vertex 1.05539 37 10.7
    endloop
  endfacet
  facet normal 0 -1 0
    outer loop
      vertex -3.1 37 2.2
      vertex 1.05539 37 10.7
      vertex -3.1 37 12.3
    endloop
  endfacet
  facet normal 0 0 0
    outer loop
      vertex 1.05539 37 2.2
      vertex 59.0554 37 2.2
      vertex 4.94461 37 2.2
    endloop
  endfacet
  facet normal 0 0 0
    outer loop
      vertex 1.05539 37 2.2
      vertex 62.9446 37 2.2
      vertex 59.0554 37 2.2
    endloop
  endfacet
  facet normal 0 0 -0
    outer loop
      vertex 1.05539 37 2.2
      vertex -3.1 37 2.2
      vertex 62.9446 37 2.2
    endloop
  endfacet
  facet normal 0 -1 -0
    outer loop
      vertex 1.05539 37 10.7
      vertex -3.1 37 2.2
      vertex 1.05539 37 2.2
    endloop
  endfacet
  facet normal 0 -1 0
    outer loop
      vertex -3.1 37 12.3
      vertex 4.94461 37 10.7
      vertex 63.1 37 12.3
    endloop
  endfacet
  facet normal 0 -1 0
    outer loop
      vertex 59.0554 37 10.7
      vertex 63.1 37 12.3
      vertex 4.94461 37 10.7
    endloop
  endfacet
  facet normal 0 -1 0
    outer loop
      vertex 62.9446 37 10.7
      vertex 63.1 37 12.3
      vertex 59.0554 37 10.7
    endloop
  endfacet
  facet normal 0 -1 0
    outer loop
      vertex 63.1 37 2.2
      vertex 62.9446 37 10.7
      vertex 62.9446 37 2.2
    endloop
  endfacet
  facet normal 0 -1 0
    outer loop
      vertex 62.9446 37 10.7
      vertex 63.1 37 2.2
      vertex 63.1 37 12.3
    endloop
  endfacet
  facet normal 0 0 0
    outer loop
      vertex 63.1 37 2.2
      vertex 62.9446 37 2.2
      vertex -3.1 37 2.2
    endloop
  endfacet
  facet normal 0.0784607 0.996917 -0
    outer loop
      vertex -3.1 -1 2.2
      vertex -3.39723 -0.976607 12.3
      vertex -3.1 -1 12.3
    endloop
  endfacet
  facet normal 0.0784607 0.996917 0
    outer loop
      vertex -3.39723 -0.976607 12.3
      vertex -3.1 -1 2.2
      vertex -3.39723 -0.976607 2.2
    endloop
  endfacet
  facet normal 0.522547 -0.85261 0
    outer loop
      vertex -4.21679 36.6371 2.2
      vertex -3.96258 36.7929 12.3
      vertex -4.21679 36.6371 12.3
    endloop
  endfacet
  facet normal 0.522547 -0.85261 0
    outer loop
      vertex -3.96258 36.7929 12.3
      vertex -4.21679 36.6371 2.2
      vertex -3.96258 36.7929 2.2
    endloop
  endfacet
  facet normal 0.923874 0.382698 0
    outer loop
      vertex -4.79291 0.0374174 12.3
      vertex -4.90701 0.312867 2.2
      vertex -4.90701 0.312867 12.3
    endloop
  endfacet
  facet normal 0.923874 0.382698 0
    outer loop
      vertex -4.90701 0.312867 2.2
      vertex -4.79291 0.0374174 12.3
      vertex -4.79291 0.0374174 2.2
    endloop
  endfacet
  facet normal -0.760439 -0.649409 0
    outer loop
      vertex 64.6371 36.2168 2.2
      vertex 64.4435 36.4435 12.3
      vertex 64.4435 36.4435 2.2
    endloop
  endfacet
  facet normal -0.760439 -0.649409 0
    outer loop
      vertex 64.4435 36.4435 12.3
      vertex 64.6371 36.2168 2.2
      vertex 64.6371 36.2168 12.3
    endloop
  endfacet
  facet normal 0.522498 0.85264 -0
    outer loop
      vertex -3.96258 -0.792912 2.2
      vertex -4.21679 -0.637132 12.3
      vertex -3.96258 -0.792912 12.3
    endloop
  endfacet
  facet normal 0.522498 0.85264 0
    outer loop
      vertex -4.21679 -0.637132 12.3
      vertex -3.96258 -0.792912 2.2
      vertex -4.21679 -0.637132 2.2
    endloop
  endfacet
  facet normal -0.923898 -0.382638 0
    outer loop
      vertex 64.907 35.6871 2.2
      vertex 64.7929 35.9626 12.3
      vertex 64.7929 35.9626 2.2
    endloop
  endfacet
  facet normal -0.923898 -0.382638 0
    outer loop
      vertex 64.7929 35.9626 12.3
      vertex 64.907 35.6871 2.2
      vertex 64.907 35.6871 12.3
    endloop
  endfacet
  facet normal 0.852639 0.522501 0
    outer loop
      vertex -4.63713 -0.216791 12.3
      vertex -4.79291 0.0374174 2.2
      vertex -4.79291 0.0374174 12.3
    endloop
  endfacet
  facet normal 0.852639 0.522501 0
    outer loop
      vertex -4.79291 0.0374174 2.2
      vertex -4.63713 -0.216791 12.3
      vertex -4.63713 -0.216791 2.2
    endloop
  endfacet
  facet normal 0.0784841 -0.996915 0
    outer loop
      vertex -3.39723 36.9766 2.2
      vertex -3.1 37 12.3
      vertex -3.39723 36.9766 12.3
    endloop
  endfacet
  facet normal 0.0784841 -0.996915 0
    outer loop
      vertex -3.1 37 12.3
      vertex -3.39723 36.9766 2.2
      vertex -3.1 37 2.2
    endloop
  endfacet
  facet normal -0.382624 0.923904 0
    outer loop
      vertex 63.9626 -0.792912 2.2
      vertex 63.6871 -0.907007 12.3
      vertex 63.9626 -0.792912 12.3
    endloop
  endfacet
  facet normal -0.382624 0.923904 0
    outer loop
      vertex 63.6871 -0.907007 12.3
      vertex 63.9626 -0.792912 2.2
      vertex 63.6871 -0.907007 2.2
    endloop
  endfacet
  facet normal -0.0784919 -0.996915 0
    outer loop
      vertex 63.1 37 2.2
      vertex 63.3972 36.9766 12.3
      vertex 63.1 37 12.3
    endloop
  endfacet
  facet normal -0.0784919 -0.996915 -0
    outer loop
      vertex 63.3972 36.9766 12.3
      vertex 63.1 37 2.2
      vertex 63.3972 36.9766 2.2
    endloop
  endfacet
  facet normal -1 0 0
    outer loop
      vertex 65 35.1 2.2
      vertex 65 26 3.2
      vertex 65 35.1 12.3
    endloop
  endfacet
  facet normal -1 0 0
    outer loop
      vertex 65 24.5 2.2
      vertex 65 26 3.2
      vertex 65 35.1 2.2
    endloop
  endfacet
  facet normal -1 -0 0
    outer loop
      vertex 65 26 3.2
      vertex 65 24.5 2.2
      vertex 65 24.5 3.2
    endloop
  endfacet
  facet normal -1 -0 0
    outer loop
      vertex 65 35.1 12.3
      vertex 65 26 3.2
      vertex 65 26 12.3
    endloop
  endfacet
  facet normal -1 0 0
    outer loop
      vertex 65 12.5 2.2
      vertex 65 11 3.2
      vertex 65 12.5 3.2
    endloop
  endfacet
  facet normal -1 0 0
    outer loop
      vertex 65 0.9 2.2
      vertex 65 11 3.2
      vertex 65 12.5 2.2
    endloop
  endfacet
  facet normal -1 0 0
    outer loop
      vertex 65 0.9 12.3
      vertex 65 11 3.2
      vertex 65 0.9 2.2
    endloop
  endfacet
  facet normal -1 0 0
    outer loop
      vertex 65 11 3.2
      vertex 65 0.9 12.3
      vertex 65 11 12.3
    endloop
  endfacet
  facet normal 0.972369 -0.233449 0
    outer loop
      vertex -4.97661 35.3972 12.3
      vertex -4.90701 35.6871 2.2
      vertex -4.90701 35.6871 12.3
    endloop
  endfacet
  facet normal 0.972369 -0.233449 0
    outer loop
      vertex -4.90701 35.6871 2.2
      vertex -4.97661 35.3972 12.3
      vertex -4.97661 35.3972 2.2
    endloop
  endfacet
  facet normal 0.852631 -0.522513 0
    outer loop
      vertex -4.79291 35.9626 12.3
      vertex -4.63713 36.2168 2.2
      vertex -4.63713 36.2168 12.3
    endloop
  endfacet
  facet normal 0.852631 -0.522513 0
    outer loop
      vertex -4.63713 36.2168 2.2
      vertex -4.79291 35.9626 12.3
      vertex -4.79291 35.9626 2.2
    endloop
  endfacet
  facet normal -0.97237 0.233444 0
    outer loop
      vertex 64.907 0.312867 2.2
      vertex 64.9766 0.602774 12.3
      vertex 64.9766 0.602774 2.2
    endloop
  endfacet
  facet normal -0.97237 0.233444 0
    outer loop
      vertex 64.9766 0.602774 12.3
      vertex 64.907 0.312867 2.2
      vertex 64.907 0.312867 12.3
    endloop
  endfacet
  facet normal -0.923874 0.382698 0
    outer loop
      vertex 64.7929 0.0374174 2.2
      vertex 64.907 0.312867 12.3
      vertex 64.907 0.312867 2.2
    endloop
  endfacet
  facet normal -0.923874 0.382698 0
    outer loop
      vertex 64.907 0.312867 12.3
      vertex 64.7929 0.0374174 2.2
      vertex 64.7929 0.0374174 12.3
    endloop
  endfacet
  facet normal -0.996915 -0.0784919 0
    outer loop
      vertex 65 35.1 2.2
      vertex 64.9766 35.3972 12.3
      vertex 64.9766 35.3972 2.2
    endloop
  endfacet
  facet normal -0.996915 -0.0784919 0
    outer loop
      vertex 64.9766 35.3972 12.3
      vertex 65 35.1 2.2
      vertex 65 35.1 12.3
    endloop
  endfacet
  facet normal -0.760455 0.649391 0
    outer loop
      vertex 64.4435 -0.443502 2.2
      vertex 64.6371 -0.216791 12.3
      vertex 64.6371 -0.216791 2.2
    endloop
  endfacet
  facet normal -0.760455 0.649391 0
    outer loop
      vertex 64.6371 -0.216791 12.3
      vertex 64.4435 -0.443502 2.2
      vertex 64.4435 -0.443502 12.3
    endloop
  endfacet
  facet normal -0.233449 -0.972369 0
    outer loop
      vertex 63.3972 36.9766 2.2
      vertex 63.6871 36.907 12.3
      vertex 63.3972 36.9766 12.3
    endloop
  endfacet
  facet normal -0.233449 -0.972369 -0
    outer loop
      vertex 63.6871 36.907 12.3
      vertex 63.3972 36.9766 2.2
      vertex 63.6871 36.907 2.2
    endloop
  endfacet
  facet normal 0.923898 -0.382638 0
    outer loop
      vertex -4.90701 35.6871 12.3
      vertex -4.79291 35.9626 2.2
      vertex -4.79291 35.9626 12.3
    endloop
  endfacet
  facet normal 0.923898 -0.382638 0
    outer loop
      vertex -4.79291 35.9626 2.2
      vertex -4.90701 35.6871 12.3
      vertex -4.90701 35.6871 2.2
    endloop
  endfacet
  facet normal -0.522513 0.852631 0
    outer loop
      vertex 64.2168 -0.637132 2.2
      vertex 63.9626 -0.792912 12.3
      vertex 64.2168 -0.637132 12.3
    endloop
  endfacet
  facet normal -0.522513 0.852631 0
    outer loop
      vertex 63.9626 -0.792912 12.3
      vertex 64.2168 -0.637132 2.2
      vertex 63.9626 -0.792912 2.2
    endloop
  endfacet
  facet normal 0.996917 -0.0784586 0
    outer loop
      vertex -5 35.1 12.3
      vertex -4.97661 35.3972 2.2
      vertex -4.97661 35.3972 12.3
    endloop
  endfacet
  facet normal 0.996917 -0.0784586 0
    outer loop
      vertex -4.97661 35.3972 2.2
      vertex -5 35.1 12.3
      vertex -5 35.1 2.2
    endloop
  endfacet
  facet normal -0.972369 -0.233449 0
    outer loop
      vertex 64.9766 35.3972 2.2
      vertex 64.907 35.6871 12.3
      vertex 64.907 35.6871 2.2
    endloop
  endfacet
  facet normal -0.972369 -0.233449 0
    outer loop
      vertex 64.907 35.6871 12.3
      vertex 64.9766 35.3972 2.2
      vertex 64.9766 35.3972 12.3
    endloop
  endfacet
  facet normal 0.649393 -0.760453 0
    outer loop
      vertex -4.4435 36.4435 2.2
      vertex -4.21679 36.6371 12.3
      vertex -4.4435 36.4435 12.3
    endloop
  endfacet
  facet normal 0.649393 -0.760453 0
    outer loop
      vertex -4.21679 36.6371 12.3
      vertex -4.4435 36.4435 2.2
      vertex -4.21679 36.6371 2.2
    endloop
  endfacet
  facet normal -0.522562 -0.852601 0
    outer loop
      vertex 63.9626 36.7929 2.2
      vertex 64.2168 36.6371 12.3
      vertex 63.9626 36.7929 12.3
    endloop
  endfacet
  facet normal -0.522562 -0.852601 -0
    outer loop
      vertex 64.2168 36.6371 12.3
      vertex 63.9626 36.7929 2.2
      vertex 64.2168 36.6371 2.2
    endloop
  endfacet
  facet normal -0.649409 -0.760439 0
    outer loop
      vertex 64.2168 36.6371 2.2
      vertex 64.4435 36.4435 12.3
      vertex 64.2168 36.6371 12.3
    endloop
  endfacet
  facet normal -0.649409 -0.760439 -0
    outer loop
      vertex 64.4435 36.4435 12.3
      vertex 64.2168 36.6371 2.2
      vertex 64.4435 36.4435 2.2
    endloop
  endfacet
  facet normal 0.996918 0.0784518 0
    outer loop
      vertex -4.97661 0.602774 12.3
      vertex -5 0.9 2.2
      vertex -5 0.9 12.3
    endloop
  endfacet
  facet normal 0.996918 0.0784518 0
    outer loop
      vertex -5 0.9 2.2
      vertex -4.97661 0.602774 12.3
      vertex -4.97661 0.602774 2.2
    endloop
  endfacet
  facet normal -0.996915 0.0784851 0
    outer loop
      vertex 64.9766 0.602774 2.2
      vertex 65 0.9 12.3
      vertex 65 0.9 2.2
    endloop
  endfacet
  facet normal -0.996915 0.0784851 0
    outer loop
      vertex 65 0.9 12.3
      vertex 64.9766 0.602774 2.2
      vertex 64.9766 0.602774 12.3
    endloop
  endfacet
  facet normal -0.649467 0.76039 0
    outer loop
      vertex 64.4435 -0.443502 2.2
      vertex 64.2168 -0.637132 12.3
      vertex 64.4435 -0.443502 12.3
    endloop
  endfacet
  facet normal -0.649467 0.76039 0
    outer loop
      vertex 64.2168 -0.637132 12.3
      vertex 64.4435 -0.443502 2.2
      vertex 64.2168 -0.637132 2.2
    endloop
  endfacet
  facet normal -0.852609 0.52255 0
    outer loop
      vertex 64.6371 -0.216791 2.2
      vertex 64.7929 0.0374174 12.3
      vertex 64.7929 0.0374174 2.2
    endloop
  endfacet
  facet normal -0.852609 0.52255 0
    outer loop
      vertex 64.7929 0.0374174 12.3
      vertex 64.6371 -0.216791 2.2
      vertex 64.6371 -0.216791 12.3
    endloop
  endfacet
  facet normal -0.852601 -0.522562 0
    outer loop
      vertex 64.7929 35.9626 2.2
      vertex 64.6371 36.2168 12.3
      vertex 64.6371 36.2168 2.2
    endloop
  endfacet
  facet normal -0.852601 -0.522562 0
    outer loop
      vertex 64.6371 36.2168 12.3
      vertex 64.7929 35.9626 2.2
      vertex 64.7929 35.9626 12.3
    endloop
  endfacet
  facet normal 0 0 1
    outer loop
      vertex 67.2 26 3.2
      vertex 66.8 24.5 3.2
      vertex 67.2 11 3.2
    endloop
  endfacet
  facet normal -0 0 1
    outer loop
      vertex 65 26 3.2
      vertex 66.8 24.5 3.2
      vertex 67.2 26 3.2
    endloop
  endfacet
  facet normal 0 0 1
    outer loop
      vertex 66.8 24.5 3.2
      vertex 65 26 3.2
      vertex 65 24.5 3.2
    endloop
  endfacet
  facet normal -0 0 1
    outer loop
      vertex 66.8 12.5 3.2
      vertex 67.2 11 3.2
      vertex 66.8 24.5 3.2
    endloop
  endfacet
  facet normal 0 0 1
    outer loop
      vertex 65 11 3.2
      vertex 66.8 12.5 3.2
      vertex 65 12.5 3.2
    endloop
  endfacet
  facet normal 0 0 1
    outer loop
      vertex 66.8 12.5 3.2
      vertex 65 11 3.2
      vertex 67.2 11 3.2
    endloop
  endfacet
  facet normal 0 -1 0
    outer loop
      vertex 65 26 3.2
      vertex 67.2 26 12.3
      vertex 65 26 12.3
    endloop
  endfacet
  facet normal 0 -1 -0
    outer loop
      vertex 67.2 26 12.3
      vertex 65 26 3.2
      vertex 67.2 26 3.2
    endloop
  endfacet
  facet normal 0 1 -0
    outer loop
      vertex 67.2 11 3.2
      vertex 65 11 12.3
      vertex 67.2 11 12.3
    endloop
  endfacet
  facet normal 0 1 0
    outer loop
      vertex 65 11 12.3
      vertex 67.2 11 3.2
      vertex 65 11 3.2
    endloop
  endfacet
  facet normal -0.649444 -0.76041 0
    outer loop
      vertex 0.701903 -0.698097 2.2
      vertex 1.05539 -1 10.7
      vertex 0.701903 -0.698097 10.7
    endloop
  endfacet
  facet normal -0.649444 -0.76041 -0
    outer loop
      vertex 1.05539 -1 10.7
      vertex 0.701903 -0.698097 2.2
      vertex 1.05539 -1 2.2
    endloop
  endfacet
  facet normal 0.972367 0.233459 0
    outer loop
      vertex 6.20999 2.10841 10.7
      vertex 6.09093 2.6043 2.2
      vertex 6.09093 2.6043 10.7
    endloop
  endfacet
  facet normal 0.972367 0.233459 0
    outer loop
      vertex 6.09093 2.6043 2.2
      vertex 6.20999 2.10841 10.7
      vertex 6.20999 2.10841 2.2
    endloop
  endfacet
  facet normal 0.996918 0.0784538 0
    outer loop
      vertex 6.25 1.6 10.7
      vertex 6.20999 2.10841 2.2
      vertex 6.20999 2.10841 10.7
    endloop
  endfacet
  facet normal 0.996918 0.0784538 0
    outer loop
      vertex 6.20999 2.10841 2.2
      vertex 6.25 1.6 10.7
      vertex 6.25 1.6 2.2
    endloop
  endfacet
  facet normal 0.923883 0.382675 0
    outer loop
      vertex 6.09093 2.6043 10.7
      vertex 5.89577 3.07547 2.2
      vertex 5.89577 3.07547 10.7
    endloop
  endfacet
  facet normal 0.923883 0.382675 0
    outer loop
      vertex 5.89577 3.07547 2.2
      vertex 6.09093 2.6043 10.7
      vertex 6.09093 2.6043 2.2
    endloop
  endfacet
  facet normal 0.233459 0.972367 -0
    outer loop
      vertex 4.0043 4.69093 2.2
      vertex 3.50841 4.80999 10.7
      vertex 4.0043 4.69093 10.7
    endloop
  endfacet
  facet normal 0.233459 0.972367 0
    outer loop
      vertex 3.50841 4.80999 10.7
      vertex 4.0043 4.69093 2.2
      vertex 3.50841 4.80999 2.2
    endloop
  endfacet
  facet normal 0.760418 0.649434 0
    outer loop
      vertex 5.6293 3.5103 10.7
      vertex 5.2981 3.8981 2.2
      vertex 5.2981 3.8981 10.7
    endloop
  endfacet
  facet normal 0.760418 0.649434 0
    outer loop
      vertex 5.2981 3.8981 2.2
      vertex 5.6293 3.5103 10.7
      vertex 5.6293 3.5103 2.2
    endloop
  endfacet
  facet normal -0.649437 0.760416 0
    outer loop
      vertex 1.0897 4.2293 2.2
      vertex 0.701903 3.8981 10.7
      vertex 1.0897 4.2293 10.7
    endloop
  endfacet
  facet normal -0.649437 0.760416 0
    outer loop
      vertex 0.701903 3.8981 10.7
      vertex 1.0897 4.2293 2.2
      vertex 0.701903 3.8981 2.2
    endloop
  endfacet
  facet normal -0.996917 0.0784596 0
    outer loop
      vertex -0.25 1.6 2.2
      vertex -0.209987 2.10841 10.7
      vertex -0.209987 2.10841 2.2
    endloop
  endfacet
  facet normal -0.996917 0.0784596 0
    outer loop
      vertex -0.209987 2.10841 10.7
      vertex -0.25 1.6 2.2
      vertex -0.25 1.6 10.7
    endloop
  endfacet
  facet normal -0.996917 -0.0784596 0
    outer loop
      vertex -0.209987 1.09159 2.2
      vertex -0.25 1.6 10.7
      vertex -0.25 1.6 2.2
    endloop
  endfacet
  facet normal -0.996917 -0.0784596 0
    outer loop
      vertex -0.25 1.6 10.7
      vertex -0.209987 1.09159 2.2
      vertex -0.209987 1.09159 10.7
    endloop
  endfacet
  facet normal -0.382675 0.923883 0
    outer loop
      vertex 1.9957 4.69093 2.2
      vertex 1.52453 4.49577 10.7
      vertex 1.9957 4.69093 10.7
    endloop
  endfacet
  facet normal -0.382675 0.923883 0
    outer loop
      vertex 1.52453 4.49577 10.7
      vertex 1.9957 4.69093 2.2
      vertex 1.52453 4.49577 2.2
    endloop
  endfacet
  facet normal 0.760415 -0.649438 0
    outer loop
      vertex 5.2981 -0.698097 10.7
      vertex 5.6293 -0.310301 2.2
      vertex 5.6293 -0.310301 10.7
    endloop
  endfacet
  facet normal 0.760415 -0.649438 0
    outer loop
      vertex 5.6293 -0.310301 2.2
      vertex 5.2981 -0.698097 10.7
      vertex 5.2981 -0.698097 2.2
    endloop
  endfacet
  facet normal -0.852639 0.522501 0
    outer loop
      vertex 0.104229 3.07547 2.2
      vertex 0.370695 3.5103 10.7
      vertex 0.370695 3.5103 2.2
    endloop
  endfacet
  facet normal -0.852639 0.522501 0
    outer loop
      vertex 0.370695 3.5103 10.7
      vertex 0.104229 3.07547 2.2
      vertex 0.104229 3.07547 10.7
    endloop
  endfacet
  facet normal -0.97237 -0.233446 0
    outer loop
      vertex -0.0909328 0.595695 2.2
      vertex -0.209987 1.09159 10.7
      vertex -0.209987 1.09159 2.2
    endloop
  endfacet
  facet normal -0.97237 -0.233446 0
    outer loop
      vertex -0.209987 1.09159 10.7
      vertex -0.0909328 0.595695 2.2
      vertex -0.0909328 0.595695 10.7
    endloop
  endfacet
  facet normal -0.522507 0.852635 0
    outer loop
      vertex 1.52453 4.49577 2.2
      vertex 1.0897 4.2293 10.7
      vertex 1.52453 4.49577 10.7
    endloop
  endfacet
  facet normal -0.522507 0.852635 0
    outer loop
      vertex 1.0897 4.2293 10.7
      vertex 1.52453 4.49577 2.2
      vertex 1.0897 4.2293 2.2
    endloop
  endfacet
  facet normal 0.0784538 0.996918 -0
    outer loop
      vertex 3.50841 4.80999 2.2
      vertex 3 4.85 10.7
      vertex 3.50841 4.80999 10.7
    endloop
  endfacet
  facet normal 0.0784538 0.996918 0
    outer loop
      vertex 3 4.85 10.7
      vertex 3.50841 4.80999 2.2
      vertex 3 4.85 2.2
    endloop
  endfacet
  facet normal 0.522507 0.852635 -0
    outer loop
      vertex 4.9103 4.2293 2.2
      vertex 4.47547 4.49577 10.7
      vertex 4.9103 4.2293 10.7
    endloop
  endfacet
  facet normal 0.522507 0.852635 0
    outer loop
      vertex 4.47547 4.49577 10.7
      vertex 4.9103 4.2293 2.2
      vertex 4.47547 4.49577 2.2
    endloop
  endfacet
  facet normal 0.382675 0.923883 -0
    outer loop
      vertex 4.47547 4.49577 2.2
      vertex 4.0043 4.69093 10.7
      vertex 4.47547 4.49577 10.7
    endloop
  endfacet
  facet normal 0.382675 0.923883 0
    outer loop
      vertex 4.0043 4.69093 10.7
      vertex 4.47547 4.49577 2.2
      vertex 4.0043 4.69093 2.2
    endloop
  endfacet
  facet normal 0.852635 0.522507 0
    outer loop
      vertex 5.89577 3.07547 10.7
      vertex 5.6293 3.5103 2.2
      vertex 5.6293 3.5103 10.7
    endloop
  endfacet
  facet normal 0.852635 0.522507 0
    outer loop
      vertex 5.6293 3.5103 2.2
      vertex 5.89577 3.07547 10.7
      vertex 5.89577 3.07547 2.2
    endloop
  endfacet
  facet normal -0.92388 -0.382682 0
    outer loop
      vertex 0.104229 0.124531 2.2
      vertex -0.0909328 0.595695 10.7
      vertex -0.0909328 0.595695 2.2
    endloop
  endfacet
  facet normal -0.92388 -0.382682 0
    outer loop
      vertex -0.0909328 0.595695 10.7
      vertex 0.104229 0.124531 2.2
      vertex 0.104229 0.124531 10.7
    endloop
  endfacet
  facet normal 0.649434 0.760418 -0
    outer loop
      vertex 5.2981 3.8981 2.2
      vertex 4.9103 4.2293 10.7
      vertex 5.2981 3.8981 10.7
    endloop
  endfacet
  facet normal 0.649434 0.760418 0
    outer loop
      vertex 4.9103 4.2293 10.7
      vertex 5.2981 3.8981 2.2
      vertex 4.9103 4.2293 2.2
    endloop
  endfacet
  facet normal 0.996918 -0.0784538 0
    outer loop
      vertex 6.20999 1.09159 10.7
      vertex 6.25 1.6 2.2
      vertex 6.25 1.6 10.7
    endloop
  endfacet
  facet normal 0.996918 -0.0784538 0
    outer loop
      vertex 6.25 1.6 2.2
      vertex 6.20999 1.09159 10.7
      vertex 6.20999 1.09159 2.2
    endloop
  endfacet
  facet normal 0.972367 -0.233457 0
    outer loop
      vertex 6.09093 0.595695 10.7
      vertex 6.20999 1.09159 2.2
      vertex 6.20999 1.09159 10.7
    endloop
  endfacet
  facet normal 0.972367 -0.233457 0
    outer loop
      vertex 6.20999 1.09159 2.2
      vertex 6.09093 0.595695 10.7
      vertex 6.09093 0.595695 2.2
    endloop
  endfacet
  facet normal -0.76041 0.649443 0
    outer loop
      vertex 0.370695 3.5103 2.2
      vertex 0.701903 3.8981 10.7
      vertex 0.701903 3.8981 2.2
    endloop
  endfacet
  facet normal -0.76041 0.649443 0
    outer loop
      vertex 0.701903 3.8981 10.7
      vertex 0.370695 3.5103 2.2
      vertex 0.370695 3.5103 10.7
    endloop
  endfacet
  facet normal -0.0784538 0.996918 0
    outer loop
      vertex 3 4.85 2.2
      vertex 2.49159 4.80999 10.7
      vertex 3 4.85 10.7
    endloop
  endfacet
  facet normal -0.0784538 0.996918 0
    outer loop
      vertex 2.49159 4.80999 10.7
      vertex 3 4.85 2.2
      vertex 2.49159 4.80999 2.2
    endloop
  endfacet
  facet normal -0.85264 -0.522499 0
    outer loop
      vertex 0.370695 -0.310301 2.2
      vertex 0.104229 0.124531 10.7
      vertex 0.104229 0.124531 2.2
    endloop
  endfacet
  facet normal -0.85264 -0.522499 0
    outer loop
      vertex 0.104229 0.124531 10.7
      vertex 0.370695 -0.310301 2.2
      vertex 0.370695 -0.310301 10.7
    endloop
  endfacet
  facet normal -0.923882 0.382678 0
    outer loop
      vertex -0.0909328 2.6043 2.2
      vertex 0.104229 3.07547 10.7
      vertex 0.104229 3.07547 2.2
    endloop
  endfacet
  facet normal -0.923882 0.382678 0
    outer loop
      vertex 0.104229 3.07547 10.7
      vertex -0.0909328 2.6043 2.2
      vertex -0.0909328 2.6043 10.7
    endloop
  endfacet
  facet normal 0.923881 -0.382679 0
    outer loop
      vertex 5.89577 0.124531 10.7
      vertex 6.09093 0.595695 2.2
      vertex 6.09093 0.595695 10.7
    endloop
  endfacet
  facet normal 0.923881 -0.382679 0
    outer loop
      vertex 6.09093 0.595695 2.2
      vertex 5.89577 0.124531 10.7
      vertex 5.89577 0.124531 2.2
    endloop
  endfacet
  facet normal -0.760407 -0.649447 0
    outer loop
      vertex 0.701903 -0.698097 2.2
      vertex 0.370695 -0.310301 10.7
      vertex 0.370695 -0.310301 2.2
    endloop
  endfacet
  facet normal -0.760407 -0.649447 0
    outer loop
      vertex 0.370695 -0.310301 10.7
      vertex 0.701903 -0.698097 2.2
      vertex 0.701903 -0.698097 10.7
    endloop
  endfacet
  facet normal 0.649441 -0.760412 0
    outer loop
      vertex 4.94461 -1 2.2
      vertex 5.2981 -0.698097 10.7
      vertex 4.94461 -1 10.7
    endloop
  endfacet
  facet normal 0.649441 -0.760412 0
    outer loop
      vertex 5.2981 -0.698097 10.7
      vertex 4.94461 -1 2.2
      vertex 5.2981 -0.698097 2.2
    endloop
  endfacet
  facet normal 0 0 -1
    outer loop
      vertex 4.075 1.6 2.2
      vertex 6.25 1.6 2.2
      vertex 6.20999 1.09159 2.2
    endloop
  endfacet
  facet normal 0 0 -1
    outer loop
      vertex 4.06176 1.43183 2.2
      vertex 6.20999 1.09159 2.2
      vertex 6.09093 0.595695 2.2
    endloop
  endfacet
  facet normal 0 0 -1
    outer loop
      vertex 6.25 1.6 2.2
      vertex 4.075 1.6 2.2
      vertex 6.20999 2.10841 2.2
    endloop
  endfacet
  facet normal 0 0 -1
    outer loop
      vertex 4.02239 1.26781 2.2
      vertex 6.09093 0.595695 2.2
      vertex 5.89577 0.124531 2.2
    endloop
  endfacet
  facet normal 0 0 -1
    outer loop
      vertex 4.06176 1.76817 2.2
      vertex 6.20999 2.10841 2.2
      vertex 4.075 1.6 2.2
    endloop
  endfacet
  facet normal 0 0 -1
    outer loop
      vertex 3.95783 1.11196 2.2
      vertex 5.89577 0.124531 2.2
      vertex 5.6293 -0.310301 2.2
    endloop
  endfacet
  facet normal -0 0 -1
    outer loop
      vertex 6.20999 2.10841 2.2
      vertex 4.06176 1.76817 2.2
      vertex 6.09093 2.6043 2.2
    endloop
  endfacet
  facet normal 0 0 -1
    outer loop
      vertex 3.86969 0.968132 2.2
      vertex 5.6293 -0.310301 2.2
      vertex 5.2981 -0.698097 2.2
    endloop
  endfacet
  facet normal 0 0 -1
    outer loop
      vertex 4.02239 1.93219 2.2
      vertex 6.09093 2.6043 2.2
      vertex 4.06176 1.76817 2.2
    endloop
  endfacet
  facet normal 0 0 -1
    outer loop
      vertex 3.76014 0.839861 2.2
      vertex 5.2981 -0.698097 2.2
      vertex 4.94461 -1 2.2
    endloop
  endfacet
  facet normal -0 0 -1
    outer loop
      vertex 6.09093 2.6043 2.2
      vertex 4.02239 1.93219 2.2
      vertex 5.89577 3.07547 2.2
    endloop
  endfacet
  facet normal 0 0 -1
    outer loop
      vertex 3.95783 2.08804 2.2
      vertex 5.89577 3.07547 2.2
      vertex 4.02239 1.93219 2.2
    endloop
  endfacet
  facet normal -0 0 -1
    outer loop
      vertex 5.89577 3.07547 2.2
      vertex 3.95783 2.08804 2.2
      vertex 5.6293 3.5103 2.2
    endloop
  endfacet
  facet normal 0 0 -1
    outer loop
      vertex 6.20999 1.09159 2.2
      vertex 4.06176 1.43183 2.2
      vertex 4.075 1.6 2.2
    endloop
  endfacet
  facet normal 0 0 -1
    outer loop
      vertex 6.09093 0.595695 2.2
      vertex 4.02239 1.26781 2.2
      vertex 4.06176 1.43183 2.2
    endloop
  endfacet
  facet normal 0 0 -1
    outer loop
      vertex 5.89577 0.124531 2.2
      vertex 3.95783 1.11196 2.2
      vertex 4.02239 1.26781 2.2
    endloop
  endfacet
  facet normal 0 0 -1
    outer loop
      vertex 5.6293 -0.310301 2.2
      vertex 3.86969 0.968132 2.2
      vertex 3.95783 1.11196 2.2
    endloop
  endfacet
  facet normal 0 0 -1
    outer loop
      vertex 5.2981 -0.698097 2.2
      vertex 3.76014 0.839861 2.2
      vertex 3.86969 0.968132 2.2
    endloop
  endfacet
  facet normal 0 0 -1
    outer loop
      vertex 4.94461 -1 2.2
      vertex 3.63187 0.730307 2.2
      vertex 3.76014 0.839861 2.2
    endloop
  endfacet
  facet normal 0 0 -1
    outer loop
      vertex 4.94461 -1 2.2
      vertex 3.48804 0.642169 2.2
      vertex 3.63187 0.730307 2.2
    endloop
  endfacet
  facet normal 0 0 -1
    outer loop
      vertex 4.94461 -1 2.2
      vertex 3.33219 0.577614 2.2
      vertex 3.48804 0.642169 2.2
    endloop
  endfacet
  facet normal 0 0 -1
    outer loop
      vertex 4.94461 -1 2.2
      vertex 3.16817 0.538235 2.2
      vertex 3.33219 0.577614 2.2
    endloop
  endfacet
  facet normal 0 0 -1
    outer loop
      vertex 4.94461 -1 2.2
      vertex 3 0.525 2.2
      vertex 3.16817 0.538235 2.2
    endloop
  endfacet
  facet normal 0 0 -1
    outer loop
      vertex 1.05539 -1 2.2
      vertex 3 0.525 2.2
      vertex 4.94461 -1 2.2
    endloop
  endfacet
  facet normal -0 0 -1
    outer loop
      vertex 3 0.525 2.2
      vertex 1.05539 -1 2.2
      vertex 2.83183 0.538235 2.2
    endloop
  endfacet
  facet normal -0 0 -1
    outer loop
      vertex 2.83183 0.538235 2.2
      vertex 1.05539 -1 2.2
      vertex 2.66781 0.577614 2.2
    endloop
  endfacet
  facet normal -0 0 -1
    outer loop
      vertex 2.66781 0.577614 2.2
      vertex 1.05539 -1 2.2
      vertex 2.51196 0.642169 2.2
    endloop
  endfacet
  facet normal 0 0 -1
    outer loop
      vertex -0.25 1.6 2.2
      vertex 1.925 1.6 2.2
      vertex 1.93824 1.43183 2.2
    endloop
  endfacet
  facet normal 0 0 -1
    outer loop
      vertex 1.925 1.6 2.2
      vertex 1.0897 4.2293 2.2
      vertex 1.52453 4.49577 2.2
    endloop
  endfacet
  facet normal 0 0 -1
    outer loop
      vertex -0.209987 1.09159 2.2
      vertex 1.93824 1.43183 2.2
      vertex 1.97761 1.26781 2.2
    endloop
  endfacet
  facet normal -0 0 -1
    outer loop
      vertex 2.51196 0.642169 2.2
      vertex 1.05539 -1 2.2
      vertex 2.36813 0.730307 2.2
    endloop
  endfacet
  facet normal 0 0 -1
    outer loop
      vertex 1.05539 -1 2.2
      vertex 2.23986 0.839861 2.2
      vertex 2.36813 0.730307 2.2
    endloop
  endfacet
  facet normal 0 0 -1
    outer loop
      vertex 0.701903 -0.698097 2.2
      vertex 2.23986 0.839861 2.2
      vertex 1.05539 -1 2.2
    endloop
  endfacet
  facet normal -0 0 -1
    outer loop
      vertex 2.23986 0.839861 2.2
      vertex 0.701903 -0.698097 2.2
      vertex 2.13031 0.968132 2.2
    endloop
  endfacet
  facet normal 0 0 -1
    outer loop
      vertex 0.370695 -0.310301 2.2
      vertex 2.13031 0.968132 2.2
      vertex 0.701903 -0.698097 2.2
    endloop
  endfacet
  facet normal -0 0 -1
    outer loop
      vertex 2.13031 0.968132 2.2
      vertex 0.370695 -0.310301 2.2
      vertex 2.04217 1.11196 2.2
    endloop
  endfacet
  facet normal 0 0 -1
    outer loop
      vertex 0.104229 0.124531 2.2
      vertex 2.04217 1.11196 2.2
      vertex 0.370695 -0.310301 2.2
    endloop
  endfacet
  facet normal 0 0 -1
    outer loop
      vertex 1.925 1.6 2.2
      vertex 0.701903 3.8981 2.2
      vertex 1.0897 4.2293 2.2
    endloop
  endfacet
  facet normal -0 0 -1
    outer loop
      vertex 2.04217 1.11196 2.2
      vertex 0.104229 0.124531 2.2
      vertex 1.97761 1.26781 2.2
    endloop
  endfacet
  facet normal 0 0 -1
    outer loop
      vertex 1.925 1.6 2.2
      vertex 0.370695 3.5103 2.2
      vertex 0.701903 3.8981 2.2
    endloop
  endfacet
  facet normal 0 0 -1
    outer loop
      vertex -0.0909328 0.595695 2.2
      vertex 1.97761 1.26781 2.2
      vertex 0.104229 0.124531 2.2
    endloop
  endfacet
  facet normal 0 0 -1
    outer loop
      vertex 1.925 1.6 2.2
      vertex 0.104229 3.07547 2.2
      vertex 0.370695 3.5103 2.2
    endloop
  endfacet
  facet normal 0 0 -1
    outer loop
      vertex -0.209987 1.09159 2.2
      vertex 1.97761 1.26781 2.2
      vertex -0.0909328 0.595695 2.2
    endloop
  endfacet
  facet normal 0 0 -1
    outer loop
      vertex 1.925 1.6 2.2
      vertex -0.0909328 2.6043 2.2
      vertex 0.104229 3.07547 2.2
    endloop
  endfacet
  facet normal -0 0 -1
    outer loop
      vertex 1.93824 1.43183 2.2
      vertex -0.209987 1.09159 2.2
      vertex -0.25 1.6 2.2
    endloop
  endfacet
  facet normal 0 0 -1
    outer loop
      vertex 1.925 1.6 2.2
      vertex -0.209987 2.10841 2.2
      vertex -0.0909328 2.6043 2.2
    endloop
  endfacet
  facet normal 0 0 -1
    outer loop
      vertex 1.925 1.6 2.2
      vertex -0.25 1.6 2.2
      vertex -0.209987 2.10841 2.2
    endloop
  endfacet
  facet normal 0 0 -1
    outer loop
      vertex 3.86969 2.23187 2.2
      vertex 5.6293 3.5103 2.2
      vertex 3.95783 2.08804 2.2
    endloop
  endfacet
  facet normal -0 0 -1
    outer loop
      vertex 5.6293 3.5103 2.2
      vertex 3.86969 2.23187 2.2
      vertex 5.2981 3.8981 2.2
    endloop
  endfacet
  facet normal 0 0 -1
    outer loop
      vertex 3.76014 2.36014 2.2
      vertex 5.2981 3.8981 2.2
      vertex 3.86969 2.23187 2.2
    endloop
  endfacet
  facet normal -0 0 -1
    outer loop
      vertex 5.2981 3.8981 2.2
      vertex 3.76014 2.36014 2.2
      vertex 4.9103 4.2293 2.2
    endloop
  endfacet
  facet normal 0 0 -1
    outer loop
      vertex 3.63187 2.46969 2.2
      vertex 4.9103 4.2293 2.2
      vertex 3.76014 2.36014 2.2
    endloop
  endfacet
  facet normal -0 0 -1
    outer loop
      vertex 4.9103 4.2293 2.2
      vertex 3.63187 2.46969 2.2
      vertex 4.47547 4.49577 2.2
    endloop
  endfacet
  facet normal 0 0 -1
    outer loop
      vertex 3.48804 2.55783 2.2
      vertex 4.47547 4.49577 2.2
      vertex 3.63187 2.46969 2.2
    endloop
  endfacet
  facet normal -0 0 -1
    outer loop
      vertex 4.47547 4.49577 2.2
      vertex 3.48804 2.55783 2.2
      vertex 4.0043 4.69093 2.2
    endloop
  endfacet
  facet normal 0 0 -1
    outer loop
      vertex 3.33219 2.62239 2.2
      vertex 4.0043 4.69093 2.2
      vertex 3.48804 2.55783 2.2
    endloop
  endfacet
  facet normal -0 0 -1
    outer loop
      vertex 4.0043 4.69093 2.2
      vertex 3.33219 2.62239 2.2
      vertex 3.50841 4.80999 2.2
    endloop
  endfacet
  facet normal 0 0 -1
    outer loop
      vertex 3.16817 2.66176 2.2
      vertex 3.50841 4.80999 2.2
      vertex 3.33219 2.62239 2.2
    endloop
  endfacet
  facet normal 0 0 -1
    outer loop
      vertex 3 2.675 2.2
      vertex 3.50841 4.80999 2.2
      vertex 3.16817 2.66176 2.2
    endloop
  endfacet
  facet normal 0 0 -1
    outer loop
      vertex 3 2.675 2.2
      vertex 3 4.85 2.2
      vertex 3.50841 4.80999 2.2
    endloop
  endfacet
  facet normal 0 0 -1
    outer loop
      vertex 2.83183 2.66176 2.2
      vertex 3 4.85 2.2
      vertex 3 2.675 2.2
    endloop
  endfacet
  facet normal 0 0 -1
    outer loop
      vertex 2.49159 4.80999 2.2
      vertex 2.83183 2.66176 2.2
      vertex 2.66781 2.62239 2.2
    endloop
  endfacet
  facet normal 0 0 -1
    outer loop
      vertex 1.9957 4.69093 2.2
      vertex 2.66781 2.62239 2.2
      vertex 2.51196 2.55783 2.2
    endloop
  endfacet
  facet normal 0 0 -1
    outer loop
      vertex 2.83183 2.66176 2.2
      vertex 2.49159 4.80999 2.2
      vertex 3 4.85 2.2
    endloop
  endfacet
  facet normal 0 0 -1
    outer loop
      vertex 1.52453 4.49577 2.2
      vertex 2.51196 2.55783 2.2
      vertex 2.36813 2.46969 2.2
    endloop
  endfacet
  facet normal 0 0 -1
    outer loop
      vertex 1.52453 4.49577 2.2
      vertex 2.36813 2.46969 2.2
      vertex 2.23986 2.36014 2.2
    endloop
  endfacet
  facet normal 0 0 -1
    outer loop
      vertex 1.52453 4.49577 2.2
      vertex 2.23986 2.36014 2.2
      vertex 2.13031 2.23187 2.2
    endloop
  endfacet
  facet normal 0 0 -1
    outer loop
      vertex 1.52453 4.49577 2.2
      vertex 2.13031 2.23187 2.2
      vertex 2.04217 2.08804 2.2
    endloop
  endfacet
  facet normal 0 0 -1
    outer loop
      vertex 2.66781 2.62239 2.2
      vertex 1.9957 4.69093 2.2
      vertex 2.49159 4.80999 2.2
    endloop
  endfacet
  facet normal 0 0 -1
    outer loop
      vertex 1.52453 4.49577 2.2
      vertex 2.04217 2.08804 2.2
      vertex 1.97761 1.93219 2.2
    endloop
  endfacet
  facet normal 0 0 -1
    outer loop
      vertex 1.52453 4.49577 2.2
      vertex 1.97761 1.93219 2.2
      vertex 1.93824 1.76817 2.2
    endloop
  endfacet
  facet normal 0 0 -1
    outer loop
      vertex 1.52453 4.49577 2.2
      vertex 1.93824 1.76817 2.2
      vertex 1.925 1.6 2.2
    endloop
  endfacet
  facet normal 0 0 -1
    outer loop
      vertex 2.51196 2.55783 2.2
      vertex 1.52453 4.49577 2.2
      vertex 1.9957 4.69093 2.2
    endloop
  endfacet
  facet normal 0 0 1
    outer loop
      vertex 6.20999 2.10841 10.7
      vertex 4.06176 1.76817 10.7
      vertex 4.075 1.6 10.7
    endloop
  endfacet
  facet normal 0 0 1
    outer loop
      vertex 4.9103 4.2293 10.7
      vertex 4.02239 1.93219 10.7
      vertex 4.06176 1.76817 10.7
    endloop
  endfacet
  facet normal 0 0 1
    outer loop
      vertex 3.48804 2.55783 10.7
      vertex 4.47547 4.49577 10.7
      vertex 4.0043 4.69093 10.7
    endloop
  endfacet
  facet normal 0 0 1
    outer loop
      vertex 4.9103 4.2293 10.7
      vertex 3.95783 2.08804 10.7
      vertex 4.02239 1.93219 10.7
    endloop
  endfacet
  facet normal 0 0 1
    outer loop
      vertex 4.9103 4.2293 10.7
      vertex 3.86969 2.23187 10.7
      vertex 3.95783 2.08804 10.7
    endloop
  endfacet
  facet normal 0 0 1
    outer loop
      vertex 4.9103 4.2293 10.7
      vertex 3.76014 2.36014 10.7
      vertex 3.86969 2.23187 10.7
    endloop
  endfacet
  facet normal 0 0 1
    outer loop
      vertex 4.9103 4.2293 10.7
      vertex 3.63187 2.46969 10.7
      vertex 3.76014 2.36014 10.7
    endloop
  endfacet
  facet normal 0 0 1
    outer loop
      vertex 3.33219 2.62239 10.7
      vertex 4.0043 4.69093 10.7
      vertex 3.50841 4.80999 10.7
    endloop
  endfacet
  facet normal 0 0 1
    outer loop
      vertex 4.47547 4.49577 10.7
      vertex 3.48804 2.55783 10.7
      vertex 3.63187 2.46969 10.7
    endloop
  endfacet
  facet normal 0 0 1
    outer loop
      vertex 4.0043 4.69093 10.7
      vertex 3.33219 2.62239 10.7
      vertex 3.48804 2.55783 10.7
    endloop
  endfacet
  facet normal 0 0 1
    outer loop
      vertex 3.50841 4.80999 10.7
      vertex 3.16817 2.66176 10.7
      vertex 3.33219 2.62239 10.7
    endloop
  endfacet
  facet normal 0 0 1
    outer loop
      vertex 3 4.85 10.7
      vertex 3.16817 2.66176 10.7
      vertex 3.50841 4.80999 10.7
    endloop
  endfacet
  facet normal 0 0 1
    outer loop
      vertex 3 4.85 10.7
      vertex 3 2.675 10.7
      vertex 3.16817 2.66176 10.7
    endloop
  endfacet
  facet normal 0 0 1
    outer loop
      vertex 3 4.85 10.7
      vertex 2.83183 2.66176 10.7
      vertex 3 2.675 10.7
    endloop
  endfacet
  facet normal -0 0 1
    outer loop
      vertex 2.49159 4.80999 10.7
      vertex 2.83183 2.66176 10.7
      vertex 3 4.85 10.7
    endloop
  endfacet
  facet normal 0 0 1
    outer loop
      vertex 2.83183 2.66176 10.7
      vertex 2.49159 4.80999 10.7
      vertex 2.66781 2.62239 10.7
    endloop
  endfacet
  facet normal -0 0 1
    outer loop
      vertex 1.9957 4.69093 10.7
      vertex 2.66781 2.62239 10.7
      vertex 2.49159 4.80999 10.7
    endloop
  endfacet
  facet normal 0 0 1
    outer loop
      vertex 2.66781 2.62239 10.7
      vertex 1.9957 4.69093 10.7
      vertex 2.51196 2.55783 10.7
    endloop
  endfacet
  facet normal -0 0 1
    outer loop
      vertex 1.52453 4.49577 10.7
      vertex 2.51196 2.55783 10.7
      vertex 1.9957 4.69093 10.7
    endloop
  endfacet
  facet normal 0 0 1
    outer loop
      vertex 2.51196 2.55783 10.7
      vertex 1.52453 4.49577 10.7
      vertex 2.36813 2.46969 10.7
    endloop
  endfacet
  facet normal -0 0 1
    outer loop
      vertex 1.0897 4.2293 10.7
      vertex 2.36813 2.46969 10.7
      vertex 1.52453 4.49577 10.7
    endloop
  endfacet
  facet normal 0 0 1
    outer loop
      vertex 2.36813 2.46969 10.7
      vertex 1.0897 4.2293 10.7
      vertex 2.23986 2.36014 10.7
    endloop
  endfacet
  facet normal -0 0 1
    outer loop
      vertex 0.701903 3.8981 10.7
      vertex 2.23986 2.36014 10.7
      vertex 1.0897 4.2293 10.7
    endloop
  endfacet
  facet normal 0 0 1
    outer loop
      vertex 2.23986 2.36014 10.7
      vertex 0.701903 3.8981 10.7
      vertex 2.13031 2.23187 10.7
    endloop
  endfacet
  facet normal -0 0 1
    outer loop
      vertex 0.370695 3.5103 10.7
      vertex 2.13031 2.23187 10.7
      vertex 0.701903 3.8981 10.7
    endloop
  endfacet
  facet normal 0 0 1
    outer loop
      vertex 2.13031 2.23187 10.7
      vertex 0.370695 3.5103 10.7
      vertex 2.04217 2.08804 10.7
    endloop
  endfacet
  facet normal 0 0 1
    outer loop
      vertex 4.075 1.6 10.7
      vertex 6.25 1.6 10.7
      vertex 6.20999 2.10841 10.7
    endloop
  endfacet
  facet normal 0 0 1
    outer loop
      vertex 4.06176 1.76817 10.7
      vertex 6.20999 2.10841 10.7
      vertex 6.09093 2.6043 10.7
    endloop
  endfacet
  facet normal 0 0 1
    outer loop
      vertex 6.25 1.6 10.7
      vertex 4.075 1.6 10.7
      vertex 6.20999 1.09159 10.7
    endloop
  endfacet
  facet normal 0 0 1
    outer loop
      vertex 4.06176 1.76817 10.7
      vertex 6.09093 2.6043 10.7
      vertex 5.89577 3.07547 10.7
    endloop
  endfacet
  facet normal -0 0 1
    outer loop
      vertex 4.06176 1.43183 10.7
      vertex 6.20999 1.09159 10.7
      vertex 4.075 1.6 10.7
    endloop
  endfacet
  facet normal 0 0 1
    outer loop
      vertex 4.06176 1.76817 10.7
      vertex 5.89577 3.07547 10.7
      vertex 5.6293 3.5103 10.7
    endloop
  endfacet
  facet normal 0 0 1
    outer loop
      vertex 6.20999 1.09159 10.7
      vertex 4.06176 1.43183 10.7
      vertex 6.09093 0.595695 10.7
    endloop
  endfacet
  facet normal 0 0 1
    outer loop
      vertex 4.06176 1.76817 10.7
      vertex 5.6293 3.5103 10.7
      vertex 5.2981 3.8981 10.7
    endloop
  endfacet
  facet normal -0 0 1
    outer loop
      vertex 4.02239 1.26781 10.7
      vertex 6.09093 0.595695 10.7
      vertex 4.06176 1.43183 10.7
    endloop
  endfacet
  facet normal 0 0 1
    outer loop
      vertex 6.09093 0.595695 10.7
      vertex 4.02239 1.26781 10.7
      vertex 5.89577 0.124531 10.7
    endloop
  endfacet
  facet normal 0 0 1
    outer loop
      vertex 4.06176 1.76817 10.7
      vertex 5.2981 3.8981 10.7
      vertex 4.9103 4.2293 10.7
    endloop
  endfacet
  facet normal 0 0 1
    outer loop
      vertex 3.63187 2.46969 10.7
      vertex 4.9103 4.2293 10.7
      vertex 4.47547 4.49577 10.7
    endloop
  endfacet
  facet normal -0 0 1
    outer loop
      vertex 3.95783 1.11196 10.7
      vertex 5.89577 0.124531 10.7
      vertex 4.02239 1.26781 10.7
    endloop
  endfacet
  facet normal 0 0 1
    outer loop
      vertex 5.89577 0.124531 10.7
      vertex 3.95783 1.11196 10.7
      vertex 5.6293 -0.310301 10.7
    endloop
  endfacet
  facet normal -0 0 1
    outer loop
      vertex 3.86969 0.968132 10.7
      vertex 5.6293 -0.310301 10.7
      vertex 3.95783 1.11196 10.7
    endloop
  endfacet
  facet normal 0 0 1
    outer loop
      vertex 5.6293 -0.310301 10.7
      vertex 3.86969 0.968132 10.7
      vertex 5.2981 -0.698097 10.7
    endloop
  endfacet
  facet normal -0 0 1
    outer loop
      vertex 3.76014 0.839861 10.7
      vertex 5.2981 -0.698097 10.7
      vertex 3.86969 0.968132 10.7
    endloop
  endfacet
  facet normal 0 0 1
    outer loop
      vertex 5.2981 -0.698097 10.7
      vertex 3.76014 0.839861 10.7
      vertex 4.94461 -1 10.7
    endloop
  endfacet
  facet normal -0 0 1
    outer loop
      vertex 3.63187 0.730307 10.7
      vertex 4.94461 -1 10.7
      vertex 3.76014 0.839861 10.7
    endloop
  endfacet
  facet normal -0 0 1
    outer loop
      vertex 3.48804 0.642169 10.7
      vertex 4.94461 -1 10.7
      vertex 3.63187 0.730307 10.7
    endloop
  endfacet
  facet normal -0 0 1
    outer loop
      vertex 3.33219 0.577614 10.7
      vertex 4.94461 -1 10.7
      vertex 3.48804 0.642169 10.7
    endloop
  endfacet
  facet normal -0 0 1
    outer loop
      vertex 3.16817 0.538235 10.7
      vertex 4.94461 -1 10.7
      vertex 3.33219 0.577614 10.7
    endloop
  endfacet
  facet normal -0 0 1
    outer loop
      vertex 3 0.525 10.7
      vertex 4.94461 -1 10.7
      vertex 3.16817 0.538235 10.7
    endloop
  endfacet
  facet normal 0 0 1
    outer loop
      vertex 1.05539 -1 10.7
      vertex 3 0.525 10.7
      vertex 2.83183 0.538235 10.7
    endloop
  endfacet
  facet normal 0 0 1
    outer loop
      vertex 1.05539 -1 10.7
      vertex 2.83183 0.538235 10.7
      vertex 2.66781 0.577614 10.7
    endloop
  endfacet
  facet normal 0 0 1
    outer loop
      vertex 1.05539 -1 10.7
      vertex 2.66781 0.577614 10.7
      vertex 2.51196 0.642169 10.7
    endloop
  endfacet
  facet normal 0 0 1
    outer loop
      vertex 1.05539 -1 10.7
      vertex 2.51196 0.642169 10.7
      vertex 2.36813 0.730307 10.7
    endloop
  endfacet
  facet normal -0 0 1
    outer loop
      vertex 0.104229 3.07547 10.7
      vertex 2.04217 2.08804 10.7
      vertex 0.370695 3.5103 10.7
    endloop
  endfacet
  facet normal 0 0 1
    outer loop
      vertex 2.04217 2.08804 10.7
      vertex 0.104229 3.07547 10.7
      vertex 1.97761 1.93219 10.7
    endloop
  endfacet
  facet normal -0 0 1
    outer loop
      vertex -0.0909328 2.6043 10.7
      vertex 1.97761 1.93219 10.7
      vertex 0.104229 3.07547 10.7
    endloop
  endfacet
  facet normal 0 0 1
    outer loop
      vertex 3 0.525 10.7
      vertex 1.05539 -1 10.7
      vertex 4.94461 -1 10.7
    endloop
  endfacet
  facet normal 0 0 1
    outer loop
      vertex 2.23986 0.839861 10.7
      vertex 1.05539 -1 10.7
      vertex 2.36813 0.730307 10.7
    endloop
  endfacet
  facet normal 0 0 1
    outer loop
      vertex 0.701903 -0.698097 10.7
      vertex 2.23986 0.839861 10.7
      vertex 2.13031 0.968132 10.7
    endloop
  endfacet
  facet normal 0 0 1
    outer loop
      vertex 0.370695 -0.310301 10.7
      vertex 2.13031 0.968132 10.7
      vertex 2.04217 1.11196 10.7
    endloop
  endfacet
  facet normal 0 0 1
    outer loop
      vertex 0.104229 0.124531 10.7
      vertex 2.04217 1.11196 10.7
      vertex 1.97761 1.26781 10.7
    endloop
  endfacet
  facet normal 0 0 1
    outer loop
      vertex 1.97761 1.93219 10.7
      vertex -0.0909328 2.6043 10.7
      vertex 1.93824 1.76817 10.7
    endloop
  endfacet
  facet normal -0 0 1
    outer loop
      vertex -0.209987 2.10841 10.7
      vertex 1.93824 1.76817 10.7
      vertex -0.0909328 2.6043 10.7
    endloop
  endfacet
  facet normal 0 0 1
    outer loop
      vertex 2.23986 0.839861 10.7
      vertex 0.701903 -0.698097 10.7
      vertex 1.05539 -1 10.7
    endloop
  endfacet
  facet normal 0 0 1
    outer loop
      vertex 1.93824 1.76817 10.7
      vertex -0.209987 2.10841 10.7
      vertex 1.925 1.6 10.7
    endloop
  endfacet
  facet normal 0 0 1
    outer loop
      vertex 2.13031 0.968132 10.7
      vertex 0.370695 -0.310301 10.7
      vertex 0.701903 -0.698097 10.7
    endloop
  endfacet
  facet normal 0 0 1
    outer loop
      vertex -0.25 1.6 10.7
      vertex 1.925 1.6 10.7
      vertex -0.209987 2.10841 10.7
    endloop
  endfacet
  facet normal 0 0 1
    outer loop
      vertex 2.04217 1.11196 10.7
      vertex 0.104229 0.124531 10.7
      vertex 0.370695 -0.310301 10.7
    endloop
  endfacet
  facet normal 0 0 1
    outer loop
      vertex 1.925 1.6 10.7
      vertex -0.25 1.6 10.7
      vertex 1.93824 1.43183 10.7
    endloop
  endfacet
  facet normal 0 0 1
    outer loop
      vertex 1.97761 1.26781 10.7
      vertex -0.0909328 0.595695 10.7
      vertex 0.104229 0.124531 10.7
    endloop
  endfacet
  facet normal 0 -0 1
    outer loop
      vertex -0.209987 1.09159 10.7
      vertex 1.93824 1.43183 10.7
      vertex -0.25 1.6 10.7
    endloop
  endfacet
  facet normal 0 0 1
    outer loop
      vertex 1.97761 1.26781 10.7
      vertex -0.209987 1.09159 10.7
      vertex -0.0909328 0.595695 10.7
    endloop
  endfacet
  facet normal 0 0 1
    outer loop
      vertex 1.93824 1.43183 10.7
      vertex -0.209987 1.09159 10.7
      vertex 1.97761 1.26781 10.7
    endloop
  endfacet
  facet normal -0.233459 0.972367 0
    outer loop
      vertex 2.49159 4.80999 2.2
      vertex 1.9957 4.69093 10.7
      vertex 2.49159 4.80999 10.7
    endloop
  endfacet
  facet normal -0.233459 0.972367 0
    outer loop
      vertex 1.9957 4.69093 10.7
      vertex 2.49159 4.80999 2.2
      vertex 1.9957 4.69093 2.2
    endloop
  endfacet
  facet normal 0.852636 -0.522505 0
    outer loop
      vertex 5.6293 -0.310301 10.7
      vertex 5.89577 0.124531 2.2
      vertex 5.89577 0.124531 10.7
    endloop
  endfacet
  facet normal 0.852636 -0.522505 0
    outer loop
      vertex 5.89577 0.124531 2.2
      vertex 5.6293 -0.310301 10.7
      vertex 5.6293 -0.310301 2.2
    endloop
  endfacet
  facet normal -0.972369 0.233448 0
    outer loop
      vertex -0.209987 2.10841 2.2
      vertex -0.0909328 2.6043 10.7
      vertex -0.0909328 2.6043 2.2
    endloop
  endfacet
  facet normal -0.972369 0.233448 0
    outer loop
      vertex -0.0909328 2.6043 10.7
      vertex -0.209987 2.10841 2.2
      vertex -0.209987 2.10841 10.7
    endloop
  endfacet
  facet normal -0.0784575 0.996917 0
    outer loop
      vertex 3.16817 0.538235 2.2
      vertex 3 0.525 10.7
      vertex 3.16817 0.538235 10.7
    endloop
  endfacet
  facet normal -0.0784575 0.996917 0
    outer loop
      vertex 3 0.525 10.7
      vertex 3.16817 0.538235 2.2
      vertex 3 0.525 2.2
    endloop
  endfacet
  facet normal -0.97238 -0.233402 0
    outer loop
      vertex 4.06176 1.76817 2.2
      vertex 4.02239 1.93219 10.7
      vertex 4.02239 1.93219 2.2
    endloop
  endfacet
  facet normal -0.97238 -0.233402 0
    outer loop
      vertex 4.02239 1.93219 10.7
      vertex 4.06176 1.76817 2.2
      vertex 4.06176 1.76817 10.7
    endloop
  endfacet
  facet normal -0.996915 -0.078487 0
    outer loop
      vertex 4.075 1.6 2.2
      vertex 4.06176 1.76817 10.7
      vertex 4.06176 1.76817 2.2
    endloop
  endfacet
  facet normal -0.996915 -0.078487 0
    outer loop
      vertex 4.06176 1.76817 10.7
      vertex 4.075 1.6 2.2
      vertex 4.075 1.6 10.7
    endloop
  endfacet
  facet normal -0.923869 -0.382708 0
    outer loop
      vertex 4.02239 1.93219 2.2
      vertex 3.95783 2.08804 10.7
      vertex 3.95783 2.08804 2.2
    endloop
  endfacet
  facet normal -0.923869 -0.382708 0
    outer loop
      vertex 3.95783 2.08804 10.7
      vertex 4.02239 1.93219 2.2
      vertex 4.02239 1.93219 10.7
    endloop
  endfacet
  facet normal -0.522494 0.852643 0
    outer loop
      vertex 3.63187 0.730307 2.2
      vertex 3.48804 0.642169 10.7
      vertex 3.63187 0.730307 10.7
    endloop
  endfacet
  facet normal -0.522494 0.852643 0
    outer loop
      vertex 3.48804 0.642169 10.7
      vertex 3.63187 0.730307 2.2
      vertex 3.48804 0.642169 2.2
    endloop
  endfacet
  facet normal -0.852638 -0.522502 0
    outer loop
      vertex 3.95783 2.08804 2.2
      vertex 3.86969 2.23187 10.7
      vertex 3.86969 2.23187 2.2
    endloop
  endfacet
  facet normal -0.852638 -0.522502 0
    outer loop
      vertex 3.86969 2.23187 10.7
      vertex 3.95783 2.08804 2.2
      vertex 3.95783 2.08804 10.7
    endloop
  endfacet
  facet normal -0.760415 -0.649438 0
    outer loop
      vertex 3.86969 2.23187 2.2
      vertex 3.76014 2.36014 10.7
      vertex 3.76014 2.36014 2.2
    endloop
  endfacet
  facet normal -0.760415 -0.649438 0
    outer loop
      vertex 3.76014 2.36014 10.7
      vertex 3.86969 2.23187 2.2
      vertex 3.86969 2.23187 10.7
    endloop
  endfacet
  facet normal 0.996915 -0.078487 0
    outer loop
      vertex 1.925 1.6 10.7
      vertex 1.93824 1.76817 2.2
      vertex 1.93824 1.76817 10.7
    endloop
  endfacet
  facet normal 0.996915 -0.078487 0
    outer loop
      vertex 1.93824 1.76817 2.2
      vertex 1.925 1.6 10.7
      vertex 1.925 1.6 2.2
    endloop
  endfacet
  facet normal -0.233453 0.972368 0
    outer loop
      vertex 3.33219 0.577614 2.2
      vertex 3.16817 0.538235 10.7
      vertex 3.33219 0.577614 10.7
    endloop
  endfacet
  facet normal -0.233453 0.972368 0
    outer loop
      vertex 3.16817 0.538235 10.7
      vertex 3.33219 0.577614 2.2
      vertex 3.16817 0.538235 2.2
    endloop
  endfacet
  facet normal 0.852635 0.522508 0
    outer loop
      vertex 2.13031 0.968132 10.7
      vertex 2.04217 1.11196 2.2
      vertex 2.04217 1.11196 10.7
    endloop
  endfacet
  facet normal 0.852635 0.522508 0
    outer loop
      vertex 2.04217 1.11196 2.2
      vertex 2.13031 0.968132 10.7
      vertex 2.13031 0.968132 2.2
    endloop
  endfacet
  facet normal 0.923869 0.382708 0
    outer loop
      vertex 2.04217 1.11196 10.7
      vertex 1.97761 1.26781 2.2
      vertex 1.97761 1.26781 10.7
    endloop
  endfacet
  facet normal 0.923869 0.382708 0
    outer loop
      vertex 1.97761 1.26781 2.2
      vertex 2.04217 1.11196 10.7
      vertex 2.04217 1.11196 2.2
    endloop
  endfacet
  facet normal -0.522502 -0.852638 0
    outer loop
      vertex 3.48804 2.55783 2.2
      vertex 3.63187 2.46969 10.7
      vertex 3.48804 2.55783 10.7
    endloop
  endfacet
  facet normal -0.522502 -0.852638 -0
    outer loop
      vertex 3.63187 2.46969 10.7
      vertex 3.48804 2.55783 2.2
      vertex 3.63187 2.46969 2.2
    endloop
  endfacet
  facet normal 0.522502 -0.852638 0
    outer loop
      vertex 2.36813 2.46969 2.2
      vertex 2.51196 2.55783 10.7
      vertex 2.36813 2.46969 10.7
    endloop
  endfacet
  facet normal 0.522502 -0.852638 0
    outer loop
      vertex 2.51196 2.55783 10.7
      vertex 2.36813 2.46969 2.2
      vertex 2.51196 2.55783 2.2
    endloop
  endfacet
  facet normal 0.760415 -0.649438 0
    outer loop
      vertex 2.13031 2.23187 10.7
      vertex 2.23986 2.36014 2.2
      vertex 2.23986 2.36014 10.7
    endloop
  endfacet
  facet normal 0.760415 -0.649438 0
    outer loop
      vertex 2.23986 2.36014 2.2
      vertex 2.13031 2.23187 10.7
      vertex 2.13031 2.23187 2.2
    endloop
  endfacet
  facet normal 0.996915 0.078487 0
    outer loop
      vertex 1.93824 1.43183 10.7
      vertex 1.925 1.6 2.2
      vertex 1.925 1.6 10.7
    endloop
  endfacet
  facet normal 0.996915 0.078487 0
    outer loop
      vertex 1.925 1.6 2.2
      vertex 1.93824 1.43183 10.7
      vertex 1.93824 1.43183 2.2
    endloop
  endfacet
  facet normal -0.760417 0.649435 0
    outer loop
      vertex 3.76014 0.839861 2.2
      vertex 3.86969 0.968132 10.7
      vertex 3.86969 0.968132 2.2
    endloop
  endfacet
  facet normal -0.760417 0.649435 0
    outer loop
      vertex 3.86969 0.968132 10.7
      vertex 3.76014 0.839861 2.2
      vertex 3.76014 0.839861 10.7
    endloop
  endfacet
  facet normal -0.852635 0.522508 0
    outer loop
      vertex 3.86969 0.968132 2.2
      vertex 3.95783 1.11196 10.7
      vertex 3.95783 1.11196 2.2
    endloop
  endfacet
  facet normal -0.852635 0.522508 0
    outer loop
      vertex 3.95783 1.11196 10.7
      vertex 3.86969 0.968132 2.2
      vertex 3.86969 0.968132 10.7
    endloop
  endfacet
  facet normal 0.97238 0.233402 0
    outer loop
      vertex 1.97761 1.26781 10.7
      vertex 1.93824 1.43183 2.2
      vertex 1.93824 1.43183 10.7
    endloop
  endfacet
  facet normal 0.97238 0.233402 0
    outer loop
      vertex 1.93824 1.43183 2.2
      vertex 1.97761 1.26781 10.7
      vertex 1.97761 1.26781 2.2
    endloop
  endfacet
  facet normal 0.382683 0.92388 -0
    outer loop
      vertex 2.66781 0.577614 2.2
      vertex 2.51196 0.642169 10.7
      vertex 2.66781 0.577614 10.7
    endloop
  endfacet
  facet normal 0.382683 0.92388 0
    outer loop
      vertex 2.51196 0.642169 10.7
      vertex 2.66781 0.577614 2.2
      vertex 2.51196 0.642169 2.2
    endloop
  endfacet
  facet normal -0.996915 0.078487 0
    outer loop
      vertex 4.06176 1.43183 2.2
      vertex 4.075 1.6 10.7
      vertex 4.075 1.6 2.2
    endloop
  endfacet
  facet normal -0.996915 0.078487 0
    outer loop
      vertex 4.075 1.6 10.7
      vertex 4.06176 1.43183 2.2
      vertex 4.06176 1.43183 10.7
    endloop
  endfacet
  facet normal -0.97238 0.233402 0
    outer loop
      vertex 4.02239 1.26781 2.2
      vertex 4.06176 1.43183 10.7
      vertex 4.06176 1.43183 2.2
    endloop
  endfacet
  facet normal -0.97238 0.233402 0
    outer loop
      vertex 4.06176 1.43183 10.7
      vertex 4.02239 1.26781 2.2
      vertex 4.02239 1.26781 10.7
    endloop
  endfacet
  facet normal 0.649438 -0.760415 0
    outer loop
      vertex 2.23986 2.36014 2.2
      vertex 2.36813 2.46969 10.7
      vertex 2.23986 2.36014 10.7
    endloop
  endfacet
  facet normal 0.649438 -0.760415 0
    outer loop
      vertex 2.36813 2.46969 10.7
      vertex 2.23986 2.36014 2.2
      vertex 2.36813 2.46969 2.2
    endloop
  endfacet
  facet normal 0.382708 -0.923869 0
    outer loop
      vertex 2.51196 2.55783 2.2
      vertex 2.66781 2.62239 10.7
      vertex 2.51196 2.55783 10.7
    endloop
  endfacet
  facet normal 0.382708 -0.923869 0
    outer loop
      vertex 2.66781 2.62239 10.7
      vertex 2.51196 2.55783 2.2
      vertex 2.66781 2.62239 2.2
    endloop
  endfacet
  facet normal -0.649438 -0.760415 0
    outer loop
      vertex 3.63187 2.46969 2.2
      vertex 3.76014 2.36014 10.7
      vertex 3.63187 2.46969 10.7
    endloop
  endfacet
  facet normal -0.649438 -0.760415 -0
    outer loop
      vertex 3.76014 2.36014 10.7
      vertex 3.63187 2.46969 2.2
      vertex 3.76014 2.36014 2.2
    endloop
  endfacet
  facet normal 0.852638 -0.522502 0
    outer loop
      vertex 2.04217 2.08804 10.7
      vertex 2.13031 2.23187 2.2
      vertex 2.13031 2.23187 10.7
    endloop
  endfacet
  facet normal 0.852638 -0.522502 0
    outer loop
      vertex 2.13031 2.23187 2.2
      vertex 2.04217 2.08804 10.7
      vertex 2.04217 2.08804 2.2
    endloop
  endfacet
  facet normal 0.923869 -0.382708 0
    outer loop
      vertex 1.97761 1.93219 10.7
      vertex 2.04217 2.08804 2.2
      vertex 2.04217 2.08804 10.7
    endloop
  endfacet
  facet normal 0.923869 -0.382708 0
    outer loop
      vertex 2.04217 2.08804 2.2
      vertex 1.97761 1.93219 10.7
      vertex 1.97761 1.93219 2.2
    endloop
  endfacet
  facet normal 0.233402 -0.97238 0
    outer loop
      vertex 2.66781 2.62239 2.2
      vertex 2.83183 2.66176 10.7
      vertex 2.66781 2.62239 10.7
    endloop
  endfacet
  facet normal 0.233402 -0.97238 0
    outer loop
      vertex 2.83183 2.66176 10.7
      vertex 2.66781 2.62239 2.2
      vertex 2.83183 2.66176 2.2
    endloop
  endfacet
  facet normal 0.078487 -0.996915 0
    outer loop
      vertex 2.83183 2.66176 2.2
      vertex 3 2.675 10.7
      vertex 2.83183 2.66176 10.7
    endloop
  endfacet
  facet normal 0.078487 -0.996915 0
    outer loop
      vertex 3 2.675 10.7
      vertex 2.83183 2.66176 2.2
      vertex 3 2.675 2.2
    endloop
  endfacet
  facet normal 0.649452 0.760403 -0
    outer loop
      vertex 2.36813 0.730307 2.2
      vertex 2.23986 0.839861 10.7
      vertex 2.36813 0.730307 10.7
    endloop
  endfacet
  facet normal 0.649452 0.760403 0
    outer loop
      vertex 2.23986 0.839861 10.7
      vertex 2.36813 0.730307 2.2
      vertex 2.23986 0.839861 2.2
    endloop
  endfacet
  facet normal -0.078487 -0.996915 0
    outer loop
      vertex 3 2.675 2.2
      vertex 3.16817 2.66176 10.7
      vertex 3 2.675 10.7
    endloop
  endfacet
  facet normal -0.078487 -0.996915 -0
    outer loop
      vertex 3.16817 2.66176 10.7
      vertex 3 2.675 2.2
      vertex 3.16817 2.66176 2.2
    endloop
  endfacet
  facet normal 0.760417 0.649435 0
    outer loop
      vertex 2.23986 0.839861 10.7
      vertex 2.13031 0.968132 2.2
      vertex 2.13031 0.968132 10.7
    endloop
  endfacet
  facet normal 0.760417 0.649435 0
    outer loop
      vertex 2.13031 0.968132 2.2
      vertex 2.23986 0.839861 10.7
      vertex 2.23986 0.839861 2.2
    endloop
  endfacet
  facet normal -0.649452 0.760403 0
    outer loop
      vertex 3.76014 0.839861 2.2
      vertex 3.63187 0.730307 10.7
      vertex 3.76014 0.839861 10.7
    endloop
  endfacet
  facet normal -0.649452 0.760403 0
    outer loop
      vertex 3.63187 0.730307 10.7
      vertex 3.76014 0.839861 2.2
      vertex 3.63187 0.730307 2.2
    endloop
  endfacet
  facet normal -0.382708 -0.923869 0
    outer loop
      vertex 3.33219 2.62239 2.2
      vertex 3.48804 2.55783 10.7
      vertex 3.33219 2.62239 10.7
    endloop
  endfacet
  facet normal -0.382708 -0.923869 -0
    outer loop
      vertex 3.48804 2.55783 10.7
      vertex 3.33219 2.62239 2.2
      vertex 3.48804 2.55783 2.2
    endloop
  endfacet
  facet normal 0.97238 -0.233402 0
    outer loop
      vertex 1.93824 1.76817 10.7
      vertex 1.97761 1.93219 2.2
      vertex 1.97761 1.93219 10.7
    endloop
  endfacet
  facet normal 0.97238 -0.233402 0
    outer loop
      vertex 1.97761 1.93219 2.2
      vertex 1.93824 1.76817 10.7
      vertex 1.93824 1.76817 2.2
    endloop
  endfacet
  facet normal -0.233402 -0.97238 0
    outer loop
      vertex 3.16817 2.66176 2.2
      vertex 3.33219 2.62239 10.7
      vertex 3.16817 2.66176 10.7
    endloop
  endfacet
  facet normal -0.233402 -0.97238 -0
    outer loop
      vertex 3.33219 2.62239 10.7
      vertex 3.16817 2.66176 2.2
      vertex 3.33219 2.62239 2.2
    endloop
  endfacet
  facet normal -0.923869 0.382708 0
    outer loop
      vertex 3.95783 1.11196 2.2
      vertex 4.02239 1.26781 10.7
      vertex 4.02239 1.26781 2.2
    endloop
  endfacet
  facet normal -0.923869 0.382708 0
    outer loop
      vertex 4.02239 1.26781 10.7
      vertex 3.95783 1.11196 2.2
      vertex 3.95783 1.11196 10.7
    endloop
  endfacet
  facet normal -0.382683 0.92388 0
    outer loop
      vertex 3.48804 0.642169 2.2
      vertex 3.33219 0.577614 10.7
      vertex 3.48804 0.642169 10.7
    endloop
  endfacet
  facet normal -0.382683 0.92388 0
    outer loop
      vertex 3.33219 0.577614 10.7
      vertex 3.48804 0.642169 2.2
      vertex 3.33219 0.577614 2.2
    endloop
  endfacet
  facet normal 0.0784575 0.996917 -0
    outer loop
      vertex 3 0.525 2.2
      vertex 2.83183 0.538235 10.7
      vertex 3 0.525 10.7
    endloop
  endfacet
  facet normal 0.0784575 0.996917 0
    outer loop
      vertex 2.83183 0.538235 10.7
      vertex 3 0.525 2.2
      vertex 2.83183 0.538235 2.2
    endloop
  endfacet
  facet normal 0.233453 0.972368 -0
    outer loop
      vertex 2.83183 0.538235 2.2
      vertex 2.66781 0.577614 10.7
      vertex 2.83183 0.538235 10.7
    endloop
  endfacet
  facet normal 0.233453 0.972368 0
    outer loop
      vertex 2.66781 0.577614 10.7
      vertex 2.83183 0.538235 2.2
      vertex 2.66781 0.577614 2.2
    endloop
  endfacet
  facet normal 0.522494 0.852643 -0
    outer loop
      vertex 2.51196 0.642169 2.2
      vertex 2.36813 0.730307 10.7
      vertex 2.51196 0.642169 10.7
    endloop
  endfacet
  facet normal 0.522494 0.852643 0
    outer loop
      vertex 2.36813 0.730307 10.7
      vertex 2.51196 0.642169 2.2
      vertex 2.36813 0.730307 2.2
    endloop
  endfacet
  facet normal -0.64943 -0.760421 0
    outer loop
      vertex 58.7019 -0.698097 2.2
      vertex 59.0554 -1 10.7
      vertex 58.7019 -0.698097 10.7
    endloop
  endfacet
  facet normal -0.64943 -0.760421 -0
    outer loop
      vertex 59.0554 -1 10.7
      vertex 58.7019 -0.698097 2.2
      vertex 59.0554 -1 2.2
    endloop
  endfacet
  facet normal 0.972349 0.233533 0
    outer loop
      vertex 64.21 2.10841 10.7
      vertex 64.0909 2.6043 2.2
      vertex 64.0909 2.6043 10.7
    endloop
  endfacet
  facet normal 0.972349 0.233533 0
    outer loop
      vertex 64.0909 2.6043 2.2
      vertex 64.21 2.10841 10.7
      vertex 64.21 2.10841 2.2
    endloop
  endfacet
  facet normal 0.996919 0.0784343 0
    outer loop
      vertex 64.25 1.6 10.7
      vertex 64.21 2.10841 2.2
      vertex 64.21 2.10841 10.7
    endloop
  endfacet
  facet normal 0.996919 0.0784343 0
    outer loop
      vertex 64.21 2.10841 2.2
      vertex 64.25 1.6 10.7
      vertex 64.25 1.6 2.2
    endloop
  endfacet
  facet normal 0.923925 0.382575 0
    outer loop
      vertex 64.0909 2.6043 10.7
      vertex 63.8958 3.07547 2.2
      vertex 63.8958 3.07547 10.7
    endloop
  endfacet
  facet normal 0.923925 0.382575 0
    outer loop
      vertex 63.8958 3.07547 2.2
      vertex 64.0909 2.6043 10.7
      vertex 64.0909 2.6043 2.2
    endloop
  endfacet
  facet normal 0.233455 0.972368 -0
    outer loop
      vertex 62.0043 4.69093 2.2
      vertex 61.5084 4.80999 10.7
      vertex 62.0043 4.69093 10.7
    endloop
  endfacet
  facet normal 0.233455 0.972368 0
    outer loop
      vertex 61.5084 4.80999 10.7
      vertex 62.0043 4.69093 2.2
      vertex 61.5084 4.80999 2.2
    endloop
  endfacet
  facet normal 0.760418 0.649434 0
    outer loop
      vertex 63.6293 3.5103 10.7
      vertex 63.2981 3.8981 2.2
      vertex 63.2981 3.8981 10.7
    endloop
  endfacet
  facet normal 0.760418 0.649434 0
    outer loop
      vertex 63.2981 3.8981 2.2
      vertex 63.6293 3.5103 10.7
      vertex 63.6293 3.5103 2.2
    endloop
  endfacet
  facet normal -0.649434 0.760418 0
    outer loop
      vertex 59.0897 4.2293 2.2
      vertex 58.7019 3.8981 10.7
      vertex 59.0897 4.2293 10.7
    endloop
  endfacet
  facet normal -0.649434 0.760418 0
    outer loop
      vertex 58.7019 3.8981 10.7
      vertex 59.0897 4.2293 2.2
      vertex 58.7019 3.8981 2.2
    endloop
  endfacet
  facet normal -0.996919 0.0784343 0
    outer loop
      vertex 57.75 1.6 2.2
      vertex 57.79 2.10841 10.7
      vertex 57.79 2.10841 2.2
    endloop
  endfacet
  facet normal -0.996919 0.0784343 0
    outer loop
      vertex 57.79 2.10841 10.7
      vertex 57.75 1.6 2.2
      vertex 57.75 1.6 10.7
    endloop
  endfacet
  facet normal -0.996919 -0.0784343 0
    outer loop
      vertex 57.79 1.09159 2.2
      vertex 57.75 1.6 10.7
      vertex 57.75 1.6 2.2
    endloop
  endfacet
  facet normal -0.996919 -0.0784343 0
    outer loop
      vertex 57.75 1.6 10.7
      vertex 57.79 1.09159 2.2
      vertex 57.79 1.09159 10.7
    endloop
  endfacet
  facet normal -0.382654 0.923892 0
    outer loop
      vertex 59.9957 4.69093 2.2
      vertex 59.5245 4.49577 10.7
      vertex 59.9957 4.69093 10.7
    endloop
  endfacet
  facet normal -0.382654 0.923892 0
    outer loop
      vertex 59.5245 4.49577 10.7
      vertex 59.9957 4.69093 2.2
      vertex 59.5245 4.49577 2.2
    endloop
  endfacet
  facet normal 0.760415 -0.649438 0
    outer loop
      vertex 63.2981 -0.698097 10.7
      vertex 63.6293 -0.310301 2.2
      vertex 63.6293 -0.310301 10.7
    endloop
  endfacet
  facet normal 0.760415 -0.649438 0
    outer loop
      vertex 63.6293 -0.310301 2.2
      vertex 63.2981 -0.698097 10.7
      vertex 63.2981 -0.698097 2.2
    endloop
  endfacet
  facet normal -0.852609 0.52255 0
    outer loop
      vertex 58.1042 3.07547 2.2
      vertex 58.3707 3.5103 10.7
      vertex 58.3707 3.5103 2.2
    endloop
  endfacet
  facet normal -0.852609 0.52255 0
    outer loop
      vertex 58.3707 3.5103 10.7
      vertex 58.1042 3.07547 2.2
      vertex 58.1042 3.07547 10.7
    endloop
  endfacet
  facet normal -0.972349 -0.233531 0
    outer loop
      vertex 57.9091 0.595695 2.2
      vertex 57.79 1.09159 10.7
      vertex 57.79 1.09159 2.2
    endloop
  endfacet
  facet normal -0.972349 -0.233531 0
    outer loop
      vertex 57.79 1.09159 10.7
      vertex 57.9091 0.595695 2.2
      vertex 57.9091 0.595695 10.7
    endloop
  endfacet
  facet normal -0.522533 0.852619 0
    outer loop
      vertex 59.5245 4.49577 2.2
      vertex 59.0897 4.2293 10.7
      vertex 59.5245 4.49577 10.7
    endloop
  endfacet
  facet normal -0.522533 0.852619 0
    outer loop
      vertex 59.0897 4.2293 10.7
      vertex 59.5245 4.49577 2.2
      vertex 59.0897 4.2293 2.2
    endloop
  endfacet
  facet normal 0.0784553 0.996918 -0
    outer loop
      vertex 61.5084 4.80999 2.2
      vertex 61 4.85 10.7
      vertex 61.5084 4.80999 10.7
    endloop
  endfacet
  facet normal 0.0784553 0.996918 0
    outer loop
      vertex 61 4.85 10.7
      vertex 61.5084 4.80999 2.2
      vertex 61 4.85 2.2
    endloop
  endfacet
  facet normal 0.522533 0.852619 -0
    outer loop
      vertex 62.9103 4.2293 2.2
      vertex 62.4755 4.49577 10.7
      vertex 62.9103 4.2293 10.7
    endloop
  endfacet
  facet normal 0.522533 0.852619 0
    outer loop
      vertex 62.4755 4.49577 10.7
      vertex 62.9103 4.2293 2.2
      vertex 62.4755 4.49577 2.2
    endloop
  endfacet
  facet normal 0.382654 0.923892 -0
    outer loop
      vertex 62.4755 4.49577 2.2
      vertex 62.0043 4.69093 10.7
      vertex 62.4755 4.49577 10.7
    endloop
  endfacet
  facet normal 0.382654 0.923892 0
    outer loop
      vertex 62.0043 4.69093 10.7
      vertex 62.4755 4.49577 2.2
      vertex 62.0043 4.69093 2.2
    endloop
  endfacet
  facet normal 0.852609 0.52255 0
    outer loop
      vertex 63.8958 3.07547 10.7
      vertex 63.6293 3.5103 2.2
      vertex 63.6293 3.5103 10.7
    endloop
  endfacet
  facet normal 0.852609 0.52255 0
    outer loop
      vertex 63.6293 3.5103 2.2
      vertex 63.8958 3.07547 10.7
      vertex 63.8958 3.07547 2.2
    endloop
  endfacet
  facet normal -0.923923 -0.382579 0
    outer loop
      vertex 58.1042 0.124531 2.2
      vertex 57.9091 0.595695 10.7
      vertex 57.9091 0.595695 2.2
    endloop
  endfacet
  facet normal -0.923923 -0.382579 0
    outer loop
      vertex 57.9091 0.595695 10.7
      vertex 58.1042 0.124531 2.2
      vertex 58.1042 0.124531 10.7
    endloop
  endfacet
  facet normal 0.649434 0.760418 -0
    outer loop
      vertex 63.2981 3.8981 2.2
      vertex 62.9103 4.2293 10.7
      vertex 63.2981 3.8981 10.7
    endloop
  endfacet
  facet normal 0.649434 0.760418 0
    outer loop
      vertex 62.9103 4.2293 10.7
      vertex 63.2981 3.8981 2.2
      vertex 62.9103 4.2293 2.2
    endloop
  endfacet
  facet normal 0.996919 -0.0784343 0
    outer loop
      vertex 64.21 1.09159 10.7
      vertex 64.25 1.6 2.2
      vertex 64.25 1.6 10.7
    endloop
  endfacet
  facet normal 0.996919 -0.0784343 0
    outer loop
      vertex 64.25 1.6 2.2
      vertex 64.21 1.09159 10.7
      vertex 64.21 1.09159 2.2
    endloop
  endfacet
  facet normal 0.972349 -0.233531 0
    outer loop
      vertex 64.0909 0.595695 10.7
      vertex 64.21 1.09159 2.2
      vertex 64.21 1.09159 10.7
    endloop
  endfacet
  facet normal 0.972349 -0.233531 0
    outer loop
      vertex 64.21 1.09159 2.2
      vertex 64.0909 0.595695 10.7
      vertex 64.0909 0.595695 2.2
    endloop
  endfacet
  facet normal -0.760418 0.649434 0
    outer loop
      vertex 58.3707 3.5103 2.2
      vertex 58.7019 3.8981 10.7
      vertex 58.7019 3.8981 2.2
    endloop
  endfacet
  facet normal -0.760418 0.649434 0
    outer loop
      vertex 58.7019 3.8981 10.7
      vertex 58.3707 3.5103 2.2
      vertex 58.3707 3.5103 10.7
    endloop
  endfacet
  facet normal -0.0784553 0.996918 0
    outer loop
      vertex 61 4.85 2.2
      vertex 60.4916 4.80999 10.7
      vertex 61 4.85 10.7
    endloop
  endfacet
  facet normal -0.0784553 0.996918 0
    outer loop
      vertex 60.4916 4.80999 10.7
      vertex 61 4.85 2.2
      vertex 60.4916 4.80999 2.2
    endloop
  endfacet
  facet normal -0.85261 -0.522548 0
    outer loop
      vertex 58.3707 -0.310301 2.2
      vertex 58.1042 0.124531 10.7
      vertex 58.1042 0.124531 2.2
    endloop
  endfacet
  facet normal -0.85261 -0.522548 0
    outer loop
      vertex 58.1042 0.124531 10.7
      vertex 58.3707 -0.310301 2.2
      vertex 58.3707 -0.310301 10.7
    endloop
  endfacet
  facet normal -0.923925 0.382575 0
    outer loop
      vertex 57.9091 2.6043 2.2
      vertex 58.1042 3.07547 10.7
      vertex 58.1042 3.07547 2.2
    endloop
  endfacet
  facet normal -0.923925 0.382575 0
    outer loop
      vertex 58.1042 3.07547 10.7
      vertex 57.9091 2.6043 2.2
      vertex 57.9091 2.6043 10.7
    endloop
  endfacet
  facet normal 0.923923 -0.382579 0
    outer loop
      vertex 63.8958 0.124531 10.7
      vertex 64.0909 0.595695 2.2
      vertex 64.0909 0.595695 10.7
    endloop
  endfacet
  facet normal 0.923923 -0.382579 0
    outer loop
      vertex 64.0909 0.595695 2.2
      vertex 63.8958 0.124531 10.7
      vertex 63.8958 0.124531 2.2
    endloop
  endfacet
  facet normal -0.760415 -0.649438 0
    outer loop
      vertex 58.7019 -0.698097 2.2
      vertex 58.3707 -0.310301 10.7
      vertex 58.3707 -0.310301 2.2
    endloop
  endfacet
  facet normal -0.760415 -0.649438 0
    outer loop
      vertex 58.3707 -0.310301 10.7
      vertex 58.7019 -0.698097 2.2
      vertex 58.7019 -0.698097 10.7
    endloop
  endfacet
  facet normal 0.64943 -0.760421 0
    outer loop
      vertex 62.9446 -1 2.2
      vertex 63.2981 -0.698097 10.7
      vertex 62.9446 -1 10.7
    endloop
  endfacet
  facet normal 0.64943 -0.760421 0
    outer loop
      vertex 63.2981 -0.698097 10.7
      vertex 62.9446 -1 2.2
      vertex 63.2981 -0.698097 2.2
    endloop
  endfacet
  facet normal 0 0 -1
    outer loop
      vertex 62.075 1.6 2.2
      vertex 64.25 1.6 2.2
      vertex 64.21 1.09159 2.2
    endloop
  endfacet
  facet normal 0 0 -1
    outer loop
      vertex 62.0618 1.43183 2.2
      vertex 64.21 1.09159 2.2
      vertex 64.0909 0.595695 2.2
    endloop
  endfacet
  facet normal 0 0 -1
    outer loop
      vertex 64.25 1.6 2.2
      vertex 62.075 1.6 2.2
      vertex 64.21 2.10841 2.2
    endloop
  endfacet
  facet normal 0 0 -1
    outer loop
      vertex 62.0224 1.26781 2.2
      vertex 64.0909 0.595695 2.2
      vertex 63.8958 0.124531 2.2
    endloop
  endfacet
  facet normal 0 0 -1
    outer loop
      vertex 62.0618 1.76817 2.2
      vertex 64.21 2.10841 2.2
      vertex 62.075 1.6 2.2
    endloop
  endfacet
  facet normal 0 0 -1
    outer loop
      vertex 61.9578 1.11196 2.2
      vertex 63.8958 0.124531 2.2
      vertex 63.6293 -0.310301 2.2
    endloop
  endfacet
  facet normal -0 0 -1
    outer loop
      vertex 64.21 2.10841 2.2
      vertex 62.0618 1.76817 2.2
      vertex 64.0909 2.6043 2.2
    endloop
  endfacet
  facet normal 0 0 -1
    outer loop
      vertex 61.8697 0.968132 2.2
      vertex 63.6293 -0.310301 2.2
      vertex 63.2981 -0.698097 2.2
    endloop
  endfacet
  facet normal 0 0 -1
    outer loop
      vertex 62.0224 1.93219 2.2
      vertex 64.0909 2.6043 2.2
      vertex 62.0618 1.76817 2.2
    endloop
  endfacet
  facet normal 0 0 -1
    outer loop
      vertex 61.7601 0.839861 2.2
      vertex 63.2981 -0.698097 2.2
      vertex 62.9446 -1 2.2
    endloop
  endfacet
  facet normal -0 0 -1
    outer loop
      vertex 64.0909 2.6043 2.2
      vertex 62.0224 1.93219 2.2
      vertex 63.8958 3.07547 2.2
    endloop
  endfacet
  facet normal 0 0 -1
    outer loop
      vertex 61.9578 2.08804 2.2
      vertex 63.8958 3.07547 2.2
      vertex 62.0224 1.93219 2.2
    endloop
  endfacet
  facet normal -0 0 -1
    outer loop
      vertex 63.8958 3.07547 2.2
      vertex 61.9578 2.08804 2.2
      vertex 63.6293 3.5103 2.2
    endloop
  endfacet
  facet normal 0 0 -1
    outer loop
      vertex 64.21 1.09159 2.2
      vertex 62.0618 1.43183 2.2
      vertex 62.075 1.6 2.2
    endloop
  endfacet
  facet normal 0 0 -1
    outer loop
      vertex 64.0909 0.595695 2.2
      vertex 62.0224 1.26781 2.2
      vertex 62.0618 1.43183 2.2
    endloop
  endfacet
  facet normal 0 0 -1
    outer loop
      vertex 63.8958 0.124531 2.2
      vertex 61.9578 1.11196 2.2
      vertex 62.0224 1.26781 2.2
    endloop
  endfacet
  facet normal 0 0 -1
    outer loop
      vertex 63.6293 -0.310301 2.2
      vertex 61.8697 0.968132 2.2
      vertex 61.9578 1.11196 2.2
    endloop
  endfacet
  facet normal 0 0 -1
    outer loop
      vertex 63.2981 -0.698097 2.2
      vertex 61.7601 0.839861 2.2
      vertex 61.8697 0.968132 2.2
    endloop
  endfacet
  facet normal 0 0 -1
    outer loop
      vertex 62.9446 -1 2.2
      vertex 61.6319 0.730307 2.2
      vertex 61.7601 0.839861 2.2
    endloop
  endfacet
  facet normal 0 0 -1
    outer loop
      vertex 62.9446 -1 2.2
      vertex 61.488 0.642169 2.2
      vertex 61.6319 0.730307 2.2
    endloop
  endfacet
  facet normal 0 0 -1
    outer loop
      vertex 62.9446 -1 2.2
      vertex 61.3322 0.577614 2.2
      vertex 61.488 0.642169 2.2
    endloop
  endfacet
  facet normal 0 0 -1
    outer loop
      vertex 62.9446 -1 2.2
      vertex 61.1682 0.538235 2.2
      vertex 61.3322 0.577614 2.2
    endloop
  endfacet
  facet normal 0 0 -1
    outer loop
      vertex 62.9446 -1 2.2
      vertex 61 0.525 2.2
      vertex 61.1682 0.538235 2.2
    endloop
  endfacet
  facet normal 0 0 -1
    outer loop
      vertex 59.0554 -1 2.2
      vertex 61 0.525 2.2
      vertex 62.9446 -1 2.2
    endloop
  endfacet
  facet normal -0 0 -1
    outer loop
      vertex 61 0.525 2.2
      vertex 59.0554 -1 2.2
      vertex 60.8318 0.538235 2.2
    endloop
  endfacet
  facet normal -0 0 -1
    outer loop
      vertex 60.8318 0.538235 2.2
      vertex 59.0554 -1 2.2
      vertex 60.6678 0.577614 2.2
    endloop
  endfacet
  facet normal -0 0 -1
    outer loop
      vertex 60.6678 0.577614 2.2
      vertex 59.0554 -1 2.2
      vertex 60.512 0.642169 2.2
    endloop
  endfacet
  facet normal 0 0 -1
    outer loop
      vertex 57.75 1.6 2.2
      vertex 59.925 1.6 2.2
      vertex 59.9382 1.43183 2.2
    endloop
  endfacet
  facet normal 0 0 -1
    outer loop
      vertex 59.925 1.6 2.2
      vertex 59.0897 4.2293 2.2
      vertex 59.5245 4.49577 2.2
    endloop
  endfacet
  facet normal 0 0 -1
    outer loop
      vertex 57.79 1.09159 2.2
      vertex 59.9382 1.43183 2.2
      vertex 59.9776 1.26781 2.2
    endloop
  endfacet
  facet normal -0 0 -1
    outer loop
      vertex 60.512 0.642169 2.2
      vertex 59.0554 -1 2.2
      vertex 60.3681 0.730307 2.2
    endloop
  endfacet
  facet normal 0 0 -1
    outer loop
      vertex 59.0554 -1 2.2
      vertex 60.2399 0.839861 2.2
      vertex 60.3681 0.730307 2.2
    endloop
  endfacet
  facet normal 0 0 -1
    outer loop
      vertex 58.7019 -0.698097 2.2
      vertex 60.2399 0.839861 2.2
      vertex 59.0554 -1 2.2
    endloop
  endfacet
  facet normal -0 0 -1
    outer loop
      vertex 60.2399 0.839861 2.2
      vertex 58.7019 -0.698097 2.2
      vertex 60.1303 0.968132 2.2
    endloop
  endfacet
  facet normal 0 0 -1
    outer loop
      vertex 58.3707 -0.310301 2.2
      vertex 60.1303 0.968132 2.2
      vertex 58.7019 -0.698097 2.2
    endloop
  endfacet
  facet normal -0 0 -1
    outer loop
      vertex 60.1303 0.968132 2.2
      vertex 58.3707 -0.310301 2.2
      vertex 60.0422 1.11196 2.2
    endloop
  endfacet
  facet normal 0 0 -1
    outer loop
      vertex 58.1042 0.124531 2.2
      vertex 60.0422 1.11196 2.2
      vertex 58.3707 -0.310301 2.2
    endloop
  endfacet
  facet normal 0 0 -1
    outer loop
      vertex 59.925 1.6 2.2
      vertex 58.7019 3.8981 2.2
      vertex 59.0897 4.2293 2.2
    endloop
  endfacet
  facet normal -0 0 -1
    outer loop
      vertex 60.0422 1.11196 2.2
      vertex 58.1042 0.124531 2.2
      vertex 59.9776 1.26781 2.2
    endloop
  endfacet
  facet normal 0 0 -1
    outer loop
      vertex 59.925 1.6 2.2
      vertex 58.3707 3.5103 2.2
      vertex 58.7019 3.8981 2.2
    endloop
  endfacet
  facet normal 0 0 -1
    outer loop
      vertex 57.9091 0.595695 2.2
      vertex 59.9776 1.26781 2.2
      vertex 58.1042 0.124531 2.2
    endloop
  endfacet
  facet normal 0 0 -1
    outer loop
      vertex 59.925 1.6 2.2
      vertex 58.1042 3.07547 2.2
      vertex 58.3707 3.5103 2.2
    endloop
  endfacet
  facet normal 0 0 -1
    outer loop
      vertex 57.79 1.09159 2.2
      vertex 59.9776 1.26781 2.2
      vertex 57.9091 0.595695 2.2
    endloop
  endfacet
  facet normal 0 0 -1
    outer loop
      vertex 59.925 1.6 2.2
      vertex 57.9091 2.6043 2.2
      vertex 58.1042 3.07547 2.2
    endloop
  endfacet
  facet normal -0 0 -1
    outer loop
      vertex 59.9382 1.43183 2.2
      vertex 57.79 1.09159 2.2
      vertex 57.75 1.6 2.2
    endloop
  endfacet
  facet normal 0 0 -1
    outer loop
      vertex 59.925 1.6 2.2
      vertex 57.79 2.10841 2.2
      vertex 57.9091 2.6043 2.2
    endloop
  endfacet
  facet normal 0 0 -1
    outer loop
      vertex 59.925 1.6 2.2
      vertex 57.75 1.6 2.2
      vertex 57.79 2.10841 2.2
    endloop
  endfacet
  facet normal 0 0 -1
    outer loop
      vertex 61.8697 2.23187 2.2
      vertex 63.6293 3.5103 2.2
      vertex 61.9578 2.08804 2.2
    endloop
  endfacet
  facet normal -0 0 -1
    outer loop
      vertex 63.6293 3.5103 2.2
      vertex 61.8697 2.23187 2.2
      vertex 63.2981 3.8981 2.2
    endloop
  endfacet
  facet normal 0 0 -1
    outer loop
      vertex 61.7601 2.36014 2.2
      vertex 63.2981 3.8981 2.2
      vertex 61.8697 2.23187 2.2
    endloop
  endfacet
  facet normal -0 0 -1
    outer loop
      vertex 63.2981 3.8981 2.2
      vertex 61.7601 2.36014 2.2
      vertex 62.9103 4.2293 2.2
    endloop
  endfacet
  facet normal 0 0 -1
    outer loop
      vertex 61.6319 2.46969 2.2
      vertex 62.9103 4.2293 2.2
      vertex 61.7601 2.36014 2.2
    endloop
  endfacet
  facet normal -0 0 -1
    outer loop
      vertex 62.9103 4.2293 2.2
      vertex 61.6319 2.46969 2.2
      vertex 62.4755 4.49577 2.2
    endloop
  endfacet
  facet normal 0 0 -1
    outer loop
      vertex 61.488 2.55783 2.2
      vertex 62.4755 4.49577 2.2
      vertex 61.6319 2.46969 2.2
    endloop
  endfacet
  facet normal -0 0 -1
    outer loop
      vertex 62.4755 4.49577 2.2
      vertex 61.488 2.55783 2.2
      vertex 62.0043 4.69093 2.2
    endloop
  endfacet
  facet normal 0 0 -1
    outer loop
      vertex 61.3322 2.62239 2.2
      vertex 62.0043 4.69093 2.2
      vertex 61.488 2.55783 2.2
    endloop
  endfacet
  facet normal -0 0 -1
    outer loop
      vertex 62.0043 4.69093 2.2
      vertex 61.3322 2.62239 2.2
      vertex 61.5084 4.80999 2.2
    endloop
  endfacet
  facet normal 0 0 -1
    outer loop
      vertex 61.1682 2.66176 2.2
      vertex 61.5084 4.80999 2.2
      vertex 61.3322 2.62239 2.2
    endloop
  endfacet
  facet normal 0 0 -1
    outer loop
      vertex 61 2.675 2.2
      vertex 61.5084 4.80999 2.2
      vertex 61.1682 2.66176 2.2
    endloop
  endfacet
  facet normal 0 0 -1
    outer loop
      vertex 61 2.675 2.2
      vertex 61 4.85 2.2
      vertex 61.5084 4.80999 2.2
    endloop
  endfacet
  facet normal 0 0 -1
    outer loop
      vertex 60.8318 2.66176 2.2
      vertex 61 4.85 2.2
      vertex 61 2.675 2.2
    endloop
  endfacet
  facet normal 0 0 -1
    outer loop
      vertex 60.4916 4.80999 2.2
      vertex 60.8318 2.66176 2.2
      vertex 60.6678 2.62239 2.2
    endloop
  endfacet
  facet normal 0 0 -1
    outer loop
      vertex 59.9957 4.69093 2.2
      vertex 60.6678 2.62239 2.2
      vertex 60.512 2.55783 2.2
    endloop
  endfacet
  facet normal 0 0 -1
    outer loop
      vertex 60.8318 2.66176 2.2
      vertex 60.4916 4.80999 2.2
      vertex 61 4.85 2.2
    endloop
  endfacet
  facet normal 0 0 -1
    outer loop
      vertex 59.5245 4.49577 2.2
      vertex 60.512 2.55783 2.2
      vertex 60.3681 2.46969 2.2
    endloop
  endfacet
  facet normal 0 0 -1
    outer loop
      vertex 59.5245 4.49577 2.2
      vertex 60.3681 2.46969 2.2
      vertex 60.2399 2.36014 2.2
    endloop
  endfacet
  facet normal 0 0 -1
    outer loop
      vertex 59.5245 4.49577 2.2
      vertex 60.2399 2.36014 2.2
      vertex 60.1303 2.23187 2.2
    endloop
  endfacet
  facet normal 0 0 -1
    outer loop
      vertex 59.5245 4.49577 2.2
      vertex 60.1303 2.23187 2.2
      vertex 60.0422 2.08804 2.2
    endloop
  endfacet
  facet normal 0 0 -1
    outer loop
      vertex 60.6678 2.62239 2.2
      vertex 59.9957 4.69093 2.2
      vertex 60.4916 4.80999 2.2
    endloop
  endfacet
  facet normal 0 0 -1
    outer loop
      vertex 59.5245 4.49577 2.2
      vertex 60.0422 2.08804 2.2
      vertex 59.9776 1.93219 2.2
    endloop
  endfacet
  facet normal 0 0 -1
    outer loop
      vertex 59.5245 4.49577 2.2
      vertex 59.9776 1.93219 2.2
      vertex 59.9382 1.76817 2.2
    endloop
  endfacet
  facet normal 0 0 -1
    outer loop
      vertex 59.5245 4.49577 2.2
      vertex 59.9382 1.76817 2.2
      vertex 59.925 1.6 2.2
    endloop
  endfacet
  facet normal 0 0 -1
    outer loop
      vertex 60.512 2.55783 2.2
      vertex 59.5245 4.49577 2.2
      vertex 59.9957 4.69093 2.2
    endloop
  endfacet
  facet normal 0 0 1
    outer loop
      vertex 64.21 2.10841 10.7
      vertex 62.0618 1.76817 10.7
      vertex 62.075 1.6 10.7
    endloop
  endfacet
  facet normal 0 0 1
    outer loop
      vertex 62.9103 4.2293 10.7
      vertex 62.0224 1.93219 10.7
      vertex 62.0618 1.76817 10.7
    endloop
  endfacet
  facet normal 0 0 1
    outer loop
      vertex 61.488 2.55783 10.7
      vertex 62.4755 4.49577 10.7
      vertex 62.0043 4.69093 10.7
    endloop
  endfacet
  facet normal 0 0 1
    outer loop
      vertex 62.9103 4.2293 10.7
      vertex 61.9578 2.08804 10.7
      vertex 62.0224 1.93219 10.7
    endloop
  endfacet
  facet normal 0 0 1
    outer loop
      vertex 62.9103 4.2293 10.7
      vertex 61.8697 2.23187 10.7
      vertex 61.9578 2.08804 10.7
    endloop
  endfacet
  facet normal 0 0 1
    outer loop
      vertex 62.9103 4.2293 10.7
      vertex 61.7601 2.36014 10.7
      vertex 61.8697 2.23187 10.7
    endloop
  endfacet
  facet normal 0 0 1
    outer loop
      vertex 62.9103 4.2293 10.7
      vertex 61.6319 2.46969 10.7
      vertex 61.7601 2.36014 10.7
    endloop
  endfacet
  facet normal 0 0 1
    outer loop
      vertex 61.3322 2.62239 10.7
      vertex 62.0043 4.69093 10.7
      vertex 61.5084 4.80999 10.7
    endloop
  endfacet
  facet normal 0 0 1
    outer loop
      vertex 62.4755 4.49577 10.7
      vertex 61.488 2.55783 10.7
      vertex 61.6319 2.46969 10.7
    endloop
  endfacet
  facet normal 0 0 1
    outer loop
      vertex 62.0043 4.69093 10.7
      vertex 61.3322 2.62239 10.7
      vertex 61.488 2.55783 10.7
    endloop
  endfacet
  facet normal 0 0 1
    outer loop
      vertex 61.5084 4.80999 10.7
      vertex 61.1682 2.66176 10.7
      vertex 61.3322 2.62239 10.7
    endloop
  endfacet
  facet normal 0 0 1
    outer loop
      vertex 61 4.85 10.7
      vertex 61.1682 2.66176 10.7
      vertex 61.5084 4.80999 10.7
    endloop
  endfacet
  facet normal 0 0 1
    outer loop
      vertex 61 4.85 10.7
      vertex 61 2.675 10.7
      vertex 61.1682 2.66176 10.7
    endloop
  endfacet
  facet normal 0 0 1
    outer loop
      vertex 61 4.85 10.7
      vertex 60.8318 2.66176 10.7
      vertex 61 2.675 10.7
    endloop
  endfacet
  facet normal -0 0 1
    outer loop
      vertex 60.4916 4.80999 10.7
      vertex 60.8318 2.66176 10.7
      vertex 61 4.85 10.7
    endloop
  endfacet
  facet normal 0 0 1
    outer loop
      vertex 60.8318 2.66176 10.7
      vertex 60.4916 4.80999 10.7
      vertex 60.6678 2.62239 10.7
    endloop
  endfacet
  facet normal -0 0 1
    outer loop
      vertex 59.9957 4.69093 10.7
      vertex 60.6678 2.62239 10.7
      vertex 60.4916 4.80999 10.7
    endloop
  endfacet
  facet normal 0 0 1
    outer loop
      vertex 60.6678 2.62239 10.7
      vertex 59.9957 4.69093 10.7
      vertex 60.512 2.55783 10.7
    endloop
  endfacet
  facet normal -0 0 1
    outer loop
      vertex 59.5245 4.49577 10.7
      vertex 60.512 2.55783 10.7
      vertex 59.9957 4.69093 10.7
    endloop
  endfacet
  facet normal 0 0 1
    outer loop
      vertex 60.512 2.55783 10.7
      vertex 59.5245 4.49577 10.7
      vertex 60.3681 2.46969 10.7
    endloop
  endfacet
  facet normal -0 0 1
    outer loop
      vertex 59.0897 4.2293 10.7
      vertex 60.3681 2.46969 10.7
      vertex 59.5245 4.49577 10.7
    endloop
  endfacet
  facet normal 0 0 1
    outer loop
      vertex 60.3681 2.46969 10.7
      vertex 59.0897 4.2293 10.7
      vertex 60.2399 2.36014 10.7
    endloop
  endfacet
  facet normal -0 0 1
    outer loop
      vertex 58.7019 3.8981 10.7
      vertex 60.2399 2.36014 10.7
      vertex 59.0897 4.2293 10.7
    endloop
  endfacet
  facet normal 0 0 1
    outer loop
      vertex 60.2399 2.36014 10.7
      vertex 58.7019 3.8981 10.7
      vertex 60.1303 2.23187 10.7
    endloop
  endfacet
  facet normal -0 0 1
    outer loop
      vertex 58.3707 3.5103 10.7
      vertex 60.1303 2.23187 10.7
      vertex 58.7019 3.8981 10.7
    endloop
  endfacet
  facet normal 0 0 1
    outer loop
      vertex 60.1303 2.23187 10.7
      vertex 58.3707 3.5103 10.7
      vertex 60.0422 2.08804 10.7
    endloop
  endfacet
  facet normal 0 0 1
    outer loop
      vertex 62.075 1.6 10.7
      vertex 64.25 1.6 10.7
      vertex 64.21 2.10841 10.7
    endloop
  endfacet
  facet normal 0 0 1
    outer loop
      vertex 62.0618 1.76817 10.7
      vertex 64.21 2.10841 10.7
      vertex 64.0909 2.6043 10.7
    endloop
  endfacet
  facet normal 0 0 1
    outer loop
      vertex 64.25 1.6 10.7
      vertex 62.075 1.6 10.7
      vertex 64.21 1.09159 10.7
    endloop
  endfacet
  facet normal 0 0 1
    outer loop
      vertex 62.0618 1.76817 10.7
      vertex 64.0909 2.6043 10.7
      vertex 63.8958 3.07547 10.7
    endloop
  endfacet
  facet normal -0 0 1
    outer loop
      vertex 62.0618 1.43183 10.7
      vertex 64.21 1.09159 10.7
      vertex 62.075 1.6 10.7
    endloop
  endfacet
  facet normal 0 0 1
    outer loop
      vertex 62.0618 1.76817 10.7
      vertex 63.8958 3.07547 10.7
      vertex 63.6293 3.5103 10.7
    endloop
  endfacet
  facet normal 0 0 1
    outer loop
      vertex 64.21 1.09159 10.7
      vertex 62.0618 1.43183 10.7
      vertex 64.0909 0.595695 10.7
    endloop
  endfacet
  facet normal 0 0 1
    outer loop
      vertex 62.0618 1.76817 10.7
      vertex 63.6293 3.5103 10.7
      vertex 63.2981 3.8981 10.7
    endloop
  endfacet
  facet normal -0 0 1
    outer loop
      vertex 62.0224 1.26781 10.7
      vertex 64.0909 0.595695 10.7
      vertex 62.0618 1.43183 10.7
    endloop
  endfacet
  facet normal 0 0 1
    outer loop
      vertex 64.0909 0.595695 10.7
      vertex 62.0224 1.26781 10.7
      vertex 63.8958 0.124531 10.7
    endloop
  endfacet
  facet normal 0 0 1
    outer loop
      vertex 62.0618 1.76817 10.7
      vertex 63.2981 3.8981 10.7
      vertex 62.9103 4.2293 10.7
    endloop
  endfacet
  facet normal 0 0 1
    outer loop
      vertex 61.6319 2.46969 10.7
      vertex 62.9103 4.2293 10.7
      vertex 62.4755 4.49577 10.7
    endloop
  endfacet
  facet normal -0 0 1
    outer loop
      vertex 61.9578 1.11196 10.7
      vertex 63.8958 0.124531 10.7
      vertex 62.0224 1.26781 10.7
    endloop
  endfacet
  facet normal 0 0 1
    outer loop
      vertex 63.8958 0.124531 10.7
      vertex 61.9578 1.11196 10.7
      vertex 63.6293 -0.310301 10.7
    endloop
  endfacet
  facet normal -0 0 1
    outer loop
      vertex 61.8697 0.968132 10.7
      vertex 63.6293 -0.310301 10.7
      vertex 61.9578 1.11196 10.7
    endloop
  endfacet
  facet normal 0 0 1
    outer loop
      vertex 63.6293 -0.310301 10.7
      vertex 61.8697 0.968132 10.7
      vertex 63.2981 -0.698097 10.7
    endloop
  endfacet
  facet normal -0 0 1
    outer loop
      vertex 61.7601 0.839861 10.7
      vertex 63.2981 -0.698097 10.7
      vertex 61.8697 0.968132 10.7
    endloop
  endfacet
  facet normal 0 0 1
    outer loop
      vertex 63.2981 -0.698097 10.7
      vertex 61.7601 0.839861 10.7
      vertex 62.9446 -1 10.7
    endloop
  endfacet
  facet normal -0 0 1
    outer loop
      vertex 61.6319 0.730307 10.7
      vertex 62.9446 -1 10.7
      vertex 61.7601 0.839861 10.7
    endloop
  endfacet
  facet normal -0 0 1
    outer loop
      vertex 61.488 0.642169 10.7
      vertex 62.9446 -1 10.7
      vertex 61.6319 0.730307 10.7
    endloop
  endfacet
  facet normal -0 0 1
    outer loop
      vertex 61.3322 0.577614 10.7
      vertex 62.9446 -1 10.7
      vertex 61.488 0.642169 10.7
    endloop
  endfacet
  facet normal -0 0 1
    outer loop
      vertex 61.1682 0.538235 10.7
      vertex 62.9446 -1 10.7
      vertex 61.3322 0.577614 10.7
    endloop
  endfacet
  facet normal -0 0 1
    outer loop
      vertex 61 0.525 10.7
      vertex 62.9446 -1 10.7
      vertex 61.1682 0.538235 10.7
    endloop
  endfacet
  facet normal 0 0 1
    outer loop
      vertex 59.0554 -1 10.7
      vertex 61 0.525 10.7
      vertex 60.8318 0.538235 10.7
    endloop
  endfacet
  facet normal 0 0 1
    outer loop
      vertex 59.0554 -1 10.7
      vertex 60.8318 0.538235 10.7
      vertex 60.6678 0.577614 10.7
    endloop
  endfacet
  facet normal 0 0 1
    outer loop
      vertex 59.0554 -1 10.7
      vertex 60.6678 0.577614 10.7
      vertex 60.512 0.642169 10.7
    endloop
  endfacet
  facet normal 0 0 1
    outer loop
      vertex 59.0554 -1 10.7
      vertex 60.512 0.642169 10.7
      vertex 60.3681 0.730307 10.7
    endloop
  endfacet
  facet normal -0 0 1
    outer loop
      vertex 58.1042 3.07547 10.7
      vertex 60.0422 2.08804 10.7
      vertex 58.3707 3.5103 10.7
    endloop
  endfacet
  facet normal 0 0 1
    outer loop
      vertex 60.0422 2.08804 10.7
      vertex 58.1042 3.07547 10.7
      vertex 59.9776 1.93219 10.7
    endloop
  endfacet
  facet normal -0 0 1
    outer loop
      vertex 57.9091 2.6043 10.7
      vertex 59.9776 1.93219 10.7
      vertex 58.1042 3.07547 10.7
    endloop
  endfacet
  facet normal 0 0 1
    outer loop
      vertex 61 0.525 10.7
      vertex 59.0554 -1 10.7
      vertex 62.9446 -1 10.7
    endloop
  endfacet
  facet normal 0 0 1
    outer loop
      vertex 60.2399 0.839861 10.7
      vertex 59.0554 -1 10.7
      vertex 60.3681 0.730307 10.7
    endloop
  endfacet
  facet normal 0 0 1
    outer loop
      vertex 58.7019 -0.698097 10.7
      vertex 60.2399 0.839861 10.7
      vertex 60.1303 0.968132 10.7
    endloop
  endfacet
  facet normal 0 0 1
    outer loop
      vertex 58.3707 -0.310301 10.7
      vertex 60.1303 0.968132 10.7
      vertex 60.0422 1.11196 10.7
    endloop
  endfacet
  facet normal 0 0 1
    outer loop
      vertex 58.1042 0.124531 10.7
      vertex 60.0422 1.11196 10.7
      vertex 59.9776 1.26781 10.7
    endloop
  endfacet
  facet normal 0 0 1
    outer loop
      vertex 59.9776 1.93219 10.7
      vertex 57.9091 2.6043 10.7
      vertex 59.9382 1.76817 10.7
    endloop
  endfacet
  facet normal -0 0 1
    outer loop
      vertex 57.79 2.10841 10.7
      vertex 59.9382 1.76817 10.7
      vertex 57.9091 2.6043 10.7
    endloop
  endfacet
  facet normal 0 0 1
    outer loop
      vertex 60.2399 0.839861 10.7
      vertex 58.7019 -0.698097 10.7
      vertex 59.0554 -1 10.7
    endloop
  endfacet
  facet normal 0 0 1
    outer loop
      vertex 59.9382 1.76817 10.7
      vertex 57.79 2.10841 10.7
      vertex 59.925 1.6 10.7
    endloop
  endfacet
  facet normal 0 0 1
    outer loop
      vertex 60.1303 0.968132 10.7
      vertex 58.3707 -0.310301 10.7
      vertex 58.7019 -0.698097 10.7
    endloop
  endfacet
  facet normal 0 0 1
    outer loop
      vertex 57.75 1.6 10.7
      vertex 59.925 1.6 10.7
      vertex 57.79 2.10841 10.7
    endloop
  endfacet
  facet normal 0 0 1
    outer loop
      vertex 60.0422 1.11196 10.7
      vertex 58.1042 0.124531 10.7
      vertex 58.3707 -0.310301 10.7
    endloop
  endfacet
  facet normal 0 0 1
    outer loop
      vertex 59.925 1.6 10.7
      vertex 57.75 1.6 10.7
      vertex 59.9382 1.43183 10.7
    endloop
  endfacet
  facet normal 0 0 1
    outer loop
      vertex 59.9776 1.26781 10.7
      vertex 57.9091 0.595695 10.7
      vertex 58.1042 0.124531 10.7
    endloop
  endfacet
  facet normal 0 -0 1
    outer loop
      vertex 57.79 1.09159 10.7
      vertex 59.9382 1.43183 10.7
      vertex 57.75 1.6 10.7
    endloop
  endfacet
  facet normal 0 0 1
    outer loop
      vertex 59.9776 1.26781 10.7
      vertex 57.79 1.09159 10.7
      vertex 57.9091 0.595695 10.7
    endloop
  endfacet
  facet normal 0 0 1
    outer loop
      vertex 59.9382 1.43183 10.7
      vertex 57.79 1.09159 10.7
      vertex 59.9776 1.26781 10.7
    endloop
  endfacet
  facet normal -0.233455 0.972368 0
    outer loop
      vertex 60.4916 4.80999 2.2
      vertex 59.9957 4.69093 10.7
      vertex 60.4916 4.80999 10.7
    endloop
  endfacet
  facet normal -0.233455 0.972368 0
    outer loop
      vertex 59.9957 4.69093 10.7
      vertex 60.4916 4.80999 2.2
      vertex 59.9957 4.69093 2.2
    endloop
  endfacet
  facet normal 0.85261 -0.522548 0
    outer loop
      vertex 63.6293 -0.310301 10.7
      vertex 63.8958 0.124531 2.2
      vertex 63.8958 0.124531 10.7
    endloop
  endfacet
  facet normal 0.85261 -0.522548 0
    outer loop
      vertex 63.8958 0.124531 2.2
      vertex 63.6293 -0.310301 10.7
      vertex 63.6293 -0.310301 2.2
    endloop
  endfacet
  facet normal -0.972349 0.233533 0
    outer loop
      vertex 57.79 2.10841 2.2
      vertex 57.9091 2.6043 10.7
      vertex 57.9091 2.6043 2.2
    endloop
  endfacet
  facet normal -0.972349 0.233533 0
    outer loop
      vertex 57.9091 2.6043 10.7
      vertex 57.79 2.10841 2.2
      vertex 57.79 2.10841 10.7
    endloop
  endfacet
  facet normal -0.0784436 0.996919 0
    outer loop
      vertex 61.1682 0.538235 2.2
      vertex 61 0.525 10.7
      vertex 61.1682 0.538235 10.7
    endloop
  endfacet
  facet normal -0.0784436 0.996919 0
    outer loop
      vertex 61 0.525 10.7
      vertex 61.1682 0.538235 2.2
      vertex 61 0.525 2.2
    endloop
  endfacet
  facet normal -0.97234 -0.23357 0
    outer loop
      vertex 62.0618 1.76817 2.2
      vertex 62.0224 1.93219 10.7
      vertex 62.0224 1.93219 2.2
    endloop
  endfacet
  facet normal -0.97234 -0.23357 0
    outer loop
      vertex 62.0224 1.93219 10.7
      vertex 62.0618 1.76817 2.2
      vertex 62.0618 1.76817 10.7
    endloop
  endfacet
  facet normal -0.996934 -0.0782513 0
    outer loop
      vertex 62.075 1.6 2.2
      vertex 62.0618 1.76817 10.7
      vertex 62.0618 1.76817 2.2
    endloop
  endfacet
  facet normal -0.996934 -0.0782513 0
    outer loop
      vertex 62.0618 1.76817 10.7
      vertex 62.075 1.6 2.2
      vertex 62.075 1.6 10.7
    endloop
  endfacet
  facet normal -0.923786 -0.38291 0
    outer loop
      vertex 62.0224 1.93219 2.2
      vertex 61.9578 2.08804 10.7
      vertex 61.9578 2.08804 2.2
    endloop
  endfacet
  facet normal -0.923786 -0.38291 0
    outer loop
      vertex 61.9578 2.08804 10.7
      vertex 62.0224 1.93219 2.2
      vertex 62.0224 1.93219 10.7
    endloop
  endfacet
  facet normal -0.522309 0.852756 0
    outer loop
      vertex 61.6319 0.730307 2.2
      vertex 61.488 0.642169 10.7
      vertex 61.6319 0.730307 10.7
    endloop
  endfacet
  facet normal -0.522309 0.852756 0
    outer loop
      vertex 61.488 0.642169 10.7
      vertex 61.6319 0.730307 2.2
      vertex 61.488 0.642169 2.2
    endloop
  endfacet
  facet normal -0.852744 -0.52233 0
    outer loop
      vertex 61.9578 2.08804 2.2
      vertex 61.8697 2.23187 10.7
      vertex 61.8697 2.23187 2.2
    endloop
  endfacet
  facet normal -0.852744 -0.52233 0
    outer loop
      vertex 61.8697 2.23187 10.7
      vertex 61.9578 2.08804 2.2
      vertex 61.9578 2.08804 10.7
    endloop
  endfacet
  facet normal -0.760268 -0.649609 0
    outer loop
      vertex 61.8697 2.23187 2.2
      vertex 61.7601 2.36014 10.7
      vertex 61.7601 2.36014 2.2
    endloop
  endfacet
  facet normal -0.760268 -0.649609 0
    outer loop
      vertex 61.7601 2.36014 10.7
      vertex 61.8697 2.23187 2.2
      vertex 61.8697 2.23187 10.7
    endloop
  endfacet
  facet normal 0.996934 -0.0782513 0
    outer loop
      vertex 59.925 1.6 10.7
      vertex 59.9382 1.76817 2.2
      vertex 59.9382 1.76817 10.7
    endloop
  endfacet
  facet normal 0.996934 -0.0782513 0
    outer loop
      vertex 59.9382 1.76817 2.2
      vertex 59.925 1.6 10.7
      vertex 59.925 1.6 2.2
    endloop
  endfacet
  facet normal -0.233479 0.972362 0
    outer loop
      vertex 61.3322 0.577614 2.2
      vertex 61.1682 0.538235 10.7
      vertex 61.3322 0.577614 10.7
    endloop
  endfacet
  facet normal -0.233479 0.972362 0
    outer loop
      vertex 61.1682 0.538235 10.7
      vertex 61.3322 0.577614 2.2
      vertex 61.1682 0.538235 2.2
    endloop
  endfacet
  facet normal 0.85274 0.522335 0
    outer loop
      vertex 60.1303 0.968132 10.7
      vertex 60.0422 1.11196 2.2
      vertex 60.0422 1.11196 10.7
    endloop
  endfacet
  facet normal 0.85274 0.522335 0
    outer loop
      vertex 60.0422 1.11196 2.2
      vertex 60.1303 0.968132 10.7
      vertex 60.1303 0.968132 2.2
    endloop
  endfacet
  facet normal 0.923786 0.38291 0
    outer loop
      vertex 60.0422 1.11196 10.7
      vertex 59.9776 1.26781 2.2
      vertex 59.9776 1.26781 10.7
    endloop
  endfacet
  facet normal 0.923786 0.38291 0
    outer loop
      vertex 59.9776 1.26781 2.2
      vertex 60.0422 1.11196 10.7
      vertex 60.0422 1.11196 2.2
    endloop
  endfacet
  facet normal -0.522317 -0.852751 0
    outer loop
      vertex 61.488 2.55783 2.2
      vertex 61.6319 2.46969 10.7
      vertex 61.488 2.55783 10.7
    endloop
  endfacet
  facet normal -0.522317 -0.852751 -0
    outer loop
      vertex 61.6319 2.46969 10.7
      vertex 61.488 2.55783 2.2
      vertex 61.6319 2.46969 2.2
    endloop
  endfacet
  facet normal 0.522317 -0.852751 0
    outer loop
      vertex 60.3681 2.46969 2.2
      vertex 60.512 2.55783 10.7
      vertex 60.3681 2.46969 10.7
    endloop
  endfacet
  facet normal 0.522317 -0.852751 0
    outer loop
      vertex 60.512 2.55783 10.7
      vertex 60.3681 2.46969 2.2
      vertex 60.512 2.55783 2.2
    endloop
  endfacet
  facet normal 0.760268 -0.649609 0
    outer loop
      vertex 60.1303 2.23187 10.7
      vertex 60.2399 2.36014 2.2
      vertex 60.2399 2.36014 10.7
    endloop
  endfacet
  facet normal 0.760268 -0.649609 0
    outer loop
      vertex 60.2399 2.36014 2.2
      vertex 60.1303 2.23187 10.7
      vertex 60.1303 2.23187 2.2
    endloop
  endfacet
  facet normal 0.996934 0.0782513 0
    outer loop
      vertex 59.9382 1.43183 10.7
      vertex 59.925 1.6 2.2
      vertex 59.925 1.6 10.7
    endloop
  endfacet
  facet normal 0.996934 0.0782513 0
    outer loop
      vertex 59.925 1.6 2.2
      vertex 59.9382 1.43183 10.7
      vertex 59.9382 1.43183 2.2
    endloop
  endfacet
  facet normal -0.760271 0.649606 0
    outer loop
      vertex 61.7601 0.839861 2.2
      vertex 61.8697 0.968132 10.7
      vertex 61.8697 0.968132 2.2
    endloop
  endfacet
  facet normal -0.760271 0.649606 0
    outer loop
      vertex 61.8697 0.968132 10.7
      vertex 61.7601 0.839861 2.2
      vertex 61.7601 0.839861 10.7
    endloop
  endfacet
  facet normal -0.85274 0.522335 0
    outer loop
      vertex 61.8697 0.968132 2.2
      vertex 61.9578 1.11196 10.7
      vertex 61.9578 1.11196 2.2
    endloop
  endfacet
  facet normal -0.85274 0.522335 0
    outer loop
      vertex 61.9578 1.11196 10.7
      vertex 61.8697 0.968132 2.2
      vertex 61.8697 0.968132 10.7
    endloop
  endfacet
  facet normal 0.97234 0.23357 0
    outer loop
      vertex 59.9776 1.26781 10.7
      vertex 59.9382 1.43183 2.2
      vertex 59.9382 1.43183 10.7
    endloop
  endfacet
  facet normal 0.97234 0.23357 0
    outer loop
      vertex 59.9382 1.43183 2.2
      vertex 59.9776 1.26781 10.7
      vertex 59.9776 1.26781 2.2
    endloop
  endfacet
  facet normal 0.382787 0.923836 -0
    outer loop
      vertex 60.6678 0.577614 2.2
      vertex 60.512 0.642169 10.7
      vertex 60.6678 0.577614 10.7
    endloop
  endfacet
  facet normal 0.382787 0.923836 0
    outer loop
      vertex 60.512 0.642169 10.7
      vertex 60.6678 0.577614 2.2
      vertex 60.512 0.642169 2.2
    endloop
  endfacet
  facet normal -0.996934 0.0782513 0
    outer loop
      vertex 62.0618 1.43183 2.2
      vertex 62.075 1.6 10.7
      vertex 62.075 1.6 2.2
    endloop
  endfacet
  facet normal -0.996934 0.0782513 0
    outer loop
      vertex 62.075 1.6 10.7
      vertex 62.0618 1.43183 2.2
      vertex 62.0618 1.43183 10.7
    endloop
  endfacet
  facet normal -0.97234 0.23357 0
    outer loop
      vertex 62.0224 1.26781 2.2
      vertex 62.0618 1.43183 10.7
      vertex 62.0618 1.43183 2.2
    endloop
  endfacet
  facet normal -0.97234 0.23357 0
    outer loop
      vertex 62.0618 1.43183 10.7
      vertex 62.0224 1.26781 2.2
      vertex 62.0224 1.26781 10.7
    endloop
  endfacet
  facet normal 0.649643 -0.760239 0
    outer loop
      vertex 60.2399 2.36014 2.2
      vertex 60.3681 2.46969 10.7
      vertex 60.2399 2.36014 10.7
    endloop
  endfacet
  facet normal 0.649643 -0.760239 0
    outer loop
      vertex 60.3681 2.46969 10.7
      vertex 60.2399 2.36014 2.2
      vertex 60.3681 2.46969 2.2
    endloop
  endfacet
  facet normal 0.382813 -0.923826 0
    outer loop
      vertex 60.512 2.55783 2.2
      vertex 60.6678 2.62239 10.7
      vertex 60.512 2.55783 10.7
    endloop
  endfacet
  facet normal 0.382813 -0.923826 0
    outer loop
      vertex 60.6678 2.62239 10.7
      vertex 60.512 2.55783 2.2
      vertex 60.6678 2.62239 2.2
    endloop
  endfacet
  facet normal -0.649643 -0.760239 0
    outer loop
      vertex 61.6319 2.46969 2.2
      vertex 61.7601 2.36014 10.7
      vertex 61.6319 2.46969 10.7
    endloop
  endfacet
  facet normal -0.649643 -0.760239 -0
    outer loop
      vertex 61.7601 2.36014 10.7
      vertex 61.6319 2.46969 2.2
      vertex 61.7601 2.36014 2.2
    endloop
  endfacet
  facet normal 0.852744 -0.52233 0
    outer loop
      vertex 60.0422 2.08804 10.7
      vertex 60.1303 2.23187 2.2
      vertex 60.1303 2.23187 10.7
    endloop
  endfacet
  facet normal 0.852744 -0.52233 0
    outer loop
      vertex 60.1303 2.23187 2.2
      vertex 60.0422 2.08804 10.7
      vertex 60.0422 2.08804 2.2
    endloop
  endfacet
  facet normal 0.923786 -0.38291 0
    outer loop
      vertex 59.9776 1.93219 10.7
      vertex 60.0422 2.08804 2.2
      vertex 60.0422 2.08804 10.7
    endloop
  endfacet
  facet normal 0.923786 -0.38291 0
    outer loop
      vertex 60.0422 2.08804 2.2
      vertex 59.9776 1.93219 10.7
      vertex 59.9776 1.93219 2.2
    endloop
  endfacet
  facet normal 0.233429 -0.972374 0
    outer loop
      vertex 60.6678 2.62239 2.2
      vertex 60.8318 2.66176 10.7
      vertex 60.6678 2.62239 10.7
    endloop
  endfacet
  facet normal 0.233429 -0.972374 0
    outer loop
      vertex 60.8318 2.66176 10.7
      vertex 60.6678 2.62239 2.2
      vertex 60.8318 2.66176 2.2
    endloop
  endfacet
  facet normal 0.0784731 -0.996916 0
    outer loop
      vertex 60.8318 2.66176 2.2
      vertex 61 2.675 10.7
      vertex 60.8318 2.66176 10.7
    endloop
  endfacet
  facet normal 0.0784731 -0.996916 0
    outer loop
      vertex 61 2.675 10.7
      vertex 60.8318 2.66176 2.2
      vertex 61 2.675 2.2
    endloop
  endfacet
  facet normal 0.649657 0.760228 -0
    outer loop
      vertex 60.3681 0.730307 2.2
      vertex 60.2399 0.839861 10.7
      vertex 60.3681 0.730307 10.7
    endloop
  endfacet
  facet normal 0.649657 0.760228 0
    outer loop
      vertex 60.2399 0.839861 10.7
      vertex 60.3681 0.730307 2.2
      vertex 60.2399 0.839861 2.2
    endloop
  endfacet
  facet normal -0.0784731 -0.996916 0
    outer loop
      vertex 61 2.675 2.2
      vertex 61.1682 2.66176 10.7
      vertex 61 2.675 10.7
    endloop
  endfacet
  facet normal -0.0784731 -0.996916 -0
    outer loop
      vertex 61.1682 2.66176 10.7
      vertex 61 2.675 2.2
      vertex 61.1682 2.66176 2.2
    endloop
  endfacet
  facet normal 0.760271 0.649606 0
    outer loop
      vertex 60.2399 0.839861 10.7
      vertex 60.1303 0.968132 2.2
      vertex 60.1303 0.968132 10.7
    endloop
  endfacet
  facet normal 0.760271 0.649606 0
    outer loop
      vertex 60.1303 0.968132 2.2
      vertex 60.2399 0.839861 10.7
      vertex 60.2399 0.839861 2.2
    endloop
  endfacet
  facet normal -0.649657 0.760228 0
    outer loop
      vertex 61.7601 0.839861 2.2
      vertex 61.6319 0.730307 10.7
      vertex 61.7601 0.839861 10.7
    endloop
  endfacet
  facet normal -0.649657 0.760228 0
    outer loop
      vertex 61.6319 0.730307 10.7
      vertex 61.7601 0.839861 2.2
      vertex 61.6319 0.730307 2.2
    endloop
  endfacet
  facet normal -0.382813 -0.923826 0
    outer loop
      vertex 61.3322 2.62239 2.2
      vertex 61.488 2.55783 10.7
      vertex 61.3322 2.62239 10.7
    endloop
  endfacet
  facet normal -0.382813 -0.923826 -0
    outer loop
      vertex 61.488 2.55783 10.7
      vertex 61.3322 2.62239 2.2
      vertex 61.488 2.55783 2.2
    endloop
  endfacet
  facet normal 0.97234 -0.23357 0
    outer loop
      vertex 59.9382 1.76817 10.7
      vertex 59.9776 1.93219 2.2
      vertex 59.9776 1.93219 10.7
    endloop
  endfacet
  facet normal 0.97234 -0.23357 0
    outer loop
      vertex 59.9776 1.93219 2.2
      vertex 59.9382 1.76817 10.7
      vertex 59.9382 1.76817 2.2
    endloop
  endfacet
  facet normal -0.233429 -0.972374 0
    outer loop
      vertex 61.1682 2.66176 2.2
      vertex 61.3322 2.62239 10.7
      vertex 61.1682 2.66176 10.7
    endloop
  endfacet
  facet normal -0.233429 -0.972374 -0
    outer loop
      vertex 61.3322 2.62239 10.7
      vertex 61.1682 2.66176 2.2
      vertex 61.3322 2.62239 2.2
    endloop
  endfacet
  facet normal -0.923786 0.38291 0
    outer loop
      vertex 61.9578 1.11196 2.2
      vertex 62.0224 1.26781 10.7
      vertex 62.0224 1.26781 2.2
    endloop
  endfacet
  facet normal -0.923786 0.38291 0
    outer loop
      vertex 62.0224 1.26781 10.7
      vertex 61.9578 1.11196 2.2
      vertex 61.9578 1.11196 10.7
    endloop
  endfacet
  facet normal -0.382787 0.923836 0
    outer loop
      vertex 61.488 0.642169 2.2
      vertex 61.3322 0.577614 10.7
      vertex 61.488 0.642169 10.7
    endloop
  endfacet
  facet normal -0.382787 0.923836 0
    outer loop
      vertex 61.3322 0.577614 10.7
      vertex 61.488 0.642169 2.2
      vertex 61.3322 0.577614 2.2
    endloop
  endfacet
  facet normal 0.0784436 0.996919 -0
    outer loop
      vertex 61 0.525 2.2
      vertex 60.8318 0.538235 10.7
      vertex 61 0.525 10.7
    endloop
  endfacet
  facet normal 0.0784436 0.996919 0
    outer loop
      vertex 60.8318 0.538235 10.7
      vertex 61 0.525 2.2
      vertex 60.8318 0.538235 2.2
    endloop
  endfacet
  facet normal 0.233479 0.972362 -0
    outer loop
      vertex 60.8318 0.538235 2.2
      vertex 60.6678 0.577614 10.7
      vertex 60.8318 0.538235 10.7
    endloop
  endfacet
  facet normal 0.233479 0.972362 0
    outer loop
      vertex 60.6678 0.577614 10.7
      vertex 60.8318 0.538235 2.2
      vertex 60.6678 0.577614 2.2
    endloop
  endfacet
  facet normal 0.522309 0.852756 -0
    outer loop
      vertex 60.512 0.642169 2.2
      vertex 60.3681 0.730307 10.7
      vertex 60.512 0.642169 10.7
    endloop
  endfacet
  facet normal 0.522309 0.852756 0
    outer loop
      vertex 60.3681 0.730307 10.7
      vertex 60.512 0.642169 2.2
      vertex 60.3681 0.730307 2.2
    endloop
  endfacet
  facet normal -0.649437 -0.760416 0
    outer loop
      vertex 0.701903 32.1019 2.2
      vertex 1.0897 31.7707 10.7
      vertex 0.701903 32.1019 10.7
    endloop
  endfacet
  facet normal -0.649437 -0.760416 -0
    outer loop
      vertex 1.0897 31.7707 10.7
      vertex 0.701903 32.1019 2.2
      vertex 1.0897 31.7707 2.2
    endloop
  endfacet
  facet normal 0.972368 0.233455 0
    outer loop
      vertex 6.20999 34.9084 10.7
      vertex 6.09093 35.4043 2.2
      vertex 6.09093 35.4043 10.7
    endloop
  endfacet
  facet normal 0.972368 0.233455 0
    outer loop
      vertex 6.09093 35.4043 2.2
      vertex 6.20999 34.9084 10.7
      vertex 6.20999 34.9084 2.2
    endloop
  endfacet
  facet normal 0.996918 0.0784553 0
    outer loop
      vertex 6.25 34.4 10.7
      vertex 6.20999 34.9084 2.2
      vertex 6.20999 34.9084 10.7
    endloop
  endfacet
  facet normal 0.996918 0.0784553 0
    outer loop
      vertex 6.20999 34.9084 2.2
      vertex 6.25 34.4 10.7
      vertex 6.25 34.4 2.2
    endloop
  endfacet
  facet normal 0.923892 0.382654 0
    outer loop
      vertex 6.09093 35.4043 10.7
      vertex 5.89577 35.8755 2.2
      vertex 5.89577 35.8755 10.7
    endloop
  endfacet
  facet normal 0.923892 0.382654 0
    outer loop
      vertex 5.89577 35.8755 2.2
      vertex 6.09093 35.4043 10.7
      vertex 6.09093 35.4043 2.2
    endloop
  endfacet
  facet normal 0.760418 0.649434 0
    outer loop
      vertex 5.6293 36.3103 10.7
      vertex 5.2981 36.6981 2.2
      vertex 5.2981 36.6981 10.7
    endloop
  endfacet
  facet normal 0.760418 0.649434 0
    outer loop
      vertex 5.2981 36.6981 2.2
      vertex 5.6293 36.3103 10.7
      vertex 5.6293 36.3103 2.2
    endloop
  endfacet
  facet normal -0.382575 -0.923925 0
    outer loop
      vertex 1.52453 31.5042 2.2
      vertex 1.9957 31.3091 10.7
      vertex 1.52453 31.5042 10.7
    endloop
  endfacet
  facet normal -0.382575 -0.923925 -0
    outer loop
      vertex 1.9957 31.3091 10.7
      vertex 1.52453 31.5042 2.2
      vertex 1.9957 31.3091 2.2
    endloop
  endfacet
  facet normal -0.64944 0.760413 0
    outer loop
      vertex 1.05539 37 2.2
      vertex 0.701903 36.6981 10.7
      vertex 1.05539 37 10.7
    endloop
  endfacet
  facet normal -0.64944 0.760413 0
    outer loop
      vertex 0.701903 36.6981 10.7
      vertex 1.05539 37 2.2
      vertex 0.701903 36.6981 2.2
    endloop
  endfacet
  facet normal 0.382575 -0.923925 0
    outer loop
      vertex 4.0043 31.3091 2.2
      vertex 4.47547 31.5042 10.7
      vertex 4.0043 31.3091 10.7
    endloop
  endfacet
  facet normal 0.382575 -0.923925 0
    outer loop
      vertex 4.47547 31.5042 10.7
      vertex 4.0043 31.3091 2.2
      vertex 4.47547 31.5042 2.2
    endloop
  endfacet
  facet normal -0.996917 0.0784611 0
    outer loop
      vertex -0.25 34.4 2.2
      vertex -0.209987 34.9084 10.7
      vertex -0.209987 34.9084 2.2
    endloop
  endfacet
  facet normal -0.996917 0.0784611 0
    outer loop
      vertex -0.209987 34.9084 10.7
      vertex -0.25 34.4 2.2
      vertex -0.25 34.4 10.7
    endloop
  endfacet
  facet normal -0.996917 -0.0784611 0
    outer loop
      vertex -0.209987 33.8916 2.2
      vertex -0.25 34.4 10.7
      vertex -0.25 34.4 2.2
    endloop
  endfacet
  facet normal -0.996917 -0.0784611 0
    outer loop
      vertex -0.25 34.4 10.7
      vertex -0.209987 33.8916 2.2
      vertex -0.209987 33.8916 10.7
    endloop
  endfacet
  facet normal 0.233533 -0.972349 0
    outer loop
      vertex 3.50841 31.19 2.2
      vertex 4.0043 31.3091 10.7
      vertex 3.50841 31.19 10.7
    endloop
  endfacet
  facet normal 0.233533 -0.972349 0
    outer loop
      vertex 4.0043 31.3091 10.7
      vertex 3.50841 31.19 2.2
      vertex 4.0043 31.3091 2.2
    endloop
  endfacet
  facet normal 0.760418 -0.649434 0
    outer loop
      vertex 5.2981 32.1019 10.7
      vertex 5.6293 32.4897 2.2
      vertex 5.6293 32.4897 10.7
    endloop
  endfacet
  facet normal 0.760418 -0.649434 0
    outer loop
      vertex 5.6293 32.4897 2.2
      vertex 5.2981 32.1019 10.7
      vertex 5.2981 32.1019 2.2
    endloop
  endfacet
  facet normal -0.852623 0.522527 0
    outer loop
      vertex 0.104229 35.8755 2.2
      vertex 0.370695 36.3103 10.7
      vertex 0.370695 36.3103 2.2
    endloop
  endfacet
  facet normal -0.852623 0.522527 0
    outer loop
      vertex 0.370695 36.3103 10.7
      vertex 0.104229 35.8755 2.2
      vertex 0.104229 35.8755 10.7
    endloop
  endfacet
  facet normal 0.0784343 -0.996919 0
    outer loop
      vertex 3 31.15 2.2
      vertex 3.50841 31.19 10.7
      vertex 3 31.15 10.7
    endloop
  endfacet
  facet normal 0.0784343 -0.996919 0
    outer loop
      vertex 3.50841 31.19 10.7
      vertex 3 31.15 2.2
      vertex 3.50841 31.19 2.2
    endloop
  endfacet
  facet normal -0.97237 -0.233444 0
    outer loop
      vertex -0.0909328 33.3957 2.2
      vertex -0.209987 33.8916 10.7
      vertex -0.209987 33.8916 2.2
    endloop
  endfacet
  facet normal -0.97237 -0.233444 0
    outer loop
      vertex -0.209987 33.8916 10.7
      vertex -0.0909328 33.3957 2.2
      vertex -0.0909328 33.3957 10.7
    endloop
  endfacet
  facet normal 0.852619 0.522533 0
    outer loop
      vertex 5.89577 35.8755 10.7
      vertex 5.6293 36.3103 2.2
      vertex 5.6293 36.3103 10.7
    endloop
  endfacet
  facet normal 0.852619 0.522533 0
    outer loop
      vertex 5.6293 36.3103 2.2
      vertex 5.89577 35.8755 10.7
      vertex 5.89577 35.8755 2.2
    endloop
  endfacet
  facet normal -0.92389 -0.382657 0
    outer loop
      vertex 0.104229 32.9245 2.2
      vertex -0.0909328 33.3957 10.7
      vertex -0.0909328 33.3957 2.2
    endloop
  endfacet
  facet normal -0.92389 -0.382657 0
    outer loop
      vertex -0.0909328 33.3957 10.7
      vertex 0.104229 32.9245 2.2
      vertex 0.104229 32.9245 10.7
    endloop
  endfacet
  facet normal 0.649437 0.760416 -0
    outer loop
      vertex 5.2981 36.6981 2.2
      vertex 4.94461 37 10.7
      vertex 5.2981 36.6981 10.7
    endloop
  endfacet
  facet normal 0.649437 0.760416 0
    outer loop
      vertex 4.94461 37 10.7
      vertex 5.2981 36.6981 2.2
      vertex 4.94461 37 2.2
    endloop
  endfacet
  facet normal 0.996918 -0.0784553 0
    outer loop
      vertex 6.20999 33.8916 10.7
      vertex 6.25 34.4 2.2
      vertex 6.25 34.4 10.7
    endloop
  endfacet
  facet normal 0.996918 -0.0784553 0
    outer loop
      vertex 6.25 34.4 2.2
      vertex 6.20999 33.8916 10.7
      vertex 6.20999 33.8916 2.2
    endloop
  endfacet
  facet normal 0.972368 -0.233455 0
    outer loop
      vertex 6.09093 33.3957 10.7
      vertex 6.20999 33.8916 2.2
      vertex 6.20999 33.8916 10.7
    endloop
  endfacet
  facet normal 0.972368 -0.233455 0
    outer loop
      vertex 6.20999 33.8916 2.2
      vertex 6.09093 33.3957 10.7
      vertex 6.09093 33.3957 2.2
    endloop
  endfacet
  facet normal -0.52255 -0.852609 0
    outer loop
      vertex 1.0897 31.7707 2.2
      vertex 1.52453 31.5042 10.7
      vertex 1.0897 31.7707 10.7
    endloop
  endfacet
  facet normal -0.52255 -0.852609 -0
    outer loop
      vertex 1.52453 31.5042 10.7
      vertex 1.0897 31.7707 2.2
      vertex 1.52453 31.5042 2.2
    endloop
  endfacet
  facet normal -0.76041 0.649443 0
    outer loop
      vertex 0.370695 36.3103 2.2
      vertex 0.701903 36.6981 10.7
      vertex 0.701903 36.6981 2.2
    endloop
  endfacet
  facet normal -0.76041 0.649443 0
    outer loop
      vertex 0.701903 36.6981 10.7
      vertex 0.370695 36.3103 2.2
      vertex 0.370695 36.3103 10.7
    endloop
  endfacet
  facet normal -0.852623 -0.522527 0
    outer loop
      vertex 0.370695 32.4897 2.2
      vertex 0.104229 32.9245 10.7
      vertex 0.104229 32.9245 2.2
    endloop
  endfacet
  facet normal -0.852623 -0.522527 0
    outer loop
      vertex 0.104229 32.9245 10.7
      vertex 0.370695 32.4897 2.2
      vertex 0.370695 32.4897 10.7
    endloop
  endfacet
  facet normal -0.92389 0.382657 0
    outer loop
      vertex -0.0909328 35.4043 2.2
      vertex 0.104229 35.8755 10.7
      vertex 0.104229 35.8755 2.2
    endloop
  endfacet
  facet normal -0.92389 0.382657 0
    outer loop
      vertex 0.104229 35.8755 10.7
      vertex -0.0909328 35.4043 2.2
      vertex -0.0909328 35.4043 10.7
    endloop
  endfacet
  facet normal 0.923892 -0.382654 0
    outer loop
      vertex 5.89577 32.9245 10.7
      vertex 6.09093 33.3957 2.2
      vertex 6.09093 33.3957 10.7
    endloop
  endfacet
  facet normal 0.923892 -0.382654 0
    outer loop
      vertex 6.09093 33.3957 2.2
      vertex 5.89577 32.9245 10.7
      vertex 5.89577 32.9245 2.2
    endloop
  endfacet
  facet normal -0.76041 -0.649443 0
    outer loop
      vertex 0.701903 32.1019 2.2
      vertex 0.370695 32.4897 10.7
      vertex 0.370695 32.4897 2.2
    endloop
  endfacet
  facet normal -0.76041 -0.649443 0
    outer loop
      vertex 0.370695 32.4897 10.7
      vertex 0.701903 32.1019 2.2
      vertex 0.701903 32.1019 10.7
    endloop
  endfacet
  facet normal 0.649434 -0.760418 0
    outer loop
      vertex 4.9103 31.7707 2.2
      vertex 5.2981 32.1019 10.7
      vertex 4.9103 31.7707 10.7
    endloop
  endfacet
  facet normal 0.649434 -0.760418 0
    outer loop
      vertex 5.2981 32.1019 10.7
      vertex 4.9103 31.7707 2.2
      vertex 5.2981 32.1019 2.2
    endloop
  endfacet
  facet normal 0.52255 -0.852609 0
    outer loop
      vertex 4.47547 31.5042 2.2
      vertex 4.9103 31.7707 10.7
      vertex 4.47547 31.5042 10.7
    endloop
  endfacet
  facet normal 0.52255 -0.852609 0
    outer loop
      vertex 4.9103 31.7707 10.7
      vertex 4.47547 31.5042 2.2
      vertex 4.9103 31.7707 2.2
    endloop
  endfacet
  facet normal 0 0 -1
    outer loop
      vertex 6.20999 33.8916 2.2
      vertex 4.06176 34.2318 2.2
      vertex 4.075 34.4 2.2
    endloop
  endfacet
  facet normal 0 0 -1
    outer loop
      vertex 4.9103 31.7707 2.2
      vertex 4.02239 34.0678 2.2
      vertex 4.06176 34.2318 2.2
    endloop
  endfacet
  facet normal 0 0 -1
    outer loop
      vertex 3.48804 33.4422 2.2
      vertex 4.47547 31.5042 2.2
      vertex 4.0043 31.3091 2.2
    endloop
  endfacet
  facet normal 0 0 -1
    outer loop
      vertex 4.9103 31.7707 2.2
      vertex 3.95783 33.912 2.2
      vertex 4.02239 34.0678 2.2
    endloop
  endfacet
  facet normal 0 0 -1
    outer loop
      vertex 4.9103 31.7707 2.2
      vertex 3.86969 33.7681 2.2
      vertex 3.95783 33.912 2.2
    endloop
  endfacet
  facet normal 0 0 -1
    outer loop
      vertex 4.9103 31.7707 2.2
      vertex 3.76014 33.6399 2.2
      vertex 3.86969 33.7681 2.2
    endloop
  endfacet
  facet normal 0 0 -1
    outer loop
      vertex 4.9103 31.7707 2.2
      vertex 3.63187 33.5303 2.2
      vertex 3.76014 33.6399 2.2
    endloop
  endfacet
  facet normal 0 0 -1
    outer loop
      vertex 3.33219 33.3776 2.2
      vertex 4.0043 31.3091 2.2
      vertex 3.50841 31.19 2.2
    endloop
  endfacet
  facet normal 0 0 -1
    outer loop
      vertex 4.47547 31.5042 2.2
      vertex 3.48804 33.4422 2.2
      vertex 3.63187 33.5303 2.2
    endloop
  endfacet
  facet normal 0 0 -1
    outer loop
      vertex 4.0043 31.3091 2.2
      vertex 3.33219 33.3776 2.2
      vertex 3.48804 33.4422 2.2
    endloop
  endfacet
  facet normal 0 0 -1
    outer loop
      vertex 3.50841 31.19 2.2
      vertex 3.16817 33.3382 2.2
      vertex 3.33219 33.3776 2.2
    endloop
  endfacet
  facet normal 0 0 -1
    outer loop
      vertex 3 31.15 2.2
      vertex 3.16817 33.3382 2.2
      vertex 3.50841 31.19 2.2
    endloop
  endfacet
  facet normal 0 0 -1
    outer loop
      vertex 3 31.15 2.2
      vertex 3 33.325 2.2
      vertex 3.16817 33.3382 2.2
    endloop
  endfacet
  facet normal 0 0 -1
    outer loop
      vertex 3 31.15 2.2
      vertex 2.83183 33.3382 2.2
      vertex 3 33.325 2.2
    endloop
  endfacet
  facet normal 0 0 -1
    outer loop
      vertex 2.49159 31.19 2.2
      vertex 2.83183 33.3382 2.2
      vertex 3 31.15 2.2
    endloop
  endfacet
  facet normal -0 0 -1
    outer loop
      vertex 2.83183 33.3382 2.2
      vertex 2.49159 31.19 2.2
      vertex 2.66781 33.3776 2.2
    endloop
  endfacet
  facet normal 0 0 -1
    outer loop
      vertex 1.9957 31.3091 2.2
      vertex 2.66781 33.3776 2.2
      vertex 2.49159 31.19 2.2
    endloop
  endfacet
  facet normal -0 0 -1
    outer loop
      vertex 2.66781 33.3776 2.2
      vertex 1.9957 31.3091 2.2
      vertex 2.51196 33.4422 2.2
    endloop
  endfacet
  facet normal 0 0 -1
    outer loop
      vertex 1.52453 31.5042 2.2
      vertex 2.51196 33.4422 2.2
      vertex 1.9957 31.3091 2.2
    endloop
  endfacet
  facet normal -0 0 -1
    outer loop
      vertex 2.51196 33.4422 2.2
      vertex 1.52453 31.5042 2.2
      vertex 2.36813 33.5303 2.2
    endloop
  endfacet
  facet normal 0 0 -1
    outer loop
      vertex 1.0897 31.7707 2.2
      vertex 2.36813 33.5303 2.2
      vertex 1.52453 31.5042 2.2
    endloop
  endfacet
  facet normal -0 0 -1
    outer loop
      vertex 2.36813 33.5303 2.2
      vertex 1.0897 31.7707 2.2
      vertex 2.23986 33.6399 2.2
    endloop
  endfacet
  facet normal 0 0 -1
    outer loop
      vertex 0.701903 32.1019 2.2
      vertex 2.23986 33.6399 2.2
      vertex 1.0897 31.7707 2.2
    endloop
  endfacet
  facet normal -0 0 -1
    outer loop
      vertex 2.23986 33.6399 2.2
      vertex 0.701903 32.1019 2.2
      vertex 2.13031 33.7681 2.2
    endloop
  endfacet
  facet normal 0 0 -1
    outer loop
      vertex 0.370695 32.4897 2.2
      vertex 2.13031 33.7681 2.2
      vertex 0.701903 32.1019 2.2
    endloop
  endfacet
  facet normal -0 0 -1
    outer loop
      vertex 2.13031 33.7681 2.2
      vertex 0.370695 32.4897 2.2
      vertex 2.04217 33.912 2.2
    endloop
  endfacet
  facet normal 0 0 -1
    outer loop
      vertex 4.075 34.4 2.2
      vertex 6.25 34.4 2.2
      vertex 6.20999 33.8916 2.2
    endloop
  endfacet
  facet normal 0 0 -1
    outer loop
      vertex 4.06176 34.2318 2.2
      vertex 6.20999 33.8916 2.2
      vertex 6.09093 33.3957 2.2
    endloop
  endfacet
  facet normal 0 0 -1
    outer loop
      vertex 6.25 34.4 2.2
      vertex 4.075 34.4 2.2
      vertex 6.20999 34.9084 2.2
    endloop
  endfacet
  facet normal 0 0 -1
    outer loop
      vertex 4.06176 34.2318 2.2
      vertex 6.09093 33.3957 2.2
      vertex 5.89577 32.9245 2.2
    endloop
  endfacet
  facet normal 0 0 -1
    outer loop
      vertex 4.06176 34.5682 2.2
      vertex 6.20999 34.9084 2.2
      vertex 4.075 34.4 2.2
    endloop
  endfacet
  facet normal 0 0 -1
    outer loop
      vertex 4.06176 34.2318 2.2
      vertex 5.89577 32.9245 2.2
      vertex 5.6293 32.4897 2.2
    endloop
  endfacet
  facet normal -0 0 -1
    outer loop
      vertex 6.20999 34.9084 2.2
      vertex 4.06176 34.5682 2.2
      vertex 6.09093 35.4043 2.2
    endloop
  endfacet
  facet normal 0 0 -1
    outer loop
      vertex 4.06176 34.2318 2.2
      vertex 5.6293 32.4897 2.2
      vertex 5.2981 32.1019 2.2
    endloop
  endfacet
  facet normal 0 0 -1
    outer loop
      vertex 4.02239 34.7322 2.2
      vertex 6.09093 35.4043 2.2
      vertex 4.06176 34.5682 2.2
    endloop
  endfacet
  facet normal -0 0 -1
    outer loop
      vertex 6.09093 35.4043 2.2
      vertex 4.02239 34.7322 2.2
      vertex 5.89577 35.8755 2.2
    endloop
  endfacet
  facet normal 0 0 -1
    outer loop
      vertex 4.06176 34.2318 2.2
      vertex 5.2981 32.1019 2.2
      vertex 4.9103 31.7707 2.2
    endloop
  endfacet
  facet normal 0 0 -1
    outer loop
      vertex 3.63187 33.5303 2.2
      vertex 4.9103 31.7707 2.2
      vertex 4.47547 31.5042 2.2
    endloop
  endfacet
  facet normal 0 0 -1
    outer loop
      vertex 3.95783 34.888 2.2
      vertex 5.89577 35.8755 2.2
      vertex 4.02239 34.7322 2.2
    endloop
  endfacet
  facet normal -0 0 -1
    outer loop
      vertex 5.89577 35.8755 2.2
      vertex 3.95783 34.888 2.2
      vertex 5.6293 36.3103 2.2
    endloop
  endfacet
  facet normal 0 0 -1
    outer loop
      vertex 3.86969 35.0319 2.2
      vertex 5.6293 36.3103 2.2
      vertex 3.95783 34.888 2.2
    endloop
  endfacet
  facet normal -0 0 -1
    outer loop
      vertex 5.6293 36.3103 2.2
      vertex 3.86969 35.0319 2.2
      vertex 5.2981 36.6981 2.2
    endloop
  endfacet
  facet normal 0 0 -1
    outer loop
      vertex 3.76014 35.1601 2.2
      vertex 5.2981 36.6981 2.2
      vertex 3.86969 35.0319 2.2
    endloop
  endfacet
  facet normal -0 0 -1
    outer loop
      vertex 5.2981 36.6981 2.2
      vertex 3.76014 35.1601 2.2
      vertex 4.94461 37 2.2
    endloop
  endfacet
  facet normal 0 0 -1
    outer loop
      vertex 3.63187 35.2697 2.2
      vertex 4.94461 37 2.2
      vertex 3.76014 35.1601 2.2
    endloop
  endfacet
  facet normal 0 0 -1
    outer loop
      vertex 3.48804 35.3578 2.2
      vertex 4.94461 37 2.2
      vertex 3.63187 35.2697 2.2
    endloop
  endfacet
  facet normal 0 0 -1
    outer loop
      vertex 3.33219 35.4224 2.2
      vertex 4.94461 37 2.2
      vertex 3.48804 35.3578 2.2
    endloop
  endfacet
  facet normal 0 0 -1
    outer loop
      vertex 3.16817 35.4618 2.2
      vertex 4.94461 37 2.2
      vertex 3.33219 35.4224 2.2
    endloop
  endfacet
  facet normal 0 0 -1
    outer loop
      vertex 3 35.475 2.2
      vertex 4.94461 37 2.2
      vertex 3.16817 35.4618 2.2
    endloop
  endfacet
  facet normal 0 0 -1
    outer loop
      vertex 1.05539 37 2.2
      vertex 3 35.475 2.2
      vertex 2.83183 35.4618 2.2
    endloop
  endfacet
  facet normal 0 0 -1
    outer loop
      vertex 1.05539 37 2.2
      vertex 2.83183 35.4618 2.2
      vertex 2.66781 35.4224 2.2
    endloop
  endfacet
  facet normal 0 0 -1
    outer loop
      vertex 1.05539 37 2.2
      vertex 2.66781 35.4224 2.2
      vertex 2.51196 35.3578 2.2
    endloop
  endfacet
  facet normal 0 0 -1
    outer loop
      vertex 1.05539 37 2.2
      vertex 2.51196 35.3578 2.2
      vertex 2.36813 35.2697 2.2
    endloop
  endfacet
  facet normal 0 0 -1
    outer loop
      vertex 0.104229 32.9245 2.2
      vertex 2.04217 33.912 2.2
      vertex 0.370695 32.4897 2.2
    endloop
  endfacet
  facet normal -0 0 -1
    outer loop
      vertex 2.04217 33.912 2.2
      vertex 0.104229 32.9245 2.2
      vertex 1.97761 34.0678 2.2
    endloop
  endfacet
  facet normal 0 0 -1
    outer loop
      vertex -0.0909328 33.3957 2.2
      vertex 1.97761 34.0678 2.2
      vertex 0.104229 32.9245 2.2
    endloop
  endfacet
  facet normal 0 0 -1
    outer loop
      vertex 3 35.475 2.2
      vertex 1.05539 37 2.2
      vertex 4.94461 37 2.2
    endloop
  endfacet
  facet normal 0 0 -1
    outer loop
      vertex 2.23986 35.1601 2.2
      vertex 1.05539 37 2.2
      vertex 2.36813 35.2697 2.2
    endloop
  endfacet
  facet normal 0 0 -1
    outer loop
      vertex 0.701903 36.6981 2.2
      vertex 2.23986 35.1601 2.2
      vertex 2.13031 35.0319 2.2
    endloop
  endfacet
  facet normal 0 0 -1
    outer loop
      vertex 0.370695 36.3103 2.2
      vertex 2.13031 35.0319 2.2
      vertex 2.04217 34.888 2.2
    endloop
  endfacet
  facet normal 0 0 -1
    outer loop
      vertex 0.104229 35.8755 2.2
      vertex 2.04217 34.888 2.2
      vertex 1.97761 34.7322 2.2
    endloop
  endfacet
  facet normal -0 0 -1
    outer loop
      vertex 1.97761 34.0678 2.2
      vertex -0.0909328 33.3957 2.2
      vertex 1.93824 34.2318 2.2
    endloop
  endfacet
  facet normal 0 0 -1
    outer loop
      vertex -0.209987 33.8916 2.2
      vertex 1.93824 34.2318 2.2
      vertex -0.0909328 33.3957 2.2
    endloop
  endfacet
  facet normal 0 0 -1
    outer loop
      vertex 2.23986 35.1601 2.2
      vertex 0.701903 36.6981 2.2
      vertex 1.05539 37 2.2
    endloop
  endfacet
  facet normal -0 0 -1
    outer loop
      vertex 1.93824 34.2318 2.2
      vertex -0.209987 33.8916 2.2
      vertex 1.925 34.4 2.2
    endloop
  endfacet
  facet normal 0 0 -1
    outer loop
      vertex 2.13031 35.0319 2.2
      vertex 0.370695 36.3103 2.2
      vertex 0.701903 36.6981 2.2
    endloop
  endfacet
  facet normal 0 0 -1
    outer loop
      vertex -0.25 34.4 2.2
      vertex 1.925 34.4 2.2
      vertex -0.209987 33.8916 2.2
    endloop
  endfacet
  facet normal 0 0 -1
    outer loop
      vertex 2.04217 34.888 2.2
      vertex 0.104229 35.8755 2.2
      vertex 0.370695 36.3103 2.2
    endloop
  endfacet
  facet normal 0 0 -1
    outer loop
      vertex 1.925 34.4 2.2
      vertex -0.25 34.4 2.2
      vertex 1.93824 34.5682 2.2
    endloop
  endfacet
  facet normal 0 0 -1
    outer loop
      vertex 1.97761 34.7322 2.2
      vertex -0.0909328 35.4043 2.2
      vertex 0.104229 35.8755 2.2
    endloop
  endfacet
  facet normal 0 -0 -1
    outer loop
      vertex -0.209987 34.9084 2.2
      vertex 1.93824 34.5682 2.2
      vertex -0.25 34.4 2.2
    endloop
  endfacet
  facet normal 0 0 -1
    outer loop
      vertex 1.97761 34.7322 2.2
      vertex -0.209987 34.9084 2.2
      vertex -0.0909328 35.4043 2.2
    endloop
  endfacet
  facet normal 0 0 -1
    outer loop
      vertex 1.93824 34.5682 2.2
      vertex -0.209987 34.9084 2.2
      vertex 1.97761 34.7322 2.2
    endloop
  endfacet
  facet normal 0 0 1
    outer loop
      vertex 4.075 34.4 10.7
      vertex 6.25 34.4 10.7
      vertex 6.20999 34.9084 10.7
    endloop
  endfacet
  facet normal 0 0 1
    outer loop
      vertex 4.06176 34.5682 10.7
      vertex 6.20999 34.9084 10.7
      vertex 6.09093 35.4043 10.7
    endloop
  endfacet
  facet normal 0 0 1
    outer loop
      vertex 6.25 34.4 10.7
      vertex 4.075 34.4 10.7
      vertex 6.20999 33.8916 10.7
    endloop
  endfacet
  facet normal 0 0 1
    outer loop
      vertex 4.02239 34.7322 10.7
      vertex 6.09093 35.4043 10.7
      vertex 5.89577 35.8755 10.7
    endloop
  endfacet
  facet normal -0 0 1
    outer loop
      vertex 4.06176 34.2318 10.7
      vertex 6.20999 33.8916 10.7
      vertex 4.075 34.4 10.7
    endloop
  endfacet
  facet normal 0 0 1
    outer loop
      vertex 3.95783 34.888 10.7
      vertex 5.89577 35.8755 10.7
      vertex 5.6293 36.3103 10.7
    endloop
  endfacet
  facet normal 0 0 1
    outer loop
      vertex 6.20999 33.8916 10.7
      vertex 4.06176 34.2318 10.7
      vertex 6.09093 33.3957 10.7
    endloop
  endfacet
  facet normal 0 0 1
    outer loop
      vertex 3.86969 35.0319 10.7
      vertex 5.6293 36.3103 10.7
      vertex 5.2981 36.6981 10.7
    endloop
  endfacet
  facet normal -0 0 1
    outer loop
      vertex 4.02239 34.0678 10.7
      vertex 6.09093 33.3957 10.7
      vertex 4.06176 34.2318 10.7
    endloop
  endfacet
  facet normal 0 0 1
    outer loop
      vertex 3.76014 35.1601 10.7
      vertex 5.2981 36.6981 10.7
      vertex 4.94461 37 10.7
    endloop
  endfacet
  facet normal 0 0 1
    outer loop
      vertex 6.09093 33.3957 10.7
      vertex 4.02239 34.0678 10.7
      vertex 5.89577 32.9245 10.7
    endloop
  endfacet
  facet normal -0 0 1
    outer loop
      vertex 3.95783 33.912 10.7
      vertex 5.89577 32.9245 10.7
      vertex 4.02239 34.0678 10.7
    endloop
  endfacet
  facet normal 0 0 1
    outer loop
      vertex 5.89577 32.9245 10.7
      vertex 3.95783 33.912 10.7
      vertex 5.6293 32.4897 10.7
    endloop
  endfacet
  facet normal 0 0 1
    outer loop
      vertex 6.20999 34.9084 10.7
      vertex 4.06176 34.5682 10.7
      vertex 4.075 34.4 10.7
    endloop
  endfacet
  facet normal 0 0 1
    outer loop
      vertex 6.09093 35.4043 10.7
      vertex 4.02239 34.7322 10.7
      vertex 4.06176 34.5682 10.7
    endloop
  endfacet
  facet normal 0 0 1
    outer loop
      vertex 5.89577 35.8755 10.7
      vertex 3.95783 34.888 10.7
      vertex 4.02239 34.7322 10.7
    endloop
  endfacet
  facet normal 0 0 1
    outer loop
      vertex 5.6293 36.3103 10.7
      vertex 3.86969 35.0319 10.7
      vertex 3.95783 34.888 10.7
    endloop
  endfacet
  facet normal 0 0 1
    outer loop
      vertex 5.2981 36.6981 10.7
      vertex 3.76014 35.1601 10.7
      vertex 3.86969 35.0319 10.7
    endloop
  endfacet
  facet normal 0 0 1
    outer loop
      vertex 4.94461 37 10.7
      vertex 3.63187 35.2697 10.7
      vertex 3.76014 35.1601 10.7
    endloop
  endfacet
  facet normal 0 0 1
    outer loop
      vertex 4.94461 37 10.7
      vertex 3.48804 35.3578 10.7
      vertex 3.63187 35.2697 10.7
    endloop
  endfacet
  facet normal 0 0 1
    outer loop
      vertex 4.94461 37 10.7
      vertex 3.33219 35.4224 10.7
      vertex 3.48804 35.3578 10.7
    endloop
  endfacet
  facet normal 0 0 1
    outer loop
      vertex 4.94461 37 10.7
      vertex 3.16817 35.4618 10.7
      vertex 3.33219 35.4224 10.7
    endloop
  endfacet
  facet normal 0 0 1
    outer loop
      vertex 4.94461 37 10.7
      vertex 3 35.475 10.7
      vertex 3.16817 35.4618 10.7
    endloop
  endfacet
  facet normal -0 0 1
    outer loop
      vertex 1.05539 37 10.7
      vertex 3 35.475 10.7
      vertex 4.94461 37 10.7
    endloop
  endfacet
  facet normal 0 0 1
    outer loop
      vertex 3 35.475 10.7
      vertex 1.05539 37 10.7
      vertex 2.83183 35.4618 10.7
    endloop
  endfacet
  facet normal 0 0 1
    outer loop
      vertex 2.83183 35.4618 10.7
      vertex 1.05539 37 10.7
      vertex 2.66781 35.4224 10.7
    endloop
  endfacet
  facet normal 0 0 1
    outer loop
      vertex 2.66781 35.4224 10.7
      vertex 1.05539 37 10.7
      vertex 2.51196 35.3578 10.7
    endloop
  endfacet
  facet normal 0 0 1
    outer loop
      vertex -0.25 34.4 10.7
      vertex 1.925 34.4 10.7
      vertex 1.93824 34.5682 10.7
    endloop
  endfacet
  facet normal 0 0 1
    outer loop
      vertex 1.925 34.4 10.7
      vertex 1.0897 31.7707 10.7
      vertex 1.52453 31.5042 10.7
    endloop
  endfacet
  facet normal 0 0 1
    outer loop
      vertex -0.209987 34.9084 10.7
      vertex 1.93824 34.5682 10.7
      vertex 1.97761 34.7322 10.7
    endloop
  endfacet
  facet normal 0 0 1
    outer loop
      vertex 2.51196 35.3578 10.7
      vertex 1.05539 37 10.7
      vertex 2.36813 35.2697 10.7
    endloop
  endfacet
  facet normal 0 0 1
    outer loop
      vertex 1.05539 37 10.7
      vertex 2.23986 35.1601 10.7
      vertex 2.36813 35.2697 10.7
    endloop
  endfacet
  facet normal -0 0 1
    outer loop
      vertex 0.701903 36.6981 10.7
      vertex 2.23986 35.1601 10.7
      vertex 1.05539 37 10.7
    endloop
  endfacet
  facet normal 0 0 1
    outer loop
      vertex 2.23986 35.1601 10.7
      vertex 0.701903 36.6981 10.7
      vertex 2.13031 35.0319 10.7
    endloop
  endfacet
  facet normal -0 0 1
    outer loop
      vertex 0.370695 36.3103 10.7
      vertex 2.13031 35.0319 10.7
      vertex 0.701903 36.6981 10.7
    endloop
  endfacet
  facet normal 0 0 1
    outer loop
      vertex 2.13031 35.0319 10.7
      vertex 0.370695 36.3103 10.7
      vertex 2.04217 34.888 10.7
    endloop
  endfacet
  facet normal -0 0 1
    outer loop
      vertex 0.104229 35.8755 10.7
      vertex 2.04217 34.888 10.7
      vertex 0.370695 36.3103 10.7
    endloop
  endfacet
  facet normal 0 0 1
    outer loop
      vertex 1.925 34.4 10.7
      vertex 0.701903 32.1019 10.7
      vertex 1.0897 31.7707 10.7
    endloop
  endfacet
  facet normal 0 0 1
    outer loop
      vertex 2.04217 34.888 10.7
      vertex 0.104229 35.8755 10.7
      vertex 1.97761 34.7322 10.7
    endloop
  endfacet
  facet normal 0 0 1
    outer loop
      vertex 1.925 34.4 10.7
      vertex 0.370695 32.4897 10.7
      vertex 0.701903 32.1019 10.7
    endloop
  endfacet
  facet normal -0 0 1
    outer loop
      vertex -0.0909328 35.4043 10.7
      vertex 1.97761 34.7322 10.7
      vertex 0.104229 35.8755 10.7
    endloop
  endfacet
  facet normal 0 0 1
    outer loop
      vertex 1.925 34.4 10.7
      vertex 0.104229 32.9245 10.7
      vertex 0.370695 32.4897 10.7
    endloop
  endfacet
  facet normal -0 0 1
    outer loop
      vertex -0.209987 34.9084 10.7
      vertex 1.97761 34.7322 10.7
      vertex -0.0909328 35.4043 10.7
    endloop
  endfacet
  facet normal 0 0 1
    outer loop
      vertex 1.925 34.4 10.7
      vertex -0.0909328 33.3957 10.7
      vertex 0.104229 32.9245 10.7
    endloop
  endfacet
  facet normal 0 0 1
    outer loop
      vertex 1.93824 34.5682 10.7
      vertex -0.209987 34.9084 10.7
      vertex -0.25 34.4 10.7
    endloop
  endfacet
  facet normal 0 0 1
    outer loop
      vertex 1.925 34.4 10.7
      vertex -0.209987 33.8916 10.7
      vertex -0.0909328 33.3957 10.7
    endloop
  endfacet
  facet normal 0 0 1
    outer loop
      vertex 1.925 34.4 10.7
      vertex -0.25 34.4 10.7
      vertex -0.209987 33.8916 10.7
    endloop
  endfacet
  facet normal -0 0 1
    outer loop
      vertex 3.86969 33.7681 10.7
      vertex 5.6293 32.4897 10.7
      vertex 3.95783 33.912 10.7
    endloop
  endfacet
  facet normal 0 0 1
    outer loop
      vertex 5.6293 32.4897 10.7
      vertex 3.86969 33.7681 10.7
      vertex 5.2981 32.1019 10.7
    endloop
  endfacet
  facet normal -0 0 1
    outer loop
      vertex 3.76014 33.6399 10.7
      vertex 5.2981 32.1019 10.7
      vertex 3.86969 33.7681 10.7
    endloop
  endfacet
  facet normal 0 0 1
    outer loop
      vertex 5.2981 32.1019 10.7
      vertex 3.76014 33.6399 10.7
      vertex 4.9103 31.7707 10.7
    endloop
  endfacet
  facet normal -0 0 1
    outer loop
      vertex 3.63187 33.5303 10.7
      vertex 4.9103 31.7707 10.7
      vertex 3.76014 33.6399 10.7
    endloop
  endfacet
  facet normal 0 0 1
    outer loop
      vertex 4.9103 31.7707 10.7
      vertex 3.63187 33.5303 10.7
      vertex 4.47547 31.5042 10.7
    endloop
  endfacet
  facet normal -0 0 1
    outer loop
      vertex 3.48804 33.4422 10.7
      vertex 4.47547 31.5042 10.7
      vertex 3.63187 33.5303 10.7
    endloop
  endfacet
  facet normal 0 0 1
    outer loop
      vertex 4.47547 31.5042 10.7
      vertex 3.48804 33.4422 10.7
      vertex 4.0043 31.3091 10.7
    endloop
  endfacet
  facet normal -0 0 1
    outer loop
      vertex 3.33219 33.3776 10.7
      vertex 4.0043 31.3091 10.7
      vertex 3.48804 33.4422 10.7
    endloop
  endfacet
  facet normal 0 0 1
    outer loop
      vertex 4.0043 31.3091 10.7
      vertex 3.33219 33.3776 10.7
      vertex 3.50841 31.19 10.7
    endloop
  endfacet
  facet normal -0 0 1
    outer loop
      vertex 3.16817 33.3382 10.7
      vertex 3.50841 31.19 10.7
      vertex 3.33219 33.3776 10.7
    endloop
  endfacet
  facet normal -0 0 1
    outer loop
      vertex 3 33.325 10.7
      vertex 3.50841 31.19 10.7
      vertex 3.16817 33.3382 10.7
    endloop
  endfacet
  facet normal 0 0 1
    outer loop
      vertex 3 33.325 10.7
      vertex 3 31.15 10.7
      vertex 3.50841 31.19 10.7
    endloop
  endfacet
  facet normal 0 0 1
    outer loop
      vertex 2.83183 33.3382 10.7
      vertex 3 31.15 10.7
      vertex 3 33.325 10.7
    endloop
  endfacet
  facet normal 0 0 1
    outer loop
      vertex 2.49159 31.19 10.7
      vertex 2.83183 33.3382 10.7
      vertex 2.66781 33.3776 10.7
    endloop
  endfacet
  facet normal 0 0 1
    outer loop
      vertex 1.9957 31.3091 10.7
      vertex 2.66781 33.3776 10.7
      vertex 2.51196 33.4422 10.7
    endloop
  endfacet
  facet normal 0 0 1
    outer loop
      vertex 2.83183 33.3382 10.7
      vertex 2.49159 31.19 10.7
      vertex 3 31.15 10.7
    endloop
  endfacet
  facet normal 0 0 1
    outer loop
      vertex 1.52453 31.5042 10.7
      vertex 2.51196 33.4422 10.7
      vertex 2.36813 33.5303 10.7
    endloop
  endfacet
  facet normal 0 0 1
    outer loop
      vertex 1.52453 31.5042 10.7
      vertex 2.36813 33.5303 10.7
      vertex 2.23986 33.6399 10.7
    endloop
  endfacet
  facet normal 0 0 1
    outer loop
      vertex 1.52453 31.5042 10.7
      vertex 2.23986 33.6399 10.7
      vertex 2.13031 33.7681 10.7
    endloop
  endfacet
  facet normal 0 0 1
    outer loop
      vertex 1.52453 31.5042 10.7
      vertex 2.13031 33.7681 10.7
      vertex 2.04217 33.912 10.7
    endloop
  endfacet
  facet normal 0 0 1
    outer loop
      vertex 2.66781 33.3776 10.7
      vertex 1.9957 31.3091 10.7
      vertex 2.49159 31.19 10.7
    endloop
  endfacet
  facet normal 0 0 1
    outer loop
      vertex 1.52453 31.5042 10.7
      vertex 2.04217 33.912 10.7
      vertex 1.97761 34.0678 10.7
    endloop
  endfacet
  facet normal 0 0 1
    outer loop
      vertex 1.52453 31.5042 10.7
      vertex 1.97761 34.0678 10.7
      vertex 1.93824 34.2318 10.7
    endloop
  endfacet
  facet normal 0 0 1
    outer loop
      vertex 1.52453 31.5042 10.7
      vertex 1.93824 34.2318 10.7
      vertex 1.925 34.4 10.7
    endloop
  endfacet
  facet normal 0 0 1
    outer loop
      vertex 2.51196 33.4422 10.7
      vertex 1.52453 31.5042 10.7
      vertex 1.9957 31.3091 10.7
    endloop
  endfacet
  facet normal -0.233533 -0.972349 0
    outer loop
      vertex 1.9957 31.3091 2.2
      vertex 2.49159 31.19 10.7
      vertex 1.9957 31.3091 10.7
    endloop
  endfacet
  facet normal -0.233533 -0.972349 -0
    outer loop
      vertex 2.49159 31.19 10.7
      vertex 1.9957 31.3091 2.2
      vertex 2.49159 31.19 2.2
    endloop
  endfacet
  facet normal 0.852619 -0.522533 0
    outer loop
      vertex 5.6293 32.4897 10.7
      vertex 5.89577 32.9245 2.2
      vertex 5.89577 32.9245 10.7
    endloop
  endfacet
  facet normal 0.852619 -0.522533 0
    outer loop
      vertex 5.89577 32.9245 2.2
      vertex 5.6293 32.4897 10.7
      vertex 5.6293 32.4897 2.2
    endloop
  endfacet
  facet normal -0.97237 0.233444 0
    outer loop
      vertex -0.209987 34.9084 2.2
      vertex -0.0909328 35.4043 10.7
      vertex -0.0909328 35.4043 2.2
    endloop
  endfacet
  facet normal -0.97237 0.233444 0
    outer loop
      vertex -0.0909328 35.4043 10.7
      vertex -0.209987 34.9084 2.2
      vertex -0.209987 34.9084 10.7
    endloop
  endfacet
  facet normal -0.0784343 -0.996919 0
    outer loop
      vertex 2.49159 31.19 2.2
      vertex 3 31.15 10.7
      vertex 2.49159 31.19 10.7
    endloop
  endfacet
  facet normal -0.0784343 -0.996919 -0
    outer loop
      vertex 3 31.15 10.7
      vertex 2.49159 31.19 2.2
      vertex 3 31.15 2.2
    endloop
  endfacet
  facet normal -0.0782513 0.996934 0
    outer loop
      vertex 3.16817 33.3382 2.2
      vertex 3 33.325 10.7
      vertex 3.16817 33.3382 10.7
    endloop
  endfacet
  facet normal -0.0782513 0.996934 0
    outer loop
      vertex 3 33.325 10.7
      vertex 3.16817 33.3382 2.2
      vertex 3 33.325 2.2
    endloop
  endfacet
  facet normal -0.972374 -0.233429 0
    outer loop
      vertex 4.06176 34.5682 2.2
      vertex 4.02239 34.7322 10.7
      vertex 4.02239 34.7322 2.2
    endloop
  endfacet
  facet normal -0.972374 -0.233429 0
    outer loop
      vertex 4.02239 34.7322 10.7
      vertex 4.06176 34.5682 2.2
      vertex 4.06176 34.5682 10.7
    endloop
  endfacet
  facet normal -0.996916 -0.0784731 0
    outer loop
      vertex 4.075 34.4 2.2
      vertex 4.06176 34.5682 10.7
      vertex 4.06176 34.5682 2.2
    endloop
  endfacet
  facet normal -0.996916 -0.0784731 0
    outer loop
      vertex 4.06176 34.5682 10.7
      vertex 4.075 34.4 2.2
      vertex 4.075 34.4 10.7
    endloop
  endfacet
  facet normal -0.923826 -0.382813 0
    outer loop
      vertex 4.02239 34.7322 2.2
      vertex 3.95783 34.888 10.7
      vertex 3.95783 34.888 2.2
    endloop
  endfacet
  facet normal -0.923826 -0.382813 0
    outer loop
      vertex 3.95783 34.888 10.7
      vertex 4.02239 34.7322 2.2
      vertex 4.02239 34.7322 10.7
    endloop
  endfacet
  facet normal -0.52233 0.852744 0
    outer loop
      vertex 3.63187 33.5303 2.2
      vertex 3.48804 33.4422 10.7
      vertex 3.63187 33.5303 10.7
    endloop
  endfacet
  facet normal -0.52233 0.852744 0
    outer loop
      vertex 3.48804 33.4422 10.7
      vertex 3.63187 33.5303 2.2
      vertex 3.48804 33.4422 2.2
    endloop
  endfacet
  facet normal -0.852751 -0.522317 0
    outer loop
      vertex 3.95783 34.888 2.2
      vertex 3.86969 35.0319 10.7
      vertex 3.86969 35.0319 2.2
    endloop
  endfacet
  facet normal -0.852751 -0.522317 0
    outer loop
      vertex 3.86969 35.0319 10.7
      vertex 3.95783 34.888 2.2
      vertex 3.95783 34.888 10.7
    endloop
  endfacet
  facet normal -0.760239 -0.649643 0
    outer loop
      vertex 3.86969 35.0319 2.2
      vertex 3.76014 35.1601 10.7
      vertex 3.76014 35.1601 2.2
    endloop
  endfacet
  facet normal -0.760239 -0.649643 0
    outer loop
      vertex 3.76014 35.1601 10.7
      vertex 3.86969 35.0319 2.2
      vertex 3.86969 35.0319 10.7
    endloop
  endfacet
  facet normal 0.996916 -0.0784731 0
    outer loop
      vertex 1.925 34.4 10.7
      vertex 1.93824 34.5682 2.2
      vertex 1.93824 34.5682 10.7
    endloop
  endfacet
  facet normal 0.996916 -0.0784731 0
    outer loop
      vertex 1.93824 34.5682 2.2
      vertex 1.925 34.4 10.7
      vertex 1.925 34.4 2.2
    endloop
  endfacet
  facet normal -0.23357 0.97234 0
    outer loop
      vertex 3.33219 33.3776 2.2
      vertex 3.16817 33.3382 10.7
      vertex 3.33219 33.3776 10.7
    endloop
  endfacet
  facet normal -0.23357 0.97234 0
    outer loop
      vertex 3.16817 33.3382 10.7
      vertex 3.33219 33.3776 2.2
      vertex 3.16817 33.3382 2.2
    endloop
  endfacet
  facet normal 0.852751 0.522317 0
    outer loop
      vertex 2.13031 33.7681 10.7
      vertex 2.04217 33.912 2.2
      vertex 2.04217 33.912 10.7
    endloop
  endfacet
  facet normal 0.852751 0.522317 0
    outer loop
      vertex 2.04217 33.912 2.2
      vertex 2.13031 33.7681 10.7
      vertex 2.13031 33.7681 2.2
    endloop
  endfacet
  facet normal 0.923826 0.382813 0
    outer loop
      vertex 2.04217 33.912 10.7
      vertex 1.97761 34.0678 2.2
      vertex 1.97761 34.0678 10.7
    endloop
  endfacet
  facet normal 0.923826 0.382813 0
    outer loop
      vertex 1.97761 34.0678 2.2
      vertex 2.04217 33.912 10.7
      vertex 2.04217 33.912 2.2
    endloop
  endfacet
  facet normal -0.52233 -0.852744 0
    outer loop
      vertex 3.48804 35.3578 2.2
      vertex 3.63187 35.2697 10.7
      vertex 3.48804 35.3578 10.7
    endloop
  endfacet
  facet normal -0.52233 -0.852744 -0
    outer loop
      vertex 3.63187 35.2697 10.7
      vertex 3.48804 35.3578 2.2
      vertex 3.63187 35.2697 2.2
    endloop
  endfacet
  facet normal 0.52233 -0.852744 0
    outer loop
      vertex 2.36813 35.2697 2.2
      vertex 2.51196 35.3578 10.7
      vertex 2.36813 35.2697 10.7
    endloop
  endfacet
  facet normal 0.52233 -0.852744 0
    outer loop
      vertex 2.51196 35.3578 10.7
      vertex 2.36813 35.2697 2.2
      vertex 2.51196 35.3578 2.2
    endloop
  endfacet
  facet normal 0.760239 -0.649643 0
    outer loop
      vertex 2.13031 35.0319 10.7
      vertex 2.23986 35.1601 2.2
      vertex 2.23986 35.1601 10.7
    endloop
  endfacet
  facet normal 0.760239 -0.649643 0
    outer loop
      vertex 2.23986 35.1601 2.2
      vertex 2.13031 35.0319 10.7
      vertex 2.13031 35.0319 2.2
    endloop
  endfacet
  facet normal 0.996916 0.0784731 0
    outer loop
      vertex 1.93824 34.2318 10.7
      vertex 1.925 34.4 2.2
      vertex 1.925 34.4 10.7
    endloop
  endfacet
  facet normal 0.996916 0.0784731 0
    outer loop
      vertex 1.925 34.4 2.2
      vertex 1.93824 34.2318 10.7
      vertex 1.93824 34.2318 2.2
    endloop
  endfacet
  facet normal -0.760239 0.649643 0
    outer loop
      vertex 3.76014 33.6399 2.2
      vertex 3.86969 33.7681 10.7
      vertex 3.86969 33.7681 2.2
    endloop
  endfacet
  facet normal -0.760239 0.649643 0
    outer loop
      vertex 3.86969 33.7681 10.7
      vertex 3.76014 33.6399 2.2
      vertex 3.76014 33.6399 10.7
    endloop
  endfacet
  facet normal -0.852751 0.522317 0
    outer loop
      vertex 3.86969 33.7681 2.2
      vertex 3.95783 33.912 10.7
      vertex 3.95783 33.912 2.2
    endloop
  endfacet
  facet normal -0.852751 0.522317 0
    outer loop
      vertex 3.95783 33.912 10.7
      vertex 3.86969 33.7681 2.2
      vertex 3.86969 33.7681 10.7
    endloop
  endfacet
  facet normal 0.972374 0.233429 0
    outer loop
      vertex 1.97761 34.0678 10.7
      vertex 1.93824 34.2318 2.2
      vertex 1.93824 34.2318 10.7
    endloop
  endfacet
  facet normal 0.972374 0.233429 0
    outer loop
      vertex 1.93824 34.2318 2.2
      vertex 1.97761 34.0678 10.7
      vertex 1.97761 34.0678 2.2
    endloop
  endfacet
  facet normal 0.38291 0.923786 -0
    outer loop
      vertex 2.66781 33.3776 2.2
      vertex 2.51196 33.4422 10.7
      vertex 2.66781 33.3776 10.7
    endloop
  endfacet
  facet normal 0.38291 0.923786 0
    outer loop
      vertex 2.51196 33.4422 10.7
      vertex 2.66781 33.3776 2.2
      vertex 2.51196 33.4422 2.2
    endloop
  endfacet
  facet normal -0.996916 0.0784731 0
    outer loop
      vertex 4.06176 34.2318 2.2
      vertex 4.075 34.4 10.7
      vertex 4.075 34.4 2.2
    endloop
  endfacet
  facet normal -0.996916 0.0784731 0
    outer loop
      vertex 4.075 34.4 10.7
      vertex 4.06176 34.2318 2.2
      vertex 4.06176 34.2318 10.7
    endloop
  endfacet
  facet normal -0.972374 0.233429 0
    outer loop
      vertex 4.02239 34.0678 2.2
      vertex 4.06176 34.2318 10.7
      vertex 4.06176 34.2318 2.2
    endloop
  endfacet
  facet normal -0.972374 0.233429 0
    outer loop
      vertex 4.06176 34.2318 10.7
      vertex 4.02239 34.0678 2.2
      vertex 4.02239 34.0678 10.7
    endloop
  endfacet
  facet normal 0.649609 -0.760268 0
    outer loop
      vertex 2.23986 35.1601 2.2
      vertex 2.36813 35.2697 10.7
      vertex 2.23986 35.1601 10.7
    endloop
  endfacet
  facet normal 0.649609 -0.760268 0
    outer loop
      vertex 2.36813 35.2697 10.7
      vertex 2.23986 35.1601 2.2
      vertex 2.36813 35.2697 2.2
    endloop
  endfacet
  facet normal 0.38291 -0.923786 0
    outer loop
      vertex 2.51196 35.3578 2.2
      vertex 2.66781 35.4224 10.7
      vertex 2.51196 35.3578 10.7
    endloop
  endfacet
  facet normal 0.38291 -0.923786 0
    outer loop
      vertex 2.66781 35.4224 10.7
      vertex 2.51196 35.3578 2.2
      vertex 2.66781 35.4224 2.2
    endloop
  endfacet
  facet normal -0.649609 -0.760268 0
    outer loop
      vertex 3.63187 35.2697 2.2
      vertex 3.76014 35.1601 10.7
      vertex 3.63187 35.2697 10.7
    endloop
  endfacet
  facet normal -0.649609 -0.760268 -0
    outer loop
      vertex 3.76014 35.1601 10.7
      vertex 3.63187 35.2697 2.2
      vertex 3.76014 35.1601 2.2
    endloop
  endfacet
  facet normal 0.852751 -0.522317 0
    outer loop
      vertex 2.04217 34.888 10.7
      vertex 2.13031 35.0319 2.2
      vertex 2.13031 35.0319 10.7
    endloop
  endfacet
  facet normal 0.852751 -0.522317 0
    outer loop
      vertex 2.13031 35.0319 2.2
      vertex 2.04217 34.888 10.7
      vertex 2.04217 34.888 2.2
    endloop
  endfacet
  facet normal 0.923826 -0.382813 0
    outer loop
      vertex 1.97761 34.7322 10.7
      vertex 2.04217 34.888 2.2
      vertex 2.04217 34.888 10.7
    endloop
  endfacet
  facet normal 0.923826 -0.382813 0
    outer loop
      vertex 2.04217 34.888 2.2
      vertex 1.97761 34.7322 10.7
      vertex 1.97761 34.7322 2.2
    endloop
  endfacet
  facet normal 0.23357 -0.97234 0
    outer loop
      vertex 2.66781 35.4224 2.2
      vertex 2.83183 35.4618 10.7
      vertex 2.66781 35.4224 10.7
    endloop
  endfacet
  facet normal 0.23357 -0.97234 0
    outer loop
      vertex 2.83183 35.4618 10.7
      vertex 2.66781 35.4224 2.2
      vertex 2.83183 35.4618 2.2
    endloop
  endfacet
  facet normal 0.0782513 -0.996934 0
    outer loop
      vertex 2.83183 35.4618 2.2
      vertex 3 35.475 10.7
      vertex 2.83183 35.4618 10.7
    endloop
  endfacet
  facet normal 0.0782513 -0.996934 0
    outer loop
      vertex 3 35.475 10.7
      vertex 2.83183 35.4618 2.2
      vertex 3 35.475 2.2
    endloop
  endfacet
  facet normal 0.649609 0.760268 -0
    outer loop
      vertex 2.36813 33.5303 2.2
      vertex 2.23986 33.6399 10.7
      vertex 2.36813 33.5303 10.7
    endloop
  endfacet
  facet normal 0.649609 0.760268 0
    outer loop
      vertex 2.23986 33.6399 10.7
      vertex 2.36813 33.5303 2.2
      vertex 2.23986 33.6399 2.2
    endloop
  endfacet
  facet normal -0.0782513 -0.996934 0
    outer loop
      vertex 3 35.475 2.2
      vertex 3.16817 35.4618 10.7
      vertex 3 35.475 10.7
    endloop
  endfacet
  facet normal -0.0782513 -0.996934 -0
    outer loop
      vertex 3.16817 35.4618 10.7
      vertex 3 35.475 2.2
      vertex 3.16817 35.4618 2.2
    endloop
  endfacet
  facet normal 0.760239 0.649643 0
    outer loop
      vertex 2.23986 33.6399 10.7
      vertex 2.13031 33.7681 2.2
      vertex 2.13031 33.7681 10.7
    endloop
  endfacet
  facet normal 0.760239 0.649643 0
    outer loop
      vertex 2.13031 33.7681 2.2
      vertex 2.23986 33.6399 10.7
      vertex 2.23986 33.6399 2.2
    endloop
  endfacet
  facet normal -0.649609 0.760268 0
    outer loop
      vertex 3.76014 33.6399 2.2
      vertex 3.63187 33.5303 10.7
      vertex 3.76014 33.6399 10.7
    endloop
  endfacet
  facet normal -0.649609 0.760268 0
    outer loop
      vertex 3.63187 33.5303 10.7
      vertex 3.76014 33.6399 2.2
      vertex 3.63187 33.5303 2.2
    endloop
  endfacet
  facet normal -0.38291 -0.923786 0
    outer loop
      vertex 3.33219 35.4224 2.2
      vertex 3.48804 35.3578 10.7
      vertex 3.33219 35.4224 10.7
    endloop
  endfacet
  facet normal -0.38291 -0.923786 -0
    outer loop
      vertex 3.48804 35.3578 10.7
      vertex 3.33219 35.4224 2.2
      vertex 3.48804 35.3578 2.2
    endloop
  endfacet
  facet normal 0.972374 -0.233429 0
    outer loop
      vertex 1.93824 34.5682 10.7
      vertex 1.97761 34.7322 2.2
      vertex 1.97761 34.7322 10.7
    endloop
  endfacet
  facet normal 0.972374 -0.233429 0
    outer loop
      vertex 1.97761 34.7322 2.2
      vertex 1.93824 34.5682 10.7
      vertex 1.93824 34.5682 2.2
    endloop
  endfacet
  facet normal -0.23357 -0.97234 0
    outer loop
      vertex 3.16817 35.4618 2.2
      vertex 3.33219 35.4224 10.7
      vertex 3.16817 35.4618 10.7
    endloop
  endfacet
  facet normal -0.23357 -0.97234 -0
    outer loop
      vertex 3.33219 35.4224 10.7
      vertex 3.16817 35.4618 2.2
      vertex 3.33219 35.4224 2.2
    endloop
  endfacet
  facet normal -0.923826 0.382813 0
    outer loop
      vertex 3.95783 33.912 2.2
      vertex 4.02239 34.0678 10.7
      vertex 4.02239 34.0678 2.2
    endloop
  endfacet
  facet normal -0.923826 0.382813 0
    outer loop
      vertex 4.02239 34.0678 10.7
      vertex 3.95783 33.912 2.2
      vertex 3.95783 33.912 10.7
    endloop
  endfacet
  facet normal -0.38291 0.923786 0
    outer loop
      vertex 3.48804 33.4422 2.2
      vertex 3.33219 33.3776 10.7
      vertex 3.48804 33.4422 10.7
    endloop
  endfacet
  facet normal -0.38291 0.923786 0
    outer loop
      vertex 3.33219 33.3776 10.7
      vertex 3.48804 33.4422 2.2
      vertex 3.33219 33.3776 2.2
    endloop
  endfacet
  facet normal 0.0782513 0.996934 -0
    outer loop
      vertex 3 33.325 2.2
      vertex 2.83183 33.3382 10.7
      vertex 3 33.325 10.7
    endloop
  endfacet
  facet normal 0.0782513 0.996934 0
    outer loop
      vertex 2.83183 33.3382 10.7
      vertex 3 33.325 2.2
      vertex 2.83183 33.3382 2.2
    endloop
  endfacet
  facet normal 0.23357 0.97234 -0
    outer loop
      vertex 2.83183 33.3382 2.2
      vertex 2.66781 33.3776 10.7
      vertex 2.83183 33.3382 10.7
    endloop
  endfacet
  facet normal 0.23357 0.97234 0
    outer loop
      vertex 2.66781 33.3776 10.7
      vertex 2.83183 33.3382 2.2
      vertex 2.66781 33.3776 2.2
    endloop
  endfacet
  facet normal 0.52233 0.852744 -0
    outer loop
      vertex 2.51196 33.4422 2.2
      vertex 2.36813 33.5303 10.7
      vertex 2.51196 33.4422 10.7
    endloop
  endfacet
  facet normal 0.52233 0.852744 0
    outer loop
      vertex 2.36813 33.5303 10.7
      vertex 2.51196 33.4422 2.2
      vertex 2.36813 33.5303 2.2
    endloop
  endfacet
  facet normal -0.649434 -0.760418 0
    outer loop
      vertex 58.7019 32.1019 2.2
      vertex 59.0897 31.7707 10.7
      vertex 58.7019 32.1019 10.7
    endloop
  endfacet
  facet normal -0.649434 -0.760418 -0
    outer loop
      vertex 59.0897 31.7707 10.7
      vertex 58.7019 32.1019 2.2
      vertex 59.0897 31.7707 2.2
    endloop
  endfacet
  facet normal 0.97235 0.233529 0
    outer loop
      vertex 64.21 34.9084 10.7
      vertex 64.0909 35.4043 2.2
      vertex 64.0909 35.4043 10.7
    endloop
  endfacet
  facet normal 0.97235 0.233529 0
    outer loop
      vertex 64.0909 35.4043 2.2
      vertex 64.21 34.9084 10.7
      vertex 64.21 34.9084 2.2
    endloop
  endfacet
  facet normal 0.996919 0.0784358 0
    outer loop
      vertex 64.25 34.4 10.7
      vertex 64.21 34.9084 2.2
      vertex 64.21 34.9084 10.7
    endloop
  endfacet
  facet normal 0.996919 0.0784358 0
    outer loop
      vertex 64.21 34.9084 2.2
      vertex 64.25 34.4 10.7
      vertex 64.25 34.4 2.2
    endloop
  endfacet
  facet normal 0.923933 0.382554 0
    outer loop
      vertex 64.0909 35.4043 10.7
      vertex 63.8958 35.8755 2.2
      vertex 63.8958 35.8755 10.7
    endloop
  endfacet
  facet normal 0.923933 0.382554 0
    outer loop
      vertex 63.8958 35.8755 2.2
      vertex 64.0909 35.4043 10.7
      vertex 64.0909 35.4043 2.2
    endloop
  endfacet
  facet normal 0.760418 0.649434 0
    outer loop
      vertex 63.6293 36.3103 10.7
      vertex 63.2981 36.6981 2.2
      vertex 63.2981 36.6981 10.7
    endloop
  endfacet
  facet normal 0.760418 0.649434 0
    outer loop
      vertex 63.2981 36.6981 2.2
      vertex 63.6293 36.3103 10.7
      vertex 63.6293 36.3103 2.2
    endloop
  endfacet
  facet normal -0.382554 -0.923933 0
    outer loop
      vertex 59.5245 31.5042 2.2
      vertex 59.9957 31.3091 10.7
      vertex 59.5245 31.5042 10.7
    endloop
  endfacet
  facet normal -0.382554 -0.923933 -0
    outer loop
      vertex 59.9957 31.3091 10.7
      vertex 59.5245 31.5042 2.2
      vertex 59.9957 31.3091 2.2
    endloop
  endfacet
  facet normal -0.649426 0.760425 0
    outer loop
      vertex 59.0554 37 2.2
      vertex 58.7019 36.6981 10.7
      vertex 59.0554 37 10.7
    endloop
  endfacet
  facet normal -0.649426 0.760425 0
    outer loop
      vertex 58.7019 36.6981 10.7
      vertex 59.0554 37 2.2
      vertex 58.7019 36.6981 2.2
    endloop
  endfacet
  facet normal 0.382554 -0.923933 0
    outer loop
      vertex 62.0043 31.3091 2.2
      vertex 62.4755 31.5042 10.7
      vertex 62.0043 31.3091 10.7
    endloop
  endfacet
  facet normal 0.382554 -0.923933 0
    outer loop
      vertex 62.4755 31.5042 10.7
      vertex 62.0043 31.3091 2.2
      vertex 62.4755 31.5042 2.2
    endloop
  endfacet
  facet normal -0.996919 0.0784358 0
    outer loop
      vertex 57.75 34.4 2.2
      vertex 57.79 34.9084 10.7
      vertex 57.79 34.9084 2.2
    endloop
  endfacet
  facet normal -0.996919 0.0784358 0
    outer loop
      vertex 57.79 34.9084 10.7
      vertex 57.75 34.4 2.2
      vertex 57.75 34.4 10.7
    endloop
  endfacet
  facet normal -0.996919 -0.0784358 0
    outer loop
      vertex 57.79 33.8916 2.2
      vertex 57.75 34.4 10.7
      vertex 57.75 34.4 2.2
    endloop
  endfacet
  facet normal -0.996919 -0.0784358 0
    outer loop
      vertex 57.75 34.4 10.7
      vertex 57.79 33.8916 2.2
      vertex 57.79 33.8916 10.7
    endloop
  endfacet
  facet normal 0.233529 -0.97235 0
    outer loop
      vertex 61.5084 31.19 2.2
      vertex 62.0043 31.3091 10.7
      vertex 61.5084 31.19 10.7
    endloop
  endfacet
  facet normal 0.233529 -0.97235 0
    outer loop
      vertex 62.0043 31.3091 10.7
      vertex 61.5084 31.19 2.2
      vertex 62.0043 31.3091 2.2
    endloop
  endfacet
  facet normal 0.760418 -0.649434 0
    outer loop
      vertex 63.2981 32.1019 10.7
      vertex 63.6293 32.4897 2.2
      vertex 63.6293 32.4897 10.7
    endloop
  endfacet
  facet normal 0.760418 -0.649434 0
    outer loop
      vertex 63.6293 32.4897 2.2
      vertex 63.2981 32.1019 10.7
      vertex 63.2981 32.1019 2.2
    endloop
  endfacet
  facet normal -0.852593 0.522576 0
    outer loop
      vertex 58.1042 35.8755 2.2
      vertex 58.3707 36.3103 10.7
      vertex 58.3707 36.3103 2.2
    endloop
  endfacet
  facet normal -0.852593 0.522576 0
    outer loop
      vertex 58.3707 36.3103 10.7
      vertex 58.1042 35.8755 2.2
      vertex 58.1042 35.8755 10.7
    endloop
  endfacet
  facet normal 0.0784358 -0.996919 0
    outer loop
      vertex 61 31.15 2.2
      vertex 61.5084 31.19 10.7
      vertex 61 31.15 10.7
    endloop
  endfacet
  facet normal 0.0784358 -0.996919 0
    outer loop
      vertex 61.5084 31.19 10.7
      vertex 61 31.15 2.2
      vertex 61.5084 31.19 2.2
    endloop
  endfacet
  facet normal -0.97235 -0.233529 0
    outer loop
      vertex 57.9091 33.3957 2.2
      vertex 57.79 33.8916 10.7
      vertex 57.79 33.8916 2.2
    endloop
  endfacet
  facet normal -0.97235 -0.233529 0
    outer loop
      vertex 57.79 33.8916 10.7
      vertex 57.9091 33.3957 2.2
      vertex 57.9091 33.3957 10.7
    endloop
  endfacet
  facet normal 0.852593 0.522576 0
    outer loop
      vertex 63.8958 35.8755 10.7
      vertex 63.6293 36.3103 2.2
      vertex 63.6293 36.3103 10.7
    endloop
  endfacet
  facet normal 0.852593 0.522576 0
    outer loop
      vertex 63.6293 36.3103 2.2
      vertex 63.8958 35.8755 10.7
      vertex 63.8958 35.8755 2.2
    endloop
  endfacet
  facet normal -0.923933 -0.382554 0
    outer loop
      vertex 58.1042 32.9245 2.2
      vertex 57.9091 33.3957 10.7
      vertex 57.9091 33.3957 2.2
    endloop
  endfacet
  facet normal -0.923933 -0.382554 0
    outer loop
      vertex 57.9091 33.3957 10.7
      vertex 58.1042 32.9245 2.2
      vertex 58.1042 32.9245 10.7
    endloop
  endfacet
  facet normal 0.649426 0.760425 -0
    outer loop
      vertex 63.2981 36.6981 2.2
      vertex 62.9446 37 10.7
      vertex 63.2981 36.6981 10.7
    endloop
  endfacet
  facet normal 0.649426 0.760425 0
    outer loop
      vertex 62.9446 37 10.7
      vertex 63.2981 36.6981 2.2
      vertex 62.9446 37 2.2
    endloop
  endfacet
  facet normal 0.996919 -0.0784358 0
    outer loop
      vertex 64.21 33.8916 10.7
      vertex 64.25 34.4 2.2
      vertex 64.25 34.4 10.7
    endloop
  endfacet
  facet normal 0.996919 -0.0784358 0
    outer loop
      vertex 64.25 34.4 2.2
      vertex 64.21 33.8916 10.7
      vertex 64.21 33.8916 2.2
    endloop
  endfacet
  facet normal 0.97235 -0.233529 0
    outer loop
      vertex 64.0909 33.3957 10.7
      vertex 64.21 33.8916 2.2
      vertex 64.21 33.8916 10.7
    endloop
  endfacet
  facet normal 0.97235 -0.233529 0
    outer loop
      vertex 64.21 33.8916 2.2
      vertex 64.0909 33.3957 10.7
      vertex 64.0909 33.3957 2.2
    endloop
  endfacet
  facet normal -0.522576 -0.852593 0
    outer loop
      vertex 59.0897 31.7707 2.2
      vertex 59.5245 31.5042 10.7
      vertex 59.0897 31.7707 10.7
    endloop
  endfacet
  facet normal -0.522576 -0.852593 -0
    outer loop
      vertex 59.5245 31.5042 10.7
      vertex 59.0897 31.7707 2.2
      vertex 59.5245 31.5042 2.2
    endloop
  endfacet
  facet normal -0.760418 0.649434 0
    outer loop
      vertex 58.3707 36.3103 2.2
      vertex 58.7019 36.6981 10.7
      vertex 58.7019 36.6981 2.2
    endloop
  endfacet
  facet normal -0.760418 0.649434 0
    outer loop
      vertex 58.7019 36.6981 10.7
      vertex 58.3707 36.3103 2.2
      vertex 58.3707 36.3103 10.7
    endloop
  endfacet
  facet normal -0.852593 -0.522576 0
    outer loop
      vertex 58.3707 32.4897 2.2
      vertex 58.1042 32.9245 10.7
      vertex 58.1042 32.9245 2.2
    endloop
  endfacet
  facet normal -0.852593 -0.522576 0
    outer loop
      vertex 58.1042 32.9245 10.7
      vertex 58.3707 32.4897 2.2
      vertex 58.3707 32.4897 10.7
    endloop
  endfacet
  facet normal -0.923933 0.382554 0
    outer loop
      vertex 57.9091 35.4043 2.2
      vertex 58.1042 35.8755 10.7
      vertex 58.1042 35.8755 2.2
    endloop
  endfacet
  facet normal -0.923933 0.382554 0
    outer loop
      vertex 58.1042 35.8755 10.7
      vertex 57.9091 35.4043 2.2
      vertex 57.9091 35.4043 10.7
    endloop
  endfacet
  facet normal 0.923933 -0.382554 0
    outer loop
      vertex 63.8958 32.9245 10.7
      vertex 64.0909 33.3957 2.2
      vertex 64.0909 33.3957 10.7
    endloop
  endfacet
  facet normal 0.923933 -0.382554 0
    outer loop
      vertex 64.0909 33.3957 2.2
      vertex 63.8958 32.9245 10.7
      vertex 63.8958 32.9245 2.2
    endloop
  endfacet
  facet normal -0.760418 -0.649434 0
    outer loop
      vertex 58.7019 32.1019 2.2
      vertex 58.3707 32.4897 10.7
      vertex 58.3707 32.4897 2.2
    endloop
  endfacet
  facet normal -0.760418 -0.649434 0
    outer loop
      vertex 58.3707 32.4897 10.7
      vertex 58.7019 32.1019 2.2
      vertex 58.7019 32.1019 10.7
    endloop
  endfacet
  facet normal 0.649434 -0.760418 0
    outer loop
      vertex 62.9103 31.7707 2.2
      vertex 63.2981 32.1019 10.7
      vertex 62.9103 31.7707 10.7
    endloop
  endfacet
  facet normal 0.649434 -0.760418 0
    outer loop
      vertex 63.2981 32.1019 10.7
      vertex 62.9103 31.7707 2.2
      vertex 63.2981 32.1019 2.2
    endloop
  endfacet
  facet normal 0.522576 -0.852593 0
    outer loop
      vertex 62.4755 31.5042 2.2
      vertex 62.9103 31.7707 10.7
      vertex 62.4755 31.5042 10.7
    endloop
  endfacet
  facet normal 0.522576 -0.852593 0
    outer loop
      vertex 62.9103 31.7707 10.7
      vertex 62.4755 31.5042 2.2
      vertex 62.9103 31.7707 2.2
    endloop
  endfacet
  facet normal 0 0 -1
    outer loop
      vertex 64.21 33.8916 2.2
      vertex 62.0618 34.2318 2.2
      vertex 62.075 34.4 2.2
    endloop
  endfacet
  facet normal 0 0 -1
    outer loop
      vertex 62.9103 31.7707 2.2
      vertex 62.0224 34.0678 2.2
      vertex 62.0618 34.2318 2.2
    endloop
  endfacet
  facet normal 0 0 -1
    outer loop
      vertex 61.488 33.4422 2.2
      vertex 62.4755 31.5042 2.2
      vertex 62.0043 31.3091 2.2
    endloop
  endfacet
  facet normal 0 0 -1
    outer loop
      vertex 62.9103 31.7707 2.2
      vertex 61.9578 33.912 2.2
      vertex 62.0224 34.0678 2.2
    endloop
  endfacet
  facet normal 0 0 -1
    outer loop
      vertex 62.9103 31.7707 2.2
      vertex 61.8697 33.7681 2.2
      vertex 61.9578 33.912 2.2
    endloop
  endfacet
  facet normal 0 0 -1
    outer loop
      vertex 62.9103 31.7707 2.2
      vertex 61.7601 33.6399 2.2
      vertex 61.8697 33.7681 2.2
    endloop
  endfacet
  facet normal 0 0 -1
    outer loop
      vertex 62.9103 31.7707 2.2
      vertex 61.6319 33.5303 2.2
      vertex 61.7601 33.6399 2.2
    endloop
  endfacet
  facet normal 0 0 -1
    outer loop
      vertex 61.3322 33.3776 2.2
      vertex 62.0043 31.3091 2.2
      vertex 61.5084 31.19 2.2
    endloop
  endfacet
  facet normal 0 0 -1
    outer loop
      vertex 62.4755 31.5042 2.2
      vertex 61.488 33.4422 2.2
      vertex 61.6319 33.5303 2.2
    endloop
  endfacet
  facet normal 0 0 -1
    outer loop
      vertex 62.0043 31.3091 2.2
      vertex 61.3322 33.3776 2.2
      vertex 61.488 33.4422 2.2
    endloop
  endfacet
  facet normal 0 0 -1
    outer loop
      vertex 61.5084 31.19 2.2
      vertex 61.1682 33.3382 2.2
      vertex 61.3322 33.3776 2.2
    endloop
  endfacet
  facet normal 0 0 -1
    outer loop
      vertex 61 31.15 2.2
      vertex 61.1682 33.3382 2.2
      vertex 61.5084 31.19 2.2
    endloop
  endfacet
  facet normal 0 0 -1
    outer loop
      vertex 61 31.15 2.2
      vertex 61 33.325 2.2
      vertex 61.1682 33.3382 2.2
    endloop
  endfacet
  facet normal 0 0 -1
    outer loop
      vertex 61 31.15 2.2
      vertex 60.8318 33.3382 2.2
      vertex 61 33.325 2.2
    endloop
  endfacet
  facet normal 0 0 -1
    outer loop
      vertex 60.4916 31.19 2.2
      vertex 60.8318 33.3382 2.2
      vertex 61 31.15 2.2
    endloop
  endfacet
  facet normal -0 0 -1
    outer loop
      vertex 60.8318 33.3382 2.2
      vertex 60.4916 31.19 2.2
      vertex 60.6678 33.3776 2.2
    endloop
  endfacet
  facet normal 0 0 -1
    outer loop
      vertex 59.9957 31.3091 2.2
      vertex 60.6678 33.3776 2.2
      vertex 60.4916 31.19 2.2
    endloop
  endfacet
  facet normal -0 0 -1
    outer loop
      vertex 60.6678 33.3776 2.2
      vertex 59.9957 31.3091 2.2
      vertex 60.512 33.4422 2.2
    endloop
  endfacet
  facet normal 0 0 -1
    outer loop
      vertex 59.5245 31.5042 2.2
      vertex 60.512 33.4422 2.2
      vertex 59.9957 31.3091 2.2
    endloop
  endfacet
  facet normal -0 0 -1
    outer loop
      vertex 60.512 33.4422 2.2
      vertex 59.5245 31.5042 2.2
      vertex 60.3681 33.5303 2.2
    endloop
  endfacet
  facet normal 0 0 -1
    outer loop
      vertex 59.0897 31.7707 2.2
      vertex 60.3681 33.5303 2.2
      vertex 59.5245 31.5042 2.2
    endloop
  endfacet
  facet normal -0 0 -1
    outer loop
      vertex 60.3681 33.5303 2.2
      vertex 59.0897 31.7707 2.2
      vertex 60.2399 33.6399 2.2
    endloop
  endfacet
  facet normal 0 0 -1
    outer loop
      vertex 58.7019 32.1019 2.2
      vertex 60.2399 33.6399 2.2
      vertex 59.0897 31.7707 2.2
    endloop
  endfacet
  facet normal -0 0 -1
    outer loop
      vertex 60.2399 33.6399 2.2
      vertex 58.7019 32.1019 2.2
      vertex 60.1303 33.7681 2.2
    endloop
  endfacet
  facet normal 0 0 -1
    outer loop
      vertex 58.3707 32.4897 2.2
      vertex 60.1303 33.7681 2.2
      vertex 58.7019 32.1019 2.2
    endloop
  endfacet
  facet normal -0 0 -1
    outer loop
      vertex 60.1303 33.7681 2.2
      vertex 58.3707 32.4897 2.2
      vertex 60.0422 33.912 2.2
    endloop
  endfacet
  facet normal 0 0 -1
    outer loop
      vertex 62.075 34.4 2.2
      vertex 64.25 34.4 2.2
      vertex 64.21 33.8916 2.2
    endloop
  endfacet
  facet normal 0 0 -1
    outer loop
      vertex 62.0618 34.2318 2.2
      vertex 64.21 33.8916 2.2
      vertex 64.0909 33.3957 2.2
    endloop
  endfacet
  facet normal 0 0 -1
    outer loop
      vertex 64.25 34.4 2.2
      vertex 62.075 34.4 2.2
      vertex 64.21 34.9084 2.2
    endloop
  endfacet
  facet normal 0 0 -1
    outer loop
      vertex 62.0618 34.2318 2.2
      vertex 64.0909 33.3957 2.2
      vertex 63.8958 32.9245 2.2
    endloop
  endfacet
  facet normal 0 0 -1
    outer loop
      vertex 62.0618 34.5682 2.2
      vertex 64.21 34.9084 2.2
      vertex 62.075 34.4 2.2
    endloop
  endfacet
  facet normal 0 0 -1
    outer loop
      vertex 62.0618 34.2318 2.2
      vertex 63.8958 32.9245 2.2
      vertex 63.6293 32.4897 2.2
    endloop
  endfacet
  facet normal -0 0 -1
    outer loop
      vertex 64.21 34.9084 2.2
      vertex 62.0618 34.5682 2.2
      vertex 64.0909 35.4043 2.2
    endloop
  endfacet
  facet normal 0 0 -1
    outer loop
      vertex 62.0618 34.2318 2.2
      vertex 63.6293 32.4897 2.2
      vertex 63.2981 32.1019 2.2
    endloop
  endfacet
  facet normal 0 0 -1
    outer loop
      vertex 62.0224 34.7322 2.2
      vertex 64.0909 35.4043 2.2
      vertex 62.0618 34.5682 2.2
    endloop
  endfacet
  facet normal -0 0 -1
    outer loop
      vertex 64.0909 35.4043 2.2
      vertex 62.0224 34.7322 2.2
      vertex 63.8958 35.8755 2.2
    endloop
  endfacet
  facet normal 0 0 -1
    outer loop
      vertex 62.0618 34.2318 2.2
      vertex 63.2981 32.1019 2.2
      vertex 62.9103 31.7707 2.2
    endloop
  endfacet
  facet normal 0 0 -1
    outer loop
      vertex 61.6319 33.5303 2.2
      vertex 62.9103 31.7707 2.2
      vertex 62.4755 31.5042 2.2
    endloop
  endfacet
  facet normal 0 0 -1
    outer loop
      vertex 61.9578 34.888 2.2
      vertex 63.8958 35.8755 2.2
      vertex 62.0224 34.7322 2.2
    endloop
  endfacet
  facet normal -0 0 -1
    outer loop
      vertex 63.8958 35.8755 2.2
      vertex 61.9578 34.888 2.2
      vertex 63.6293 36.3103 2.2
    endloop
  endfacet
  facet normal 0 0 -1
    outer loop
      vertex 61.8697 35.0319 2.2
      vertex 63.6293 36.3103 2.2
      vertex 61.9578 34.888 2.2
    endloop
  endfacet
  facet normal -0 0 -1
    outer loop
      vertex 63.6293 36.3103 2.2
      vertex 61.8697 35.0319 2.2
      vertex 63.2981 36.6981 2.2
    endloop
  endfacet
  facet normal 0 0 -1
    outer loop
      vertex 61.7601 35.1601 2.2
      vertex 63.2981 36.6981 2.2
      vertex 61.8697 35.0319 2.2
    endloop
  endfacet
  facet normal -0 0 -1
    outer loop
      vertex 63.2981 36.6981 2.2
      vertex 61.7601 35.1601 2.2
      vertex 62.9446 37 2.2
    endloop
  endfacet
  facet normal 0 0 -1
    outer loop
      vertex 61.6319 35.2697 2.2
      vertex 62.9446 37 2.2
      vertex 61.7601 35.1601 2.2
    endloop
  endfacet
  facet normal 0 0 -1
    outer loop
      vertex 61.488 35.3578 2.2
      vertex 62.9446 37 2.2
      vertex 61.6319 35.2697 2.2
    endloop
  endfacet
  facet normal 0 0 -1
    outer loop
      vertex 61.3322 35.4224 2.2
      vertex 62.9446 37 2.2
      vertex 61.488 35.3578 2.2
    endloop
  endfacet
  facet normal 0 0 -1
    outer loop
      vertex 61.1682 35.4618 2.2
      vertex 62.9446 37 2.2
      vertex 61.3322 35.4224 2.2
    endloop
  endfacet
  facet normal 0 0 -1
    outer loop
      vertex 61 35.475 2.2
      vertex 62.9446 37 2.2
      vertex 61.1682 35.4618 2.2
    endloop
  endfacet
  facet normal 0 0 -1
    outer loop
      vertex 59.0554 37 2.2
      vertex 61 35.475 2.2
      vertex 60.8318 35.4618 2.2
    endloop
  endfacet
  facet normal 0 0 -1
    outer loop
      vertex 59.0554 37 2.2
      vertex 60.8318 35.4618 2.2
      vertex 60.6678 35.4224 2.2
    endloop
  endfacet
  facet normal 0 0 -1
    outer loop
      vertex 59.0554 37 2.2
      vertex 60.6678 35.4224 2.2
      vertex 60.512 35.3578 2.2
    endloop
  endfacet
  facet normal 0 0 -1
    outer loop
      vertex 59.0554 37 2.2
      vertex 60.512 35.3578 2.2
      vertex 60.3681 35.2697 2.2
    endloop
  endfacet
  facet normal 0 0 -1
    outer loop
      vertex 58.1042 32.9245 2.2
      vertex 60.0422 33.912 2.2
      vertex 58.3707 32.4897 2.2
    endloop
  endfacet
  facet normal -0 0 -1
    outer loop
      vertex 60.0422 33.912 2.2
      vertex 58.1042 32.9245 2.2
      vertex 59.9776 34.0678 2.2
    endloop
  endfacet
  facet normal 0 0 -1
    outer loop
      vertex 57.9091 33.3957 2.2
      vertex 59.9776 34.0678 2.2
      vertex 58.1042 32.9245 2.2
    endloop
  endfacet
  facet normal 0 0 -1
    outer loop
      vertex 61 35.475 2.2
      vertex 59.0554 37 2.2
      vertex 62.9446 37 2.2
    endloop
  endfacet
  facet normal 0 0 -1
    outer loop
      vertex 60.2399 35.1601 2.2
      vertex 59.0554 37 2.2
      vertex 60.3681 35.2697 2.2
    endloop
  endfacet
  facet normal 0 0 -1
    outer loop
      vertex 58.7019 36.6981 2.2
      vertex 60.2399 35.1601 2.2
      vertex 60.1303 35.0319 2.2
    endloop
  endfacet
  facet normal 0 0 -1
    outer loop
      vertex 58.3707 36.3103 2.2
      vertex 60.1303 35.0319 2.2
      vertex 60.0422 34.888 2.2
    endloop
  endfacet
  facet normal 0 0 -1
    outer loop
      vertex 58.1042 35.8755 2.2
      vertex 60.0422 34.888 2.2
      vertex 59.9776 34.7322 2.2
    endloop
  endfacet
  facet normal -0 0 -1
    outer loop
      vertex 59.9776 34.0678 2.2
      vertex 57.9091 33.3957 2.2
      vertex 59.9382 34.2318 2.2
    endloop
  endfacet
  facet normal 0 0 -1
    outer loop
      vertex 57.79 33.8916 2.2
      vertex 59.9382 34.2318 2.2
      vertex 57.9091 33.3957 2.2
    endloop
  endfacet
  facet normal 0 0 -1
    outer loop
      vertex 60.2399 35.1601 2.2
      vertex 58.7019 36.6981 2.2
      vertex 59.0554 37 2.2
    endloop
  endfacet
  facet normal -0 0 -1
    outer loop
      vertex 59.9382 34.2318 2.2
      vertex 57.79 33.8916 2.2
      vertex 59.925 34.4 2.2
    endloop
  endfacet
  facet normal 0 0 -1
    outer loop
      vertex 60.1303 35.0319 2.2
      vertex 58.3707 36.3103 2.2
      vertex 58.7019 36.6981 2.2
    endloop
  endfacet
  facet normal 0 0 -1
    outer loop
      vertex 57.75 34.4 2.2
      vertex 59.925 34.4 2.2
      vertex 57.79 33.8916 2.2
    endloop
  endfacet
  facet normal 0 0 -1
    outer loop
      vertex 60.0422 34.888 2.2
      vertex 58.1042 35.8755 2.2
      vertex 58.3707 36.3103 2.2
    endloop
  endfacet
  facet normal 0 0 -1
    outer loop
      vertex 59.925 34.4 2.2
      vertex 57.75 34.4 2.2
      vertex 59.9382 34.5682 2.2
    endloop
  endfacet
  facet normal 0 0 -1
    outer loop
      vertex 59.9776 34.7322 2.2
      vertex 57.9091 35.4043 2.2
      vertex 58.1042 35.8755 2.2
    endloop
  endfacet
  facet normal 0 -0 -1
    outer loop
      vertex 57.79 34.9084 2.2
      vertex 59.9382 34.5682 2.2
      vertex 57.75 34.4 2.2
    endloop
  endfacet
  facet normal 0 0 -1
    outer loop
      vertex 59.9776 34.7322 2.2
      vertex 57.79 34.9084 2.2
      vertex 57.9091 35.4043 2.2
    endloop
  endfacet
  facet normal 0 0 -1
    outer loop
      vertex 59.9382 34.5682 2.2
      vertex 57.79 34.9084 2.2
      vertex 59.9776 34.7322 2.2
    endloop
  endfacet
  facet normal 0 0 1
    outer loop
      vertex 62.075 34.4 10.7
      vertex 64.25 34.4 10.7
      vertex 64.21 34.9084 10.7
    endloop
  endfacet
  facet normal 0 0 1
    outer loop
      vertex 62.0618 34.5682 10.7
      vertex 64.21 34.9084 10.7
      vertex 64.0909 35.4043 10.7
    endloop
  endfacet
  facet normal 0 0 1
    outer loop
      vertex 64.25 34.4 10.7
      vertex 62.075 34.4 10.7
      vertex 64.21 33.8916 10.7
    endloop
  endfacet
  facet normal 0 0 1
    outer loop
      vertex 62.0224 34.7322 10.7
      vertex 64.0909 35.4043 10.7
      vertex 63.8958 35.8755 10.7
    endloop
  endfacet
  facet normal -0 0 1
    outer loop
      vertex 62.0618 34.2318 10.7
      vertex 64.21 33.8916 10.7
      vertex 62.075 34.4 10.7
    endloop
  endfacet
  facet normal 0 0 1
    outer loop
      vertex 61.9578 34.888 10.7
      vertex 63.8958 35.8755 10.7
      vertex 63.6293 36.3103 10.7
    endloop
  endfacet
  facet normal 0 0 1
    outer loop
      vertex 64.21 33.8916 10.7
      vertex 62.0618 34.2318 10.7
      vertex 64.0909 33.3957 10.7
    endloop
  endfacet
  facet normal 0 0 1
    outer loop
      vertex 61.8697 35.0319 10.7
      vertex 63.6293 36.3103 10.7
      vertex 63.2981 36.6981 10.7
    endloop
  endfacet
  facet normal -0 0 1
    outer loop
      vertex 62.0224 34.0678 10.7
      vertex 64.0909 33.3957 10.7
      vertex 62.0618 34.2318 10.7
    endloop
  endfacet
  facet normal 0 0 1
    outer loop
      vertex 61.7601 35.1601 10.7
      vertex 63.2981 36.6981 10.7
      vertex 62.9446 37 10.7
    endloop
  endfacet
  facet normal 0 0 1
    outer loop
      vertex 64.0909 33.3957 10.7
      vertex 62.0224 34.0678 10.7
      vertex 63.8958 32.9245 10.7
    endloop
  endfacet
  facet normal -0 0 1
    outer loop
      vertex 61.9578 33.912 10.7
      vertex 63.8958 32.9245 10.7
      vertex 62.0224 34.0678 10.7
    endloop
  endfacet
  facet normal 0 0 1
    outer loop
      vertex 63.8958 32.9245 10.7
      vertex 61.9578 33.912 10.7
      vertex 63.6293 32.4897 10.7
    endloop
  endfacet
  facet normal 0 0 1
    outer loop
      vertex 64.21 34.9084 10.7
      vertex 62.0618 34.5682 10.7
      vertex 62.075 34.4 10.7
    endloop
  endfacet
  facet normal 0 0 1
    outer loop
      vertex 64.0909 35.4043 10.7
      vertex 62.0224 34.7322 10.7
      vertex 62.0618 34.5682 10.7
    endloop
  endfacet
  facet normal 0 0 1
    outer loop
      vertex 63.8958 35.8755 10.7
      vertex 61.9578 34.888 10.7
      vertex 62.0224 34.7322 10.7
    endloop
  endfacet
  facet normal 0 0 1
    outer loop
      vertex 63.6293 36.3103 10.7
      vertex 61.8697 35.0319 10.7
      vertex 61.9578 34.888 10.7
    endloop
  endfacet
  facet normal 0 0 1
    outer loop
      vertex 63.2981 36.6981 10.7
      vertex 61.7601 35.1601 10.7
      vertex 61.8697 35.0319 10.7
    endloop
  endfacet
  facet normal 0 0 1
    outer loop
      vertex 62.9446 37 10.7
      vertex 61.6319 35.2697 10.7
      vertex 61.7601 35.1601 10.7
    endloop
  endfacet
  facet normal 0 0 1
    outer loop
      vertex 62.9446 37 10.7
      vertex 61.488 35.3578 10.7
      vertex 61.6319 35.2697 10.7
    endloop
  endfacet
  facet normal 0 0 1
    outer loop
      vertex 62.9446 37 10.7
      vertex 61.3322 35.4224 10.7
      vertex 61.488 35.3578 10.7
    endloop
  endfacet
  facet normal 0 0 1
    outer loop
      vertex 62.9446 37 10.7
      vertex 61.1682 35.4618 10.7
      vertex 61.3322 35.4224 10.7
    endloop
  endfacet
  facet normal 0 0 1
    outer loop
      vertex 62.9446 37 10.7
      vertex 61 35.475 10.7
      vertex 61.1682 35.4618 10.7
    endloop
  endfacet
  facet normal -0 0 1
    outer loop
      vertex 59.0554 37 10.7
      vertex 61 35.475 10.7
      vertex 62.9446 37 10.7
    endloop
  endfacet
  facet normal 0 0 1
    outer loop
      vertex 61 35.475 10.7
      vertex 59.0554 37 10.7
      vertex 60.8318 35.4618 10.7
    endloop
  endfacet
  facet normal 0 0 1
    outer loop
      vertex 60.8318 35.4618 10.7
      vertex 59.0554 37 10.7
      vertex 60.6678 35.4224 10.7
    endloop
  endfacet
  facet normal 0 0 1
    outer loop
      vertex 60.6678 35.4224 10.7
      vertex 59.0554 37 10.7
      vertex 60.512 35.3578 10.7
    endloop
  endfacet
  facet normal 0 0 1
    outer loop
      vertex 57.75 34.4 10.7
      vertex 59.925 34.4 10.7
      vertex 59.9382 34.5682 10.7
    endloop
  endfacet
  facet normal 0 0 1
    outer loop
      vertex 59.925 34.4 10.7
      vertex 59.0897 31.7707 10.7
      vertex 59.5245 31.5042 10.7
    endloop
  endfacet
  facet normal 0 0 1
    outer loop
      vertex 57.79 34.9084 10.7
      vertex 59.9382 34.5682 10.7
      vertex 59.9776 34.7322 10.7
    endloop
  endfacet
  facet normal 0 0 1
    outer loop
      vertex 60.512 35.3578 10.7
      vertex 59.0554 37 10.7
      vertex 60.3681 35.2697 10.7
    endloop
  endfacet
  facet normal 0 0 1
    outer loop
      vertex 59.0554 37 10.7
      vertex 60.2399 35.1601 10.7
      vertex 60.3681 35.2697 10.7
    endloop
  endfacet
  facet normal -0 0 1
    outer loop
      vertex 58.7019 36.6981 10.7
      vertex 60.2399 35.1601 10.7
      vertex 59.0554 37 10.7
    endloop
  endfacet
  facet normal 0 0 1
    outer loop
      vertex 60.2399 35.1601 10.7
      vertex 58.7019 36.6981 10.7
      vertex 60.1303 35.0319 10.7
    endloop
  endfacet
  facet normal -0 0 1
    outer loop
      vertex 58.3707 36.3103 10.7
      vertex 60.1303 35.0319 10.7
      vertex 58.7019 36.6981 10.7
    endloop
  endfacet
  facet normal 0 0 1
    outer loop
      vertex 60.1303 35.0319 10.7
      vertex 58.3707 36.3103 10.7
      vertex 60.0422 34.888 10.7
    endloop
  endfacet
  facet normal -0 0 1
    outer loop
      vertex 58.1042 35.8755 10.7
      vertex 60.0422 34.888 10.7
      vertex 58.3707 36.3103 10.7
    endloop
  endfacet
  facet normal 0 0 1
    outer loop
      vertex 59.925 34.4 10.7
      vertex 58.7019 32.1019 10.7
      vertex 59.0897 31.7707 10.7
    endloop
  endfacet
  facet normal 0 0 1
    outer loop
      vertex 60.0422 34.888 10.7
      vertex 58.1042 35.8755 10.7
      vertex 59.9776 34.7322 10.7
    endloop
  endfacet
  facet normal 0 0 1
    outer loop
      vertex 59.925 34.4 10.7
      vertex 58.3707 32.4897 10.7
      vertex 58.7019 32.1019 10.7
    endloop
  endfacet
  facet normal -0 0 1
    outer loop
      vertex 57.9091 35.4043 10.7
      vertex 59.9776 34.7322 10.7
      vertex 58.1042 35.8755 10.7
    endloop
  endfacet
  facet normal 0 0 1
    outer loop
      vertex 59.925 34.4 10.7
      vertex 58.1042 32.9245 10.7
      vertex 58.3707 32.4897 10.7
    endloop
  endfacet
  facet normal -0 0 1
    outer loop
      vertex 57.79 34.9084 10.7
      vertex 59.9776 34.7322 10.7
      vertex 57.9091 35.4043 10.7
    endloop
  endfacet
  facet normal 0 0 1
    outer loop
      vertex 59.925 34.4 10.7
      vertex 57.9091 33.3957 10.7
      vertex 58.1042 32.9245 10.7
    endloop
  endfacet
  facet normal 0 0 1
    outer loop
      vertex 59.9382 34.5682 10.7
      vertex 57.79 34.9084 10.7
      vertex 57.75 34.4 10.7
    endloop
  endfacet
  facet normal 0 0 1
    outer loop
      vertex 59.925 34.4 10.7
      vertex 57.79 33.8916 10.7
      vertex 57.9091 33.3957 10.7
    endloop
  endfacet
  facet normal 0 0 1
    outer loop
      vertex 59.925 34.4 10.7
      vertex 57.75 34.4 10.7
      vertex 57.79 33.8916 10.7
    endloop
  endfacet
  facet normal -0 0 1
    outer loop
      vertex 61.8697 33.7681 10.7
      vertex 63.6293 32.4897 10.7
      vertex 61.9578 33.912 10.7
    endloop
  endfacet
  facet normal 0 0 1
    outer loop
      vertex 63.6293 32.4897 10.7
      vertex 61.8697 33.7681 10.7
      vertex 63.2981 32.1019 10.7
    endloop
  endfacet
  facet normal -0 0 1
    outer loop
      vertex 61.7601 33.6399 10.7
      vertex 63.2981 32.1019 10.7
      vertex 61.8697 33.7681 10.7
    endloop
  endfacet
  facet normal 0 0 1
    outer loop
      vertex 63.2981 32.1019 10.7
      vertex 61.7601 33.6399 10.7
      vertex 62.9103 31.7707 10.7
    endloop
  endfacet
  facet normal -0 0 1
    outer loop
      vertex 61.6319 33.5303 10.7
      vertex 62.9103 31.7707 10.7
      vertex 61.7601 33.6399 10.7
    endloop
  endfacet
  facet normal 0 0 1
    outer loop
      vertex 62.9103 31.7707 10.7
      vertex 61.6319 33.5303 10.7
      vertex 62.4755 31.5042 10.7
    endloop
  endfacet
  facet normal -0 0 1
    outer loop
      vertex 61.488 33.4422 10.7
      vertex 62.4755 31.5042 10.7
      vertex 61.6319 33.5303 10.7
    endloop
  endfacet
  facet normal 0 0 1
    outer loop
      vertex 62.4755 31.5042 10.7
      vertex 61.488 33.4422 10.7
      vertex 62.0043 31.3091 10.7
    endloop
  endfacet
  facet normal -0 0 1
    outer loop
      vertex 61.3322 33.3776 10.7
      vertex 62.0043 31.3091 10.7
      vertex 61.488 33.4422 10.7
    endloop
  endfacet
  facet normal 0 0 1
    outer loop
      vertex 62.0043 31.3091 10.7
      vertex 61.3322 33.3776 10.7
      vertex 61.5084 31.19 10.7
    endloop
  endfacet
  facet normal -0 0 1
    outer loop
      vertex 61.1682 33.3382 10.7
      vertex 61.5084 31.19 10.7
      vertex 61.3322 33.3776 10.7
    endloop
  endfacet
  facet normal -0 0 1
    outer loop
      vertex 61 33.325 10.7
      vertex 61.5084 31.19 10.7
      vertex 61.1682 33.3382 10.7
    endloop
  endfacet
  facet normal 0 0 1
    outer loop
      vertex 61 33.325 10.7
      vertex 61 31.15 10.7
      vertex 61.5084 31.19 10.7
    endloop
  endfacet
  facet normal 0 0 1
    outer loop
      vertex 60.8318 33.3382 10.7
      vertex 61 31.15 10.7
      vertex 61 33.325 10.7
    endloop
  endfacet
  facet normal 0 0 1
    outer loop
      vertex 60.4916 31.19 10.7
      vertex 60.8318 33.3382 10.7
      vertex 60.6678 33.3776 10.7
    endloop
  endfacet
  facet normal 0 0 1
    outer loop
      vertex 59.9957 31.3091 10.7
      vertex 60.6678 33.3776 10.7
      vertex 60.512 33.4422 10.7
    endloop
  endfacet
  facet normal 0 0 1
    outer loop
      vertex 60.8318 33.3382 10.7
      vertex 60.4916 31.19 10.7
      vertex 61 31.15 10.7
    endloop
  endfacet
  facet normal 0 0 1
    outer loop
      vertex 59.5245 31.5042 10.7
      vertex 60.512 33.4422 10.7
      vertex 60.3681 33.5303 10.7
    endloop
  endfacet
  facet normal 0 0 1
    outer loop
      vertex 59.5245 31.5042 10.7
      vertex 60.3681 33.5303 10.7
      vertex 60.2399 33.6399 10.7
    endloop
  endfacet
  facet normal 0 0 1
    outer loop
      vertex 59.5245 31.5042 10.7
      vertex 60.2399 33.6399 10.7
      vertex 60.1303 33.7681 10.7
    endloop
  endfacet
  facet normal 0 0 1
    outer loop
      vertex 59.5245 31.5042 10.7
      vertex 60.1303 33.7681 10.7
      vertex 60.0422 33.912 10.7
    endloop
  endfacet
  facet normal 0 0 1
    outer loop
      vertex 60.6678 33.3776 10.7
      vertex 59.9957 31.3091 10.7
      vertex 60.4916 31.19 10.7
    endloop
  endfacet
  facet normal 0 0 1
    outer loop
      vertex 59.5245 31.5042 10.7
      vertex 60.0422 33.912 10.7
      vertex 59.9776 34.0678 10.7
    endloop
  endfacet
  facet normal 0 0 1
    outer loop
      vertex 59.5245 31.5042 10.7
      vertex 59.9776 34.0678 10.7
      vertex 59.9382 34.2318 10.7
    endloop
  endfacet
  facet normal 0 0 1
    outer loop
      vertex 59.5245 31.5042 10.7
      vertex 59.9382 34.2318 10.7
      vertex 59.925 34.4 10.7
    endloop
  endfacet
  facet normal 0 0 1
    outer loop
      vertex 60.512 33.4422 10.7
      vertex 59.5245 31.5042 10.7
      vertex 59.9957 31.3091 10.7
    endloop
  endfacet
  facet normal -0.233529 -0.97235 0
    outer loop
      vertex 59.9957 31.3091 2.2
      vertex 60.4916 31.19 10.7
      vertex 59.9957 31.3091 10.7
    endloop
  endfacet
  facet normal -0.233529 -0.97235 -0
    outer loop
      vertex 60.4916 31.19 10.7
      vertex 59.9957 31.3091 2.2
      vertex 60.4916 31.19 2.2
    endloop
  endfacet
  facet normal 0.852593 -0.522576 0
    outer loop
      vertex 63.6293 32.4897 10.7
      vertex 63.8958 32.9245 2.2
      vertex 63.8958 32.9245 10.7
    endloop
  endfacet
  facet normal 0.852593 -0.522576 0
    outer loop
      vertex 63.8958 32.9245 2.2
      vertex 63.6293 32.4897 10.7
      vertex 63.6293 32.4897 2.2
    endloop
  endfacet
  facet normal -0.97235 0.233529 0
    outer loop
      vertex 57.79 34.9084 2.2
      vertex 57.9091 35.4043 10.7
      vertex 57.9091 35.4043 2.2
    endloop
  endfacet
  facet normal -0.97235 0.233529 0
    outer loop
      vertex 57.9091 35.4043 10.7
      vertex 57.79 34.9084 2.2
      vertex 57.79 34.9084 10.7
    endloop
  endfacet
  facet normal -0.0784358 -0.996919 0
    outer loop
      vertex 60.4916 31.19 2.2
      vertex 61 31.15 10.7
      vertex 60.4916 31.19 10.7
    endloop
  endfacet
  facet normal -0.0784358 -0.996919 -0
    outer loop
      vertex 61 31.15 10.7
      vertex 60.4916 31.19 2.2
      vertex 61 31.15 2.2
    endloop
  endfacet
  facet normal -0.0782374 0.996935 0
    outer loop
      vertex 61.1682 33.3382 2.2
      vertex 61 33.325 10.7
      vertex 61.1682 33.3382 10.7
    endloop
  endfacet
  facet normal -0.0782374 0.996935 0
    outer loop
      vertex 61 33.325 10.7
      vertex 61.1682 33.3382 2.2
      vertex 61 33.325 2.2
    endloop
  endfacet
  facet normal -0.972333 -0.233597 0
    outer loop
      vertex 62.0618 34.5682 2.2
      vertex 62.0224 34.7322 10.7
      vertex 62.0224 34.7322 2.2
    endloop
  endfacet
  facet normal -0.972333 -0.233597 0
    outer loop
      vertex 62.0224 34.7322 10.7
      vertex 62.0618 34.5682 2.2
      vertex 62.0618 34.5682 10.7
    endloop
  endfacet
  facet normal -0.996935 -0.0782374 0
    outer loop
      vertex 62.075 34.4 2.2
      vertex 62.0618 34.5682 10.7
      vertex 62.0618 34.5682 2.2
    endloop
  endfacet
  facet normal -0.996935 -0.0782374 0
    outer loop
      vertex 62.0618 34.5682 10.7
      vertex 62.075 34.4 2.2
      vertex 62.075 34.4 10.7
    endloop
  endfacet
  facet normal -0.923742 -0.383015 0
    outer loop
      vertex 62.0224 34.7322 2.2
      vertex 61.9578 34.888 10.7
      vertex 61.9578 34.888 2.2
    endloop
  endfacet
  facet normal -0.923742 -0.383015 0
    outer loop
      vertex 61.9578 34.888 10.7
      vertex 62.0224 34.7322 2.2
      vertex 62.0224 34.7322 10.7
    endloop
  endfacet
  facet normal -0.522145 0.852857 0
    outer loop
      vertex 61.6319 33.5303 2.2
      vertex 61.488 33.4422 10.7
      vertex 61.6319 33.5303 10.7
    endloop
  endfacet
  facet normal -0.522145 0.852857 0
    outer loop
      vertex 61.488 33.4422 10.7
      vertex 61.6319 33.5303 2.2
      vertex 61.488 33.4422 2.2
    endloop
  endfacet
  facet normal -0.852857 -0.522145 0
    outer loop
      vertex 61.9578 34.888 2.2
      vertex 61.8697 35.0319 10.7
      vertex 61.8697 35.0319 2.2
    endloop
  endfacet
  facet normal -0.852857 -0.522145 0
    outer loop
      vertex 61.8697 35.0319 10.7
      vertex 61.9578 34.888 2.2
      vertex 61.9578 34.888 10.7
    endloop
  endfacet
  facet normal -0.760093 -0.649814 0
    outer loop
      vertex 61.8697 35.0319 2.2
      vertex 61.7601 35.1601 10.7
      vertex 61.7601 35.1601 2.2
    endloop
  endfacet
  facet normal -0.760093 -0.649814 0
    outer loop
      vertex 61.7601 35.1601 10.7
      vertex 61.8697 35.0319 2.2
      vertex 61.8697 35.0319 10.7
    endloop
  endfacet
  facet normal 0.996935 -0.0782374 0
    outer loop
      vertex 59.925 34.4 10.7
      vertex 59.9382 34.5682 2.2
      vertex 59.9382 34.5682 10.7
    endloop
  endfacet
  facet normal 0.996935 -0.0782374 0
    outer loop
      vertex 59.9382 34.5682 2.2
      vertex 59.925 34.4 10.7
      vertex 59.925 34.4 2.2
    endloop
  endfacet
  facet normal -0.233597 0.972333 0
    outer loop
      vertex 61.3322 33.3776 2.2
      vertex 61.1682 33.3382 10.7
      vertex 61.3322 33.3776 10.7
    endloop
  endfacet
  facet normal -0.233597 0.972333 0
    outer loop
      vertex 61.1682 33.3382 10.7
      vertex 61.3322 33.3776 2.2
      vertex 61.1682 33.3382 2.2
    endloop
  endfacet
  facet normal 0.852857 0.522145 0
    outer loop
      vertex 60.1303 33.7681 10.7
      vertex 60.0422 33.912 2.2
      vertex 60.0422 33.912 10.7
    endloop
  endfacet
  facet normal 0.852857 0.522145 0
    outer loop
      vertex 60.0422 33.912 2.2
      vertex 60.1303 33.7681 10.7
      vertex 60.1303 33.7681 2.2
    endloop
  endfacet
  facet normal 0.923742 0.383015 0
    outer loop
      vertex 60.0422 33.912 10.7
      vertex 59.9776 34.0678 2.2
      vertex 59.9776 34.0678 10.7
    endloop
  endfacet
  facet normal 0.923742 0.383015 0
    outer loop
      vertex 59.9776 34.0678 2.2
      vertex 60.0422 33.912 10.7
      vertex 60.0422 33.912 2.2
    endloop
  endfacet
  facet normal -0.522145 -0.852857 0
    outer loop
      vertex 61.488 35.3578 2.2
      vertex 61.6319 35.2697 10.7
      vertex 61.488 35.3578 10.7
    endloop
  endfacet
  facet normal -0.522145 -0.852857 -0
    outer loop
      vertex 61.6319 35.2697 10.7
      vertex 61.488 35.3578 2.2
      vertex 61.6319 35.2697 2.2
    endloop
  endfacet
  facet normal 0.522145 -0.852857 0
    outer loop
      vertex 60.3681 35.2697 2.2
      vertex 60.512 35.3578 10.7
      vertex 60.3681 35.2697 10.7
    endloop
  endfacet
  facet normal 0.522145 -0.852857 0
    outer loop
      vertex 60.512 35.3578 10.7
      vertex 60.3681 35.2697 2.2
      vertex 60.512 35.3578 2.2
    endloop
  endfacet
  facet normal 0.760093 -0.649814 0
    outer loop
      vertex 60.1303 35.0319 10.7
      vertex 60.2399 35.1601 2.2
      vertex 60.2399 35.1601 10.7
    endloop
  endfacet
  facet normal 0.760093 -0.649814 0
    outer loop
      vertex 60.2399 35.1601 2.2
      vertex 60.1303 35.0319 10.7
      vertex 60.1303 35.0319 2.2
    endloop
  endfacet
  facet normal 0.996935 0.0782374 0
    outer loop
      vertex 59.9382 34.2318 10.7
      vertex 59.925 34.4 2.2
      vertex 59.925 34.4 10.7
    endloop
  endfacet
  facet normal 0.996935 0.0782374 0
    outer loop
      vertex 59.925 34.4 2.2
      vertex 59.9382 34.2318 10.7
      vertex 59.9382 34.2318 2.2
    endloop
  endfacet
  facet normal -0.760093 0.649814 0
    outer loop
      vertex 61.7601 33.6399 2.2
      vertex 61.8697 33.7681 10.7
      vertex 61.8697 33.7681 2.2
    endloop
  endfacet
  facet normal -0.760093 0.649814 0
    outer loop
      vertex 61.8697 33.7681 10.7
      vertex 61.7601 33.6399 2.2
      vertex 61.7601 33.6399 10.7
    endloop
  endfacet
  facet normal -0.852857 0.522145 0
    outer loop
      vertex 61.8697 33.7681 2.2
      vertex 61.9578 33.912 10.7
      vertex 61.9578 33.912 2.2
    endloop
  endfacet
  facet normal -0.852857 0.522145 0
    outer loop
      vertex 61.9578 33.912 10.7
      vertex 61.8697 33.7681 2.2
      vertex 61.8697 33.7681 10.7
    endloop
  endfacet
  facet normal 0.972333 0.233597 0
    outer loop
      vertex 59.9776 34.0678 10.7
      vertex 59.9382 34.2318 2.2
      vertex 59.9382 34.2318 10.7
    endloop
  endfacet
  facet normal 0.972333 0.233597 0
    outer loop
      vertex 59.9382 34.2318 2.2
      vertex 59.9776 34.0678 10.7
      vertex 59.9776 34.0678 2.2
    endloop
  endfacet
  facet normal 0.383015 0.923742 -0
    outer loop
      vertex 60.6678 33.3776 2.2
      vertex 60.512 33.4422 10.7
      vertex 60.6678 33.3776 10.7
    endloop
  endfacet
  facet normal 0.383015 0.923742 0
    outer loop
      vertex 60.512 33.4422 10.7
      vertex 60.6678 33.3776 2.2
      vertex 60.512 33.4422 2.2
    endloop
  endfacet
  facet normal -0.996935 0.0782374 0
    outer loop
      vertex 62.0618 34.2318 2.2
      vertex 62.075 34.4 10.7
      vertex 62.075 34.4 2.2
    endloop
  endfacet
  facet normal -0.996935 0.0782374 0
    outer loop
      vertex 62.075 34.4 10.7
      vertex 62.0618 34.2318 2.2
      vertex 62.0618 34.2318 10.7
    endloop
  endfacet
  facet normal -0.972333 0.233597 0
    outer loop
      vertex 62.0224 34.0678 2.2
      vertex 62.0618 34.2318 10.7
      vertex 62.0618 34.2318 2.2
    endloop
  endfacet
  facet normal -0.972333 0.233597 0
    outer loop
      vertex 62.0618 34.2318 10.7
      vertex 62.0224 34.0678 2.2
      vertex 62.0224 34.0678 10.7
    endloop
  endfacet
  facet normal 0.649814 -0.760093 0
    outer loop
      vertex 60.2399 35.1601 2.2
      vertex 60.3681 35.2697 10.7
      vertex 60.2399 35.1601 10.7
    endloop
  endfacet
  facet normal 0.649814 -0.760093 0
    outer loop
      vertex 60.3681 35.2697 10.7
      vertex 60.2399 35.1601 2.2
      vertex 60.3681 35.2697 2.2
    endloop
  endfacet
  facet normal 0.383015 -0.923742 0
    outer loop
      vertex 60.512 35.3578 2.2
      vertex 60.6678 35.4224 10.7
      vertex 60.512 35.3578 10.7
    endloop
  endfacet
  facet normal 0.383015 -0.923742 0
    outer loop
      vertex 60.6678 35.4224 10.7
      vertex 60.512 35.3578 2.2
      vertex 60.6678 35.4224 2.2
    endloop
  endfacet
  facet normal -0.649814 -0.760093 0
    outer loop
      vertex 61.6319 35.2697 2.2
      vertex 61.7601 35.1601 10.7
      vertex 61.6319 35.2697 10.7
    endloop
  endfacet
  facet normal -0.649814 -0.760093 -0
    outer loop
      vertex 61.7601 35.1601 10.7
      vertex 61.6319 35.2697 2.2
      vertex 61.7601 35.1601 2.2
    endloop
  endfacet
  facet normal 0.852857 -0.522145 0
    outer loop
      vertex 60.0422 34.888 10.7
      vertex 60.1303 35.0319 2.2
      vertex 60.1303 35.0319 10.7
    endloop
  endfacet
  facet normal 0.852857 -0.522145 0
    outer loop
      vertex 60.1303 35.0319 2.2
      vertex 60.0422 34.888 10.7
      vertex 60.0422 34.888 2.2
    endloop
  endfacet
  facet normal 0.923742 -0.383015 0
    outer loop
      vertex 59.9776 34.7322 10.7
      vertex 60.0422 34.888 2.2
      vertex 60.0422 34.888 10.7
    endloop
  endfacet
  facet normal 0.923742 -0.383015 0
    outer loop
      vertex 60.0422 34.888 2.2
      vertex 59.9776 34.7322 10.7
      vertex 59.9776 34.7322 2.2
    endloop
  endfacet
  facet normal 0.233597 -0.972333 0
    outer loop
      vertex 60.6678 35.4224 2.2
      vertex 60.8318 35.4618 10.7
      vertex 60.6678 35.4224 10.7
    endloop
  endfacet
  facet normal 0.233597 -0.972333 0
    outer loop
      vertex 60.8318 35.4618 10.7
      vertex 60.6678 35.4224 2.2
      vertex 60.8318 35.4618 2.2
    endloop
  endfacet
  facet normal 0.0782374 -0.996935 0
    outer loop
      vertex 60.8318 35.4618 2.2
      vertex 61 35.475 10.7
      vertex 60.8318 35.4618 10.7
    endloop
  endfacet
  facet normal 0.0782374 -0.996935 0
    outer loop
      vertex 61 35.475 10.7
      vertex 60.8318 35.4618 2.2
      vertex 61 35.475 2.2
    endloop
  endfacet
  facet normal 0.649814 0.760093 -0
    outer loop
      vertex 60.3681 33.5303 2.2
      vertex 60.2399 33.6399 10.7
      vertex 60.3681 33.5303 10.7
    endloop
  endfacet
  facet normal 0.649814 0.760093 0
    outer loop
      vertex 60.2399 33.6399 10.7
      vertex 60.3681 33.5303 2.2
      vertex 60.2399 33.6399 2.2
    endloop
  endfacet
  facet normal -0.0782374 -0.996935 0
    outer loop
      vertex 61 35.475 2.2
      vertex 61.1682 35.4618 10.7
      vertex 61 35.475 10.7
    endloop
  endfacet
  facet normal -0.0782374 -0.996935 -0
    outer loop
      vertex 61.1682 35.4618 10.7
      vertex 61 35.475 2.2
      vertex 61.1682 35.4618 2.2
    endloop
  endfacet
  facet normal 0.760093 0.649814 0
    outer loop
      vertex 60.2399 33.6399 10.7
      vertex 60.1303 33.7681 2.2
      vertex 60.1303 33.7681 10.7
    endloop
  endfacet
  facet normal 0.760093 0.649814 0
    outer loop
      vertex 60.1303 33.7681 2.2
      vertex 60.2399 33.6399 10.7
      vertex 60.2399 33.6399 2.2
    endloop
  endfacet
  facet normal -0.649814 0.760093 0
    outer loop
      vertex 61.7601 33.6399 2.2
      vertex 61.6319 33.5303 10.7
      vertex 61.7601 33.6399 10.7
    endloop
  endfacet
  facet normal -0.649814 0.760093 0
    outer loop
      vertex 61.6319 33.5303 10.7
      vertex 61.7601 33.6399 2.2
      vertex 61.6319 33.5303 2.2
    endloop
  endfacet
  facet normal -0.383015 -0.923742 0
    outer loop
      vertex 61.3322 35.4224 2.2
      vertex 61.488 35.3578 10.7
      vertex 61.3322 35.4224 10.7
    endloop
  endfacet
  facet normal -0.383015 -0.923742 -0
    outer loop
      vertex 61.488 35.3578 10.7
      vertex 61.3322 35.4224 2.2
      vertex 61.488 35.3578 2.2
    endloop
  endfacet
  facet normal 0.972333 -0.233597 0
    outer loop
      vertex 59.9382 34.5682 10.7
      vertex 59.9776 34.7322 2.2
      vertex 59.9776 34.7322 10.7
    endloop
  endfacet
  facet normal 0.972333 -0.233597 0
    outer loop
      vertex 59.9776 34.7322 2.2
      vertex 59.9382 34.5682 10.7
      vertex 59.9382 34.5682 2.2
    endloop
  endfacet
  facet normal -0.233597 -0.972333 0
    outer loop
      vertex 61.1682 35.4618 2.2
      vertex 61.3322 35.4224 10.7
      vertex 61.1682 35.4618 10.7
    endloop
  endfacet
  facet normal -0.233597 -0.972333 -0
    outer loop
      vertex 61.3322 35.4224 10.7
      vertex 61.1682 35.4618 2.2
      vertex 61.3322 35.4224 2.2
    endloop
  endfacet
  facet normal -0.923742 0.383015 0
    outer loop
      vertex 61.9578 33.912 2.2
      vertex 62.0224 34.0678 10.7
      vertex 62.0224 34.0678 2.2
    endloop
  endfacet
  facet normal -0.923742 0.383015 0
    outer loop
      vertex 62.0224 34.0678 10.7
      vertex 61.9578 33.912 2.2
      vertex 61.9578 33.912 10.7
    endloop
  endfacet
  facet normal -0.383015 0.923742 0
    outer loop
      vertex 61.488 33.4422 2.2
      vertex 61.3322 33.3776 10.7
      vertex 61.488 33.4422 10.7
    endloop
  endfacet
  facet normal -0.383015 0.923742 0
    outer loop
      vertex 61.3322 33.3776 10.7
      vertex 61.488 33.4422 2.2
      vertex 61.3322 33.3776 2.2
    endloop
  endfacet
  facet normal 0.0782374 0.996935 -0
    outer loop
      vertex 61 33.325 2.2
      vertex 60.8318 33.3382 10.7
      vertex 61 33.325 10.7
    endloop
  endfacet
  facet normal 0.0782374 0.996935 0
    outer loop
      vertex 60.8318 33.3382 10.7
      vertex 61 33.325 2.2
      vertex 60.8318 33.3382 2.2
    endloop
  endfacet
  facet normal 0.233597 0.972333 -0
    outer loop
      vertex 60.8318 33.3382 2.2
      vertex 60.6678 33.3776 10.7
      vertex 60.8318 33.3382 10.7
    endloop
  endfacet
  facet normal 0.233597 0.972333 0
    outer loop
      vertex 60.6678 33.3776 10.7
      vertex 60.8318 33.3382 2.2
      vertex 60.6678 33.3776 2.2
    endloop
  endfacet
  facet normal 0.522145 0.852857 -0
    outer loop
      vertex 60.512 33.4422 2.2
      vertex 60.3681 33.5303 10.7
      vertex 60.512 33.4422 10.7
    endloop
  endfacet
  facet normal 0.522145 0.852857 0
    outer loop
      vertex 60.3681 33.5303 10.7
      vertex 60.512 33.4422 2.2
      vertex 60.3681 33.5303 2.2
    endloop
  endfacet
  facet normal 1 -0 0
    outer loop
      vertex 66.8 12.5 3.5
      vertex 66.8 24.5 3.2
      vertex 66.8 24.5 3.5
    endloop
  endfacet
  facet normal 1 0 0
    outer loop
      vertex 66.8 24.5 3.2
      vertex 66.8 12.5 3.5
      vertex 66.8 12.5 3.2
    endloop
  endfacet
  facet normal -0 0 1
    outer loop
      vertex 62 24.5 3.5
      vertex 66.8 12.5 3.5
      vertex 66.8 24.5 3.5
    endloop
  endfacet
  facet normal 0 0 1
    outer loop
      vertex 66.8 12.5 3.5
      vertex 62 24.5 3.5
      vertex 62 12.5 3.5
    endloop
  endfacet
  facet normal -1 0 0
    outer loop
      vertex 62 12.5 2.2
      vertex 62 24.5 3.5
      vertex 62 24.5 2.2
    endloop
  endfacet
  facet normal -1 -0 0
    outer loop
      vertex 62 24.5 3.5
      vertex 62 12.5 2.2
      vertex 62 12.5 3.5
    endloop
  endfacet
  facet normal 0 1 0
    outer loop
      vertex 65 24.5 3.2
      vertex 66.8 24.5 3.5
      vertex 66.8 24.5 3.2
    endloop
  endfacet
  facet normal 0 1 0
    outer loop
      vertex 66.8 24.5 3.5
      vertex 65 24.5 3.2
      vertex 62 24.5 3.5
    endloop
  endfacet
  facet normal 0 1 0
    outer loop
      vertex 62 24.5 2.2
      vertex 65 24.5 3.2
      vertex 65 24.5 2.2
    endloop
  endfacet
  facet normal 0 1 0
    outer loop
      vertex 65 24.5 3.2
      vertex 62 24.5 2.2
      vertex 62 24.5 3.5
    endloop
  endfacet
  facet normal 0 -1 0
    outer loop
      vertex 62 12.5 3.5
      vertex 65 12.5 3.2
      vertex 66.8 12.5 3.5
    endloop
  endfacet
  facet normal 0 -1 0
    outer loop
      vertex 62 12.5 2.2
      vertex 65 12.5 3.2
      vertex 62 12.5 3.5
    endloop
  endfacet
  facet normal 0 -1 -0
    outer loop
      vertex 65 12.5 3.2
      vertex 62 12.5 2.2
      vertex 65 12.5 2.2
    endloop
  endfacet
  facet normal 0 -1 -0
    outer loop
      vertex 66.8 12.5 3.5
      vertex 65 12.5 3.2
      vertex 66.8 12.5 3.2
    endloop
  endfacet
endsolid OpenSCAD_Model
