solid OpenSCAD_Model
  facet normal -1 0 0
    outer loop
      vertex 24.5 8 16
      vertex 24.5 28 18.2
      vertex 24.5 28 16
    endloop
  endfacet
  facet normal -1 -0 0
    outer loop
      vertex 24.5 28 18.2
      vertex 24.5 8 16
      vertex 24.5 8 18.2
    endloop
  endfacet
  facet normal 1 -0 0
    outer loop
      vertex 22 8 18.2
      vertex 22 28 16
      vertex 22 28 18.2
    endloop
  endfacet
  facet normal 1 0 0
    outer loop
      vertex 22 28 16
      vertex 22 8 18.2
      vertex 22 8 16
    endloop
  endfacet
  facet normal 0 -1 0
    outer loop
      vertex 22 28 16
      vertex 24.5 28 18.2
      vertex 22 28 18.2
    endloop
  endfacet
  facet normal 0 -1 -0
    outer loop
      vertex 24.5 28 18.2
      vertex 22 28 16
      vertex 24.5 28 16
    endloop
  endfacet
  facet normal 0 1 -0
    outer loop
      vertex 24.5 8 16
      vertex 22 8 18.2
      vertex 24.5 8 18.2
    endloop
  endfacet
  facet normal 0 1 0
    outer loop
      vertex 22 8 18.2
      vertex 24.5 8 16
      vertex 22 8 16
    endloop
  endfacet
  facet normal -1 0 0
    outer loop
      vertex 29.5 8 16
      vertex 29.5 28 18.2
      vertex 29.5 28 16
    endloop
  endfacet
  facet normal -1 -0 0
    outer loop
      vertex 29.5 28 18.2
      vertex 29.5 8 16
      vertex 29.5 8 18.2
    endloop
  endfacet
  facet normal 1 -0 0
    outer loop
      vertex 27 8 18.2
      vertex 27 28 16
      vertex 27 28 18.2
    endloop
  endfacet
  facet normal 1 0 0
    outer loop
      vertex 27 28 16
      vertex 27 8 18.2
      vertex 27 8 16
    endloop
  endfacet
  facet normal 0 -1 0
    outer loop
      vertex 27 28 16
      vertex 29.5 28 18.2
      vertex 27 28 18.2
    endloop
  endfacet
  facet normal 0 -1 -0
    outer loop
      vertex 29.5 28 18.2
      vertex 27 28 16
      vertex 29.5 28 16
    endloop
  endfacet
  facet normal 0 1 -0
    outer loop
      vertex 29.5 8 16
      vertex 27 8 18.2
      vertex 29.5 8 18.2
    endloop
  endfacet
  facet normal 0 1 0
    outer loop
      vertex 27 8 18.2
      vertex 29.5 8 16
      vertex 27 8 16
    endloop
  endfacet
  facet normal -1 0 0
    outer loop
      vertex 34.5 8 16
      vertex 34.5 28 18.2
      vertex 34.5 28 16
    endloop
  endfacet
  facet normal -1 -0 0
    outer loop
      vertex 34.5 28 18.2
      vertex 34.5 8 16
      vertex 34.5 8 18.2
    endloop
  endfacet
  facet normal 1 -0 0
    outer loop
      vertex 32 8 18.2
      vertex 32 28 16
      vertex 32 28 18.2
    endloop
  endfacet
  facet normal 1 0 0
    outer loop
      vertex 32 28 16
      vertex 32 8 18.2
      vertex 32 8 16
    endloop
  endfacet
  facet normal 0 -1 0
    outer loop
      vertex 32 28 16
      vertex 34.5 28 18.2
      vertex 32 28 18.2
    endloop
  endfacet
  facet normal 0 -1 -0
    outer loop
      vertex 34.5 28 18.2
      vertex 32 28 16
      vertex 34.5 28 16
    endloop
  endfacet
  facet normal 0 1 -0
    outer loop
      vertex 34.5 8 16
      vertex 32 8 18.2
      vertex 34.5 8 18.2
    endloop
  endfacet
  facet normal 0 1 0
    outer loop
      vertex 32 8 18.2
      vertex 34.5 8 16
      vertex 32 8 16
    endloop
  endfacet
  facet normal -1 0 0
    outer loop
      vertex 39.5 8 16
      vertex 39.5 28 18.2
      vertex 39.5 28 16
    endloop
  endfacet
  facet normal -1 -0 0
    outer loop
      vertex 39.5 28 18.2
      vertex 39.5 8 16
      vertex 39.5 8 18.2
    endloop
  endfacet
  facet normal 1 -0 0
    outer loop
      vertex 37 8 18.2
      vertex 37 28 16
      vertex 37 28 18.2
    endloop
  endfacet
  facet normal 1 0 0
    outer loop
      vertex 37 28 16
      vertex 37 8 18.2
      vertex 37 8 16
    endloop
  endfacet
  facet normal 0 -1 0
    outer loop
      vertex 37 28 16
      vertex 39.5 28 18.2
      vertex 37 28 18.2
    endloop
  endfacet
  facet normal 0 -1 -0
    outer loop
      vertex 39.5 28 18.2
      vertex 37 28 16
      vertex 39.5 28 16
    endloop
  endfacet
  facet normal 0 1 -0
    outer loop
      vertex 39.5 8 16
      vertex 37 8 18.2
      vertex 39.5 8 18.2
    endloop
  endfacet
  facet normal 0 1 0
    outer loop
      vertex 37 8 18.2
      vertex 39.5 8 16
      vertex 37 8 16
    endloop
  endfacet
  facet normal -1 0 0
    outer loop
      vertex 44.5 8 16
      vertex 44.5 28 18.2
      vertex 44.5 28 16
    endloop
  endfacet
  facet normal -1 -0 0
    outer loop
      vertex 44.5 28 18.2
      vertex 44.5 8 16
      vertex 44.5 8 18.2
    endloop
  endfacet
  facet normal 1 -0 0
    outer loop
      vertex 42 8 18.2
      vertex 42 28 16
      vertex 42 28 18.2
    endloop
  endfacet
  facet normal 1 0 0
    outer loop
      vertex 42 28 16
      vertex 42 8 18.2
      vertex 42 8 16
    endloop
  endfacet
  facet normal 0 -1 0
    outer loop
      vertex 42 28 16
      vertex 44.5 28 18.2
      vertex 42 28 18.2
    endloop
  endfacet
  facet normal 0 -1 -0
    outer loop
      vertex 44.5 28 18.2
      vertex 42 28 16
      vertex 44.5 28 16
    endloop
  endfacet
  facet normal 0 1 -0
    outer loop
      vertex 44.5 8 16
      vertex 42 8 18.2
      vertex 44.5 8 18.2
    endloop
  endfacet
  facet normal 0 1 0
    outer loop
      vertex 42 8 18.2
      vertex 44.5 8 16
      vertex 42 8 16
    endloop
  endfacet
  facet normal -0.0784525 -0.996918 0
    outer loop
      vertex 3 4.4 16
      vertex 3.43802 4.36553 18.2
      vertex 3 4.4 18.2
    endloop
  endfacet
  facet normal -0.0784525 -0.996918 -0
    outer loop
      vertex 3.43802 4.36553 18.2
      vertex 3 4.4 16
      vertex 3.43802 4.36553 16
    endloop
  endfacet
  facet normal -0.972369 -0.233448 0
    outer loop
      vertex 5.76553 2.03802 16
      vertex 5.66296 2.46525 18.2
      vertex 5.66296 2.46525 16
    endloop
  endfacet
  facet normal -0.972369 -0.233448 0
    outer loop
      vertex 5.66296 2.46525 18.2
      vertex 5.76553 2.03802 16
      vertex 5.76553 2.03802 18.2
    endloop
  endfacet
  facet normal -0.996918 -0.0784525 0
    outer loop
      vertex 5.8 1.6 16
      vertex 5.76553 2.03802 18.2
      vertex 5.76553 2.03802 16
    endloop
  endfacet
  facet normal -0.996918 -0.0784525 0
    outer loop
      vertex 5.76553 2.03802 18.2
      vertex 5.8 1.6 16
      vertex 5.8 1.6 18.2
    endloop
  endfacet
  facet normal 0.522493 -0.852644 0
    outer loop
      vertex 1.3542 3.86525 16
      vertex 1.72883 4.09482 18.2
      vertex 1.3542 3.86525 18.2
    endloop
  endfacet
  facet normal 0.522493 -0.852644 0
    outer loop
      vertex 1.72883 4.09482 18.2
      vertex 1.3542 3.86525 16
      vertex 1.72883 4.09482 16
    endloop
  endfacet
  facet normal 0.382688 -0.923878 0
    outer loop
      vertex 1.72883 4.09482 16
      vertex 2.13475 4.26296 18.2
      vertex 1.72883 4.09482 18.2
    endloop
  endfacet
  facet normal 0.382688 -0.923878 0
    outer loop
      vertex 2.13475 4.26296 18.2
      vertex 1.72883 4.09482 16
      vertex 2.13475 4.26296 16
    endloop
  endfacet
  facet normal 0.233448 -0.972369 0
    outer loop
      vertex 2.13475 4.26296 16
      vertex 2.56198 4.36553 18.2
      vertex 2.13475 4.26296 18.2
    endloop
  endfacet
  facet normal 0.233448 -0.972369 0
    outer loop
      vertex 2.56198 4.36553 18.2
      vertex 2.13475 4.26296 16
      vertex 2.56198 4.36553 16
    endloop
  endfacet
  facet normal -0.760404 -0.64945 0
    outer loop
      vertex 5.26525 3.2458 16
      vertex 4.9799 3.5799 18.2
      vertex 4.9799 3.5799 16
    endloop
  endfacet
  facet normal -0.760404 -0.64945 0
    outer loop
      vertex 4.9799 3.5799 18.2
      vertex 5.26525 3.2458 16
      vertex 5.26525 3.2458 18.2
    endloop
  endfacet
  facet normal -0.233448 0.972369 0
    outer loop
      vertex 3.86525 -1.06296 16
      vertex 3.43802 -1.16553 18.2
      vertex 3.86525 -1.06296 18.2
    endloop
  endfacet
  facet normal -0.233448 0.972369 0
    outer loop
      vertex 3.43802 -1.16553 18.2
      vertex 3.86525 -1.06296 16
      vertex 3.43802 -1.16553 16
    endloop
  endfacet
  facet normal 0.760407 -0.649446 0
    outer loop
      vertex 0.734753 3.2458 18.2
      vertex 1.0201 3.5799 16
      vertex 1.0201 3.5799 18.2
    endloop
  endfacet
  facet normal 0.760407 -0.649446 0
    outer loop
      vertex 1.0201 3.5799 16
      vertex 0.734753 3.2458 18.2
      vertex 0.734753 3.2458 16
    endloop
  endfacet
  facet normal 0.649449 0.760405 -0
    outer loop
      vertex 1.3542 -0.665247 16
      vertex 1.0201 -0.379898 18.2
      vertex 1.3542 -0.665247 18.2
    endloop
  endfacet
  facet normal 0.649449 0.760405 0
    outer loop
      vertex 1.0201 -0.379898 18.2
      vertex 1.3542 -0.665247 16
      vertex 1.0201 -0.379898 16
    endloop
  endfacet
  facet normal 0.996917 -0.078457 0
    outer loop
      vertex 0.200001 1.6 18.2
      vertex 0.234473 2.03802 16
      vertex 0.234473 2.03802 18.2
    endloop
  endfacet
  facet normal 0.996917 -0.078457 0
    outer loop
      vertex 0.234473 2.03802 16
      vertex 0.200001 1.6 18.2
      vertex 0.200001 1.6 16
    endloop
  endfacet
  facet normal 0.0784525 -0.996918 0
    outer loop
      vertex 2.56198 4.36553 16
      vertex 3 4.4 18.2
      vertex 2.56198 4.36553 18.2
    endloop
  endfacet
  facet normal 0.0784525 -0.996918 0
    outer loop
      vertex 3 4.4 18.2
      vertex 2.56198 4.36553 16
      vertex 3 4.4 16
    endloop
  endfacet
  facet normal 0.996917 0.078457 0
    outer loop
      vertex 0.234473 1.16198 18.2
      vertex 0.200001 1.6 16
      vertex 0.200001 1.6 18.2
    endloop
  endfacet
  facet normal 0.996917 0.078457 0
    outer loop
      vertex 0.200001 1.6 16
      vertex 0.234473 1.16198 18.2
      vertex 0.234473 1.16198 16
    endloop
  endfacet
  facet normal 0.233448 0.972369 -0
    outer loop
      vertex 2.56198 -1.16553 16
      vertex 2.13475 -1.06296 18.2
      vertex 2.56198 -1.16553 18.2
    endloop
  endfacet
  facet normal 0.233448 0.972369 0
    outer loop
      vertex 2.13475 -1.06296 18.2
      vertex 2.56198 -1.16553 16
      vertex 2.13475 -1.06296 16
    endloop
  endfacet
  facet normal 0.382692 0.923876 -0
    outer loop
      vertex 2.13475 -1.06296 16
      vertex 1.72883 -0.894818 18.2
      vertex 2.13475 -1.06296 18.2
    endloop
  endfacet
  facet normal 0.382692 0.923876 0
    outer loop
      vertex 1.72883 -0.894818 18.2
      vertex 2.13475 -1.06296 16
      vertex 1.72883 -0.894818 16
    endloop
  endfacet
  facet normal 0.97237 -0.233446 0
    outer loop
      vertex 0.234473 2.03802 18.2
      vertex 0.337042 2.46525 16
      vertex 0.337042 2.46525 18.2
    endloop
  endfacet
  facet normal 0.97237 -0.233446 0
    outer loop
      vertex 0.337042 2.46525 16
      vertex 0.234473 2.03802 18.2
      vertex 0.234473 2.03802 16
    endloop
  endfacet
  facet normal -0.92388 0.382683 0
    outer loop
      vertex 5.49482 0.328827 16
      vertex 5.66296 0.734753 18.2
      vertex 5.66296 0.734753 16
    endloop
  endfacet
  facet normal -0.92388 0.382683 0
    outer loop
      vertex 5.66296 0.734753 18.2
      vertex 5.49482 0.328827 16
      vertex 5.49482 0.328827 18.2
    endloop
  endfacet
  facet normal -0.382688 -0.923878 0
    outer loop
      vertex 3.86525 4.26296 16
      vertex 4.27117 4.09482 18.2
      vertex 3.86525 4.26296 18.2
    endloop
  endfacet
  facet normal -0.382688 -0.923878 -0
    outer loop
      vertex 4.27117 4.09482 18.2
      vertex 3.86525 4.26296 16
      vertex 4.27117 4.09482 16
    endloop
  endfacet
  facet normal -0.972369 0.233449 0
    outer loop
      vertex 5.66296 0.734753 16
      vertex 5.76553 1.16198 18.2
      vertex 5.76553 1.16198 16
    endloop
  endfacet
  facet normal -0.972369 0.233449 0
    outer loop
      vertex 5.76553 1.16198 18.2
      vertex 5.66296 0.734753 16
      vertex 5.66296 0.734753 18.2
    endloop
  endfacet
  facet normal -0.996918 0.0784525 0
    outer loop
      vertex 5.76553 1.16198 16
      vertex 5.8 1.6 18.2
      vertex 5.8 1.6 16
    endloop
  endfacet
  facet normal -0.996918 0.0784525 0
    outer loop
      vertex 5.8 1.6 18.2
      vertex 5.76553 1.16198 16
      vertex 5.76553 1.16198 18.2
    endloop
  endfacet
  facet normal 0.64945 -0.760404 0
    outer loop
      vertex 1.0201 3.5799 16
      vertex 1.3542 3.86525 18.2
      vertex 1.0201 3.5799 18.2
    endloop
  endfacet
  facet normal 0.64945 -0.760404 0
    outer loop
      vertex 1.3542 3.86525 18.2
      vertex 1.0201 3.5799 16
      vertex 1.3542 3.86525 16
    endloop
  endfacet
  facet normal 0.760407 0.649447 0
    outer loop
      vertex 1.0201 -0.379898 18.2
      vertex 0.734753 -0.0457987 16
      vertex 0.734753 -0.0457987 18.2
    endloop
  endfacet
  facet normal 0.760407 0.649447 0
    outer loop
      vertex 0.734753 -0.0457987 16
      vertex 1.0201 -0.379898 18.2
      vertex 1.0201 -0.379898 16
    endloop
  endfacet
  facet normal -0.852644 -0.522493 0
    outer loop
      vertex 5.49482 2.87117 16
      vertex 5.26525 3.2458 18.2
      vertex 5.26525 3.2458 16
    endloop
  endfacet
  facet normal -0.852644 -0.522493 0
    outer loop
      vertex 5.26525 3.2458 18.2
      vertex 5.49482 2.87117 16
      vertex 5.49482 2.87117 18.2
    endloop
  endfacet
  facet normal 0.85264 0.522499 0
    outer loop
      vertex 0.734753 -0.0457987 18.2
      vertex 0.505182 0.328827 16
      vertex 0.505182 0.328827 18.2
    endloop
  endfacet
  facet normal 0.85264 0.522499 0
    outer loop
      vertex 0.505182 0.328827 16
      vertex 0.734753 -0.0457987 18.2
      vertex 0.734753 -0.0457987 16
    endloop
  endfacet
  facet normal -0.852641 0.522497 0
    outer loop
      vertex 5.26525 -0.0457987 16
      vertex 5.49482 0.328827 18.2
      vertex 5.49482 0.328827 16
    endloop
  endfacet
  facet normal -0.852641 0.522497 0
    outer loop
      vertex 5.49482 0.328827 18.2
      vertex 5.26525 -0.0457987 16
      vertex 5.26525 -0.0457987 18.2
    endloop
  endfacet
  facet normal 0.923878 -0.382688 0
    outer loop
      vertex 0.337042 2.46525 18.2
      vertex 0.505182 2.87117 16
      vertex 0.505182 2.87117 18.2
    endloop
  endfacet
  facet normal 0.923878 -0.382688 0
    outer loop
      vertex 0.505182 2.87117 16
      vertex 0.337042 2.46525 18.2
      vertex 0.337042 2.46525 16
    endloop
  endfacet
  facet normal -0.64945 -0.760404 0
    outer loop
      vertex 4.6458 3.86525 16
      vertex 4.9799 3.5799 18.2
      vertex 4.6458 3.86525 18.2
    endloop
  endfacet
  facet normal -0.64945 -0.760404 -0
    outer loop
      vertex 4.9799 3.5799 18.2
      vertex 4.6458 3.86525 16
      vertex 4.9799 3.5799 16
    endloop
  endfacet
  facet normal -0.522493 -0.852644 0
    outer loop
      vertex 4.27117 4.09482 16
      vertex 4.6458 3.86525 18.2
      vertex 4.27117 4.09482 18.2
    endloop
  endfacet
  facet normal -0.522493 -0.852644 -0
    outer loop
      vertex 4.6458 3.86525 18.2
      vertex 4.27117 4.09482 16
      vertex 4.6458 3.86525 16
    endloop
  endfacet
  facet normal -0.760403 0.649451 0
    outer loop
      vertex 4.9799 -0.379898 16
      vertex 5.26525 -0.0457987 18.2
      vertex 5.26525 -0.0457987 16
    endloop
  endfacet
  facet normal -0.760403 0.649451 0
    outer loop
      vertex 5.26525 -0.0457987 18.2
      vertex 4.9799 -0.379898 16
      vertex 4.9799 -0.379898 18.2
    endloop
  endfacet
  facet normal -0.649449 0.760405 0
    outer loop
      vertex 4.9799 -0.379898 16
      vertex 4.6458 -0.665247 18.2
      vertex 4.9799 -0.379898 18.2
    endloop
  endfacet
  facet normal -0.649449 0.760405 0
    outer loop
      vertex 4.6458 -0.665247 18.2
      vertex 4.9799 -0.379898 16
      vertex 4.6458 -0.665247 16
    endloop
  endfacet
  facet normal -0.522494 0.852643 0
    outer loop
      vertex 4.6458 -0.665247 16
      vertex 4.27117 -0.894818 18.2
      vertex 4.6458 -0.665247 18.2
    endloop
  endfacet
  facet normal -0.522494 0.852643 0
    outer loop
      vertex 4.27117 -0.894818 18.2
      vertex 4.6458 -0.665247 16
      vertex 4.27117 -0.894818 16
    endloop
  endfacet
  facet normal 0.92388 0.382683 0
    outer loop
      vertex 0.505182 0.328827 18.2
      vertex 0.337042 0.734753 16
      vertex 0.337042 0.734753 18.2
    endloop
  endfacet
  facet normal 0.92388 0.382683 0
    outer loop
      vertex 0.337042 0.734753 16
      vertex 0.505182 0.328827 18.2
      vertex 0.505182 0.328827 16
    endloop
  endfacet
  facet normal -0.382692 0.923876 0
    outer loop
      vertex 4.27117 -0.894818 16
      vertex 3.86525 -1.06296 18.2
      vertex 4.27117 -0.894818 18.2
    endloop
  endfacet
  facet normal -0.382692 0.923876 0
    outer loop
      vertex 3.86525 -1.06296 18.2
      vertex 4.27117 -0.894818 16
      vertex 3.86525 -1.06296 16
    endloop
  endfacet
  facet normal -0.233448 -0.972369 0
    outer loop
      vertex 3.43802 4.36553 16
      vertex 3.86525 4.26296 18.2
      vertex 3.43802 4.36553 18.2
    endloop
  endfacet
  facet normal -0.233448 -0.972369 -0
    outer loop
      vertex 3.86525 4.26296 18.2
      vertex 3.43802 4.36553 16
      vertex 3.86525 4.26296 16
    endloop
  endfacet
  facet normal -0.0784525 0.996918 0
    outer loop
      vertex 3.43802 -1.16553 16
      vertex 3 -1.2 18.2
      vertex 3.43802 -1.16553 18.2
    endloop
  endfacet
  facet normal -0.0784525 0.996918 0
    outer loop
      vertex 3 -1.2 18.2
      vertex 3.43802 -1.16553 16
      vertex 3 -1.2 16
    endloop
  endfacet
  facet normal 0.972369 0.233447 0
    outer loop
      vertex 0.337042 0.734753 18.2
      vertex 0.234473 1.16198 16
      vertex 0.234473 1.16198 18.2
    endloop
  endfacet
  facet normal 0.972369 0.233447 0
    outer loop
      vertex 0.234473 1.16198 16
      vertex 0.337042 0.734753 18.2
      vertex 0.337042 0.734753 16
    endloop
  endfacet
  facet normal -0.923878 -0.382688 0
    outer loop
      vertex 5.66296 2.46525 16
      vertex 5.49482 2.87117 18.2
      vertex 5.49482 2.87117 16
    endloop
  endfacet
  facet normal -0.923878 -0.382688 0
    outer loop
      vertex 5.49482 2.87117 18.2
      vertex 5.66296 2.46525 16
      vertex 5.66296 2.46525 18.2
    endloop
  endfacet
  facet normal 0.0784525 0.996918 -0
    outer loop
      vertex 3 -1.2 16
      vertex 2.56198 -1.16553 18.2
      vertex 3 -1.2 18.2
    endloop
  endfacet
  facet normal 0.0784525 0.996918 0
    outer loop
      vertex 2.56198 -1.16553 18.2
      vertex 3 -1.2 16
      vertex 2.56198 -1.16553 16
    endloop
  endfacet
  facet normal 0.522494 0.852643 -0
    outer loop
      vertex 1.72883 -0.894818 16
      vertex 1.3542 -0.665247 18.2
      vertex 1.72883 -0.894818 18.2
    endloop
  endfacet
  facet normal 0.522494 0.852643 0
    outer loop
      vertex 1.3542 -0.665247 18.2
      vertex 1.72883 -0.894818 16
      vertex 1.3542 -0.665247 16
    endloop
  endfacet
  facet normal 0.852643 -0.522494 0
    outer loop
      vertex 0.505182 2.87117 18.2
      vertex 0.734753 3.2458 16
      vertex 0.734753 3.2458 18.2
    endloop
  endfacet
  facet normal 0.852643 -0.522494 0
    outer loop
      vertex 0.734753 3.2458 16
      vertex 0.505182 2.87117 18.2
      vertex 0.505182 2.87117 16
    endloop
  endfacet
  facet normal -0.078456 -0.996918 0
    outer loop
      vertex 61 4.4 16
      vertex 61.438 4.36553 18.2
      vertex 61 4.4 18.2
    endloop
  endfacet
  facet normal -0.078456 -0.996918 -0
    outer loop
      vertex 61.438 4.36553 18.2
      vertex 61 4.4 16
      vertex 61.438 4.36553 16
    endloop
  endfacet
  facet normal -0.972405 -0.233297 0
    outer loop
      vertex 63.7655 2.03802 16
      vertex 63.663 2.46525 18.2
      vertex 63.663 2.46525 16
    endloop
  endfacet
  facet normal -0.972405 -0.233297 0
    outer loop
      vertex 63.663 2.46525 18.2
      vertex 63.7655 2.03802 16
      vertex 63.7655 2.03802 18.2
    endloop
  endfacet
  facet normal -0.996913 -0.0785203 0
    outer loop
      vertex 63.8 1.6 16
      vertex 63.7655 2.03802 18.2
      vertex 63.7655 2.03802 16
    endloop
  endfacet
  facet normal -0.996913 -0.0785203 0
    outer loop
      vertex 63.7655 2.03802 18.2
      vertex 63.8 1.6 16
      vertex 63.8 1.6 18.2
    endloop
  endfacet
  facet normal 0.522523 -0.852625 0
    outer loop
      vertex 59.3542 3.86525 16
      vertex 59.7288 4.09482 18.2
      vertex 59.3542 3.86525 18.2
    endloop
  endfacet
  facet normal 0.522523 -0.852625 0
    outer loop
      vertex 59.7288 4.09482 18.2
      vertex 59.3542 3.86525 16
      vertex 59.7288 4.09482 16
    endloop
  endfacet
  facet normal 0.382624 -0.923904 0
    outer loop
      vertex 59.7288 4.09482 16
      vertex 60.1348 4.26296 18.2
      vertex 59.7288 4.09482 18.2
    endloop
  endfacet
  facet normal 0.382624 -0.923904 0
    outer loop
      vertex 60.1348 4.26296 18.2
      vertex 59.7288 4.09482 16
      vertex 60.1348 4.26296 16
    endloop
  endfacet
  facet normal 0.233463 -0.972366 0
    outer loop
      vertex 60.1348 4.26296 16
      vertex 60.562 4.36553 18.2
      vertex 60.1348 4.26296 18.2
    endloop
  endfacet
  facet normal 0.233463 -0.972366 0
    outer loop
      vertex 60.562 4.36553 18.2
      vertex 60.1348 4.26296 16
      vertex 60.562 4.36553 16
    endloop
  endfacet
  facet normal -0.76046 -0.649384 0
    outer loop
      vertex 63.2652 3.2458 16
      vertex 62.9799 3.5799 18.2
      vertex 62.9799 3.5799 16
    endloop
  endfacet
  facet normal -0.76046 -0.649384 0
    outer loop
      vertex 62.9799 3.5799 18.2
      vertex 63.2652 3.2458 16
      vertex 63.2652 3.2458 18.2
    endloop
  endfacet
  facet normal -0.233463 0.972366 0
    outer loop
      vertex 61.8652 -1.06296 16
      vertex 61.438 -1.16553 18.2
      vertex 61.8652 -1.06296 18.2
    endloop
  endfacet
  facet normal -0.233463 0.972366 0
    outer loop
      vertex 61.438 -1.16553 18.2
      vertex 61.8652 -1.06296 16
      vertex 61.438 -1.16553 16
    endloop
  endfacet
  facet normal 0.76046 -0.649384 0
    outer loop
      vertex 58.7348 3.2458 18.2
      vertex 59.0201 3.5799 16
      vertex 59.0201 3.5799 18.2
    endloop
  endfacet
  facet normal 0.76046 -0.649384 0
    outer loop
      vertex 59.0201 3.5799 16
      vertex 58.7348 3.2458 18.2
      vertex 58.7348 3.2458 16
    endloop
  endfacet
  facet normal 0.649449 0.760405 -0
    outer loop
      vertex 59.3542 -0.665247 16
      vertex 59.0201 -0.379898 18.2
      vertex 59.3542 -0.665247 18.2
    endloop
  endfacet
  facet normal 0.649449 0.760405 0
    outer loop
      vertex 59.0201 -0.379898 18.2
      vertex 59.3542 -0.665247 16
      vertex 59.0201 -0.379898 16
    endloop
  endfacet
  facet normal 0.996913 -0.0785203 0
    outer loop
      vertex 58.2 1.6 18.2
      vertex 58.2345 2.03802 16
      vertex 58.2345 2.03802 18.2
    endloop
  endfacet
  facet normal 0.996913 -0.0785203 0
    outer loop
      vertex 58.2345 2.03802 16
      vertex 58.2 1.6 18.2
      vertex 58.2 1.6 16
    endloop
  endfacet
  facet normal 0.078456 -0.996918 0
    outer loop
      vertex 60.562 4.36553 16
      vertex 61 4.4 18.2
      vertex 60.562 4.36553 18.2
    endloop
  endfacet
  facet normal 0.078456 -0.996918 0
    outer loop
      vertex 61 4.4 18.2
      vertex 60.562 4.36553 16
      vertex 61 4.4 16
    endloop
  endfacet
  facet normal 0.996913 0.0785203 0
    outer loop
      vertex 58.2345 1.16198 18.2
      vertex 58.2 1.6 16
      vertex 58.2 1.6 18.2
    endloop
  endfacet
  facet normal 0.996913 0.0785203 0
    outer loop
      vertex 58.2 1.6 16
      vertex 58.2345 1.16198 18.2
      vertex 58.2345 1.16198 16
    endloop
  endfacet
  facet normal 0.382628 0.923903 -0
    outer loop
      vertex 60.1348 -1.06296 16
      vertex 59.7288 -0.894818 18.2
      vertex 60.1348 -1.06296 18.2
    endloop
  endfacet
  facet normal 0.382628 0.923903 0
    outer loop
      vertex 59.7288 -0.894818 18.2
      vertex 60.1348 -1.06296 16
      vertex 59.7288 -0.894818 16
    endloop
  endfacet
  facet normal -0.382628 0.923903 0
    outer loop
      vertex 62.2712 -0.894818 16
      vertex 61.8652 -1.06296 18.2
      vertex 62.2712 -0.894818 18.2
    endloop
  endfacet
  facet normal -0.382628 0.923903 0
    outer loop
      vertex 61.8652 -1.06296 18.2
      vertex 62.2712 -0.894818 16
      vertex 61.8652 -1.06296 16
    endloop
  endfacet
  facet normal 0.972405 -0.233297 0
    outer loop
      vertex 58.2345 2.03802 18.2
      vertex 58.337 2.46525 16
      vertex 58.337 2.46525 18.2
    endloop
  endfacet
  facet normal 0.972405 -0.233297 0
    outer loop
      vertex 58.337 2.46525 16
      vertex 58.2345 2.03802 18.2
      vertex 58.2345 2.03802 16
    endloop
  endfacet
  facet normal -0.923831 0.3828 0
    outer loop
      vertex 63.4948 0.328827 16
      vertex 63.663 0.734753 18.2
      vertex 63.663 0.734753 16
    endloop
  endfacet
  facet normal -0.923831 0.3828 0
    outer loop
      vertex 63.663 0.734753 18.2
      vertex 63.4948 0.328827 16
      vertex 63.4948 0.328827 18.2
    endloop
  endfacet
  facet normal -0.382624 -0.923904 0
    outer loop
      vertex 61.8652 4.26296 16
      vertex 62.2712 4.09482 18.2
      vertex 61.8652 4.26296 18.2
    endloop
  endfacet
  facet normal -0.382624 -0.923904 -0
    outer loop
      vertex 62.2712 4.09482 18.2
      vertex 61.8652 4.26296 16
      vertex 62.2712 4.09482 16
    endloop
  endfacet
  facet normal -0.972405 0.233299 0
    outer loop
      vertex 63.663 0.734753 16
      vertex 63.7655 1.16198 18.2
      vertex 63.7655 1.16198 16
    endloop
  endfacet
  facet normal -0.972405 0.233299 0
    outer loop
      vertex 63.7655 1.16198 18.2
      vertex 63.663 0.734753 16
      vertex 63.663 0.734753 18.2
    endloop
  endfacet
  facet normal -0.996913 0.0785203 0
    outer loop
      vertex 63.7655 1.16198 16
      vertex 63.8 1.6 18.2
      vertex 63.8 1.6 16
    endloop
  endfacet
  facet normal -0.996913 0.0785203 0
    outer loop
      vertex 63.8 1.6 18.2
      vertex 63.7655 1.16198 16
      vertex 63.7655 1.16198 18.2
    endloop
  endfacet
  facet normal 0.64945 -0.760404 0
    outer loop
      vertex 59.0201 3.5799 16
      vertex 59.3542 3.86525 18.2
      vertex 59.0201 3.5799 18.2
    endloop
  endfacet
  facet normal 0.64945 -0.760404 0
    outer loop
      vertex 59.3542 3.86525 18.2
      vertex 59.0201 3.5799 16
      vertex 59.3542 3.86525 16
    endloop
  endfacet
  facet normal 0.76046 0.649385 0
    outer loop
      vertex 59.0201 -0.379898 18.2
      vertex 58.7348 -0.0457987 16
      vertex 58.7348 -0.0457987 18.2
    endloop
  endfacet
  facet normal 0.76046 0.649385 0
    outer loop
      vertex 58.7348 -0.0457987 16
      vertex 59.0201 -0.379898 18.2
      vertex 59.0201 -0.379898 16
    endloop
  endfacet
  facet normal -0.852613 -0.522542 0
    outer loop
      vertex 63.4948 2.87117 16
      vertex 63.2652 3.2458 18.2
      vertex 63.2652 3.2458 16
    endloop
  endfacet
  facet normal -0.852613 -0.522542 0
    outer loop
      vertex 63.2652 3.2458 18.2
      vertex 63.4948 2.87117 16
      vertex 63.4948 2.87117 18.2
    endloop
  endfacet
  facet normal 0.852611 0.522547 0
    outer loop
      vertex 58.7348 -0.0457987 18.2
      vertex 58.5052 0.328827 16
      vertex 58.5052 0.328827 18.2
    endloop
  endfacet
  facet normal 0.852611 0.522547 0
    outer loop
      vertex 58.5052 0.328827 16
      vertex 58.7348 -0.0457987 18.2
      vertex 58.7348 -0.0457987 16
    endloop
  endfacet
  facet normal -0.852611 0.522547 0
    outer loop
      vertex 63.2652 -0.0457987 16
      vertex 63.4948 0.328827 18.2
      vertex 63.4948 0.328827 16
    endloop
  endfacet
  facet normal -0.852611 0.522547 0
    outer loop
      vertex 63.4948 0.328827 18.2
      vertex 63.2652 -0.0457987 16
      vertex 63.2652 -0.0457987 18.2
    endloop
  endfacet
  facet normal 0.923829 -0.382805 0
    outer loop
      vertex 58.337 2.46525 18.2
      vertex 58.5052 2.87117 16
      vertex 58.5052 2.87117 18.2
    endloop
  endfacet
  facet normal 0.923829 -0.382805 0
    outer loop
      vertex 58.5052 2.87117 16
      vertex 58.337 2.46525 18.2
      vertex 58.337 2.46525 16
    endloop
  endfacet
  facet normal -0.64945 -0.760404 0
    outer loop
      vertex 62.6458 3.86525 16
      vertex 62.9799 3.5799 18.2
      vertex 62.6458 3.86525 18.2
    endloop
  endfacet
  facet normal -0.64945 -0.760404 -0
    outer loop
      vertex 62.9799 3.5799 18.2
      vertex 62.6458 3.86525 16
      vertex 62.9799 3.5799 16
    endloop
  endfacet
  facet normal -0.522523 -0.852625 0
    outer loop
      vertex 62.2712 4.09482 16
      vertex 62.6458 3.86525 18.2
      vertex 62.2712 4.09482 18.2
    endloop
  endfacet
  facet normal -0.522523 -0.852625 -0
    outer loop
      vertex 62.6458 3.86525 18.2
      vertex 62.2712 4.09482 16
      vertex 62.6458 3.86525 16
    endloop
  endfacet
  facet normal -0.76046 0.649385 0
    outer loop
      vertex 62.9799 -0.379898 16
      vertex 63.2652 -0.0457987 18.2
      vertex 63.2652 -0.0457987 16
    endloop
  endfacet
  facet normal -0.76046 0.649385 0
    outer loop
      vertex 63.2652 -0.0457987 18.2
      vertex 62.9799 -0.379898 16
      vertex 62.9799 -0.379898 18.2
    endloop
  endfacet
  facet normal -0.649449 0.760405 0
    outer loop
      vertex 62.9799 -0.379898 16
      vertex 62.6458 -0.665247 18.2
      vertex 62.9799 -0.379898 18.2
    endloop
  endfacet
  facet normal -0.649449 0.760405 0
    outer loop
      vertex 62.6458 -0.665247 18.2
      vertex 62.9799 -0.379898 16
      vertex 62.6458 -0.665247 16
    endloop
  endfacet
  facet normal -0.522525 0.852624 0
    outer loop
      vertex 62.6458 -0.665247 16
      vertex 62.2712 -0.894818 18.2
      vertex 62.6458 -0.665247 18.2
    endloop
  endfacet
  facet normal -0.522525 0.852624 0
    outer loop
      vertex 62.2712 -0.894818 18.2
      vertex 62.6458 -0.665247 16
      vertex 62.2712 -0.894818 16
    endloop
  endfacet
  facet normal 0.923831 0.3828 0
    outer loop
      vertex 58.5052 0.328827 18.2
      vertex 58.337 0.734753 16
      vertex 58.337 0.734753 18.2
    endloop
  endfacet
  facet normal 0.923831 0.3828 0
    outer loop
      vertex 58.337 0.734753 16
      vertex 58.5052 0.328827 18.2
      vertex 58.5052 0.328827 16
    endloop
  endfacet
  facet normal -0.233463 -0.972366 0
    outer loop
      vertex 61.438 4.36553 16
      vertex 61.8652 4.26296 18.2
      vertex 61.438 4.36553 18.2
    endloop
  endfacet
  facet normal -0.233463 -0.972366 -0
    outer loop
      vertex 61.8652 4.26296 18.2
      vertex 61.438 4.36553 16
      vertex 61.8652 4.26296 16
    endloop
  endfacet
  facet normal -0.078456 0.996918 0
    outer loop
      vertex 61.438 -1.16553 16
      vertex 61 -1.2 18.2
      vertex 61.438 -1.16553 18.2
    endloop
  endfacet
  facet normal -0.078456 0.996918 0
    outer loop
      vertex 61 -1.2 18.2
      vertex 61.438 -1.16553 16
      vertex 61 -1.2 16
    endloop
  endfacet
  facet normal 0.233463 0.972366 -0
    outer loop
      vertex 60.562 -1.16553 16
      vertex 60.1348 -1.06296 18.2
      vertex 60.562 -1.16553 18.2
    endloop
  endfacet
  facet normal 0.233463 0.972366 0
    outer loop
      vertex 60.1348 -1.06296 18.2
      vertex 60.562 -1.16553 16
      vertex 60.1348 -1.06296 16
    endloop
  endfacet
  facet normal 0.972405 0.233299 0
    outer loop
      vertex 58.337 0.734753 18.2
      vertex 58.2345 1.16198 16
      vertex 58.2345 1.16198 18.2
    endloop
  endfacet
  facet normal 0.972405 0.233299 0
    outer loop
      vertex 58.2345 1.16198 16
      vertex 58.337 0.734753 18.2
      vertex 58.337 0.734753 16
    endloop
  endfacet
  facet normal -0.923829 -0.382805 0
    outer loop
      vertex 63.663 2.46525 16
      vertex 63.4948 2.87117 18.2
      vertex 63.4948 2.87117 16
    endloop
  endfacet
  facet normal -0.923829 -0.382805 0
    outer loop
      vertex 63.4948 2.87117 18.2
      vertex 63.663 2.46525 16
      vertex 63.663 2.46525 18.2
    endloop
  endfacet
  facet normal 0.078456 0.996918 -0
    outer loop
      vertex 61 -1.2 16
      vertex 60.562 -1.16553 18.2
      vertex 61 -1.2 18.2
    endloop
  endfacet
  facet normal 0.078456 0.996918 0
    outer loop
      vertex 60.562 -1.16553 18.2
      vertex 61 -1.2 16
      vertex 60.562 -1.16553 16
    endloop
  endfacet
  facet normal 0.522525 0.852624 -0
    outer loop
      vertex 59.7288 -0.894818 16
      vertex 59.3542 -0.665247 18.2
      vertex 59.7288 -0.894818 18.2
    endloop
  endfacet
  facet normal 0.522525 0.852624 0
    outer loop
      vertex 59.3542 -0.665247 18.2
      vertex 59.7288 -0.894818 16
      vertex 59.3542 -0.665247 16
    endloop
  endfacet
  facet normal 0.852613 -0.522542 0
    outer loop
      vertex 58.5052 2.87117 18.2
      vertex 58.7348 3.2458 16
      vertex 58.7348 3.2458 18.2
    endloop
  endfacet
  facet normal 0.852613 -0.522542 0
    outer loop
      vertex 58.7348 3.2458 16
      vertex 58.5052 2.87117 18.2
      vertex 58.5052 2.87117 16
    endloop
  endfacet
  facet normal -0.0785203 -0.996913 0
    outer loop
      vertex 3 37.2 16
      vertex 3.43802 37.1655 18.2
      vertex 3 37.2 18.2
    endloop
  endfacet
  facet normal -0.0785203 -0.996913 -0
    outer loop
      vertex 3.43802 37.1655 18.2
      vertex 3 37.2 16
      vertex 3.43802 37.1655 16
    endloop
  endfacet
  facet normal -0.972366 -0.233463 0
    outer loop
      vertex 5.76553 34.838 16
      vertex 5.66296 35.2652 18.2
      vertex 5.66296 35.2652 16
    endloop
  endfacet
  facet normal -0.972366 -0.233463 0
    outer loop
      vertex 5.66296 35.2652 18.2
      vertex 5.76553 34.838 16
      vertex 5.76553 34.838 18.2
    endloop
  endfacet
  facet normal -0.996918 -0.078456 0
    outer loop
      vertex 5.8 34.4 16
      vertex 5.76553 34.838 18.2
      vertex 5.76553 34.838 16
    endloop
  endfacet
  facet normal -0.996918 -0.078456 0
    outer loop
      vertex 5.76553 34.838 18.2
      vertex 5.8 34.4 16
      vertex 5.8 34.4 18.2
    endloop
  endfacet
  facet normal 0.522542 -0.852613 0
    outer loop
      vertex 1.3542 36.6652 16
      vertex 1.72883 36.8948 18.2
      vertex 1.3542 36.6652 18.2
    endloop
  endfacet
  facet normal 0.522542 -0.852613 0
    outer loop
      vertex 1.72883 36.8948 18.2
      vertex 1.3542 36.6652 16
      vertex 1.72883 36.8948 16
    endloop
  endfacet
  facet normal 0.382805 -0.923829 0
    outer loop
      vertex 1.72883 36.8948 16
      vertex 2.13475 37.063 18.2
      vertex 1.72883 36.8948 18.2
    endloop
  endfacet
  facet normal 0.382805 -0.923829 0
    outer loop
      vertex 2.13475 37.063 18.2
      vertex 1.72883 36.8948 16
      vertex 2.13475 37.063 16
    endloop
  endfacet
  facet normal 0.233297 -0.972405 0
    outer loop
      vertex 2.13475 37.063 16
      vertex 2.56198 37.1655 18.2
      vertex 2.13475 37.063 18.2
    endloop
  endfacet
  facet normal 0.233297 -0.972405 0
    outer loop
      vertex 2.56198 37.1655 18.2
      vertex 2.13475 37.063 16
      vertex 2.56198 37.1655 16
    endloop
  endfacet
  facet normal -0.760404 -0.64945 0
    outer loop
      vertex 5.26525 36.0458 16
      vertex 4.9799 36.3799 18.2
      vertex 4.9799 36.3799 16
    endloop
  endfacet
  facet normal -0.760404 -0.64945 0
    outer loop
      vertex 4.9799 36.3799 18.2
      vertex 5.26525 36.0458 16
      vertex 5.26525 36.0458 18.2
    endloop
  endfacet
  facet normal -0.233297 0.972405 0
    outer loop
      vertex 3.86525 31.737 16
      vertex 3.43802 31.6345 18.2
      vertex 3.86525 31.737 18.2
    endloop
  endfacet
  facet normal -0.233297 0.972405 0
    outer loop
      vertex 3.43802 31.6345 18.2
      vertex 3.86525 31.737 16
      vertex 3.43802 31.6345 16
    endloop
  endfacet
  facet normal 0.760407 -0.649446 0
    outer loop
      vertex 0.734753 36.0458 18.2
      vertex 1.0201 36.3799 16
      vertex 1.0201 36.3799 18.2
    endloop
  endfacet
  facet normal 0.760407 -0.649446 0
    outer loop
      vertex 1.0201 36.3799 16
      vertex 0.734753 36.0458 18.2
      vertex 0.734753 36.0458 16
    endloop
  endfacet
  facet normal 0.649384 0.76046 -0
    outer loop
      vertex 1.3542 32.1348 16
      vertex 1.0201 32.4201 18.2
      vertex 1.3542 32.1348 18.2
    endloop
  endfacet
  facet normal 0.649384 0.76046 0
    outer loop
      vertex 1.0201 32.4201 18.2
      vertex 1.3542 32.1348 16
      vertex 1.0201 32.4201 16
    endloop
  endfacet
  facet normal 0.996917 -0.0784606 0
    outer loop
      vertex 0.200001 34.4 18.2
      vertex 0.234473 34.838 16
      vertex 0.234473 34.838 18.2
    endloop
  endfacet
  facet normal 0.996917 -0.0784606 0
    outer loop
      vertex 0.234473 34.838 16
      vertex 0.200001 34.4 18.2
      vertex 0.200001 34.4 16
    endloop
  endfacet
  facet normal 0.0785203 -0.996913 0
    outer loop
      vertex 2.56198 37.1655 16
      vertex 3 37.2 18.2
      vertex 2.56198 37.1655 18.2
    endloop
  endfacet
  facet normal 0.0785203 -0.996913 0
    outer loop
      vertex 3 37.2 18.2
      vertex 2.56198 37.1655 16
      vertex 3 37.2 16
    endloop
  endfacet
  facet normal 0.996917 0.0784606 0
    outer loop
      vertex 0.234473 33.962 18.2
      vertex 0.200001 34.4 16
      vertex 0.200001 34.4 18.2
    endloop
  endfacet
  facet normal 0.996917 0.0784606 0
    outer loop
      vertex 0.200001 34.4 16
      vertex 0.234473 33.962 18.2
      vertex 0.234473 33.962 16
    endloop
  endfacet
  facet normal 0.382805 0.923829 -0
    outer loop
      vertex 2.13475 31.737 16
      vertex 1.72883 31.9052 18.2
      vertex 2.13475 31.737 18.2
    endloop
  endfacet
  facet normal 0.382805 0.923829 0
    outer loop
      vertex 1.72883 31.9052 18.2
      vertex 2.13475 31.737 16
      vertex 1.72883 31.9052 16
    endloop
  endfacet
  facet normal 0.972366 -0.233461 0
    outer loop
      vertex 0.234473 34.838 18.2
      vertex 0.337042 35.2652 16
      vertex 0.337042 35.2652 18.2
    endloop
  endfacet
  facet normal 0.972366 -0.233461 0
    outer loop
      vertex 0.337042 35.2652 16
      vertex 0.234473 34.838 18.2
      vertex 0.234473 34.838 16
    endloop
  endfacet
  facet normal -0.923904 0.382624 0
    outer loop
      vertex 5.49482 33.1288 16
      vertex 5.66296 33.5348 18.2
      vertex 5.66296 33.5348 16
    endloop
  endfacet
  facet normal -0.923904 0.382624 0
    outer loop
      vertex 5.66296 33.5348 18.2
      vertex 5.49482 33.1288 16
      vertex 5.49482 33.1288 18.2
    endloop
  endfacet
  facet normal -0.382805 -0.923829 0
    outer loop
      vertex 3.86525 37.063 16
      vertex 4.27117 36.8948 18.2
      vertex 3.86525 37.063 18.2
    endloop
  endfacet
  facet normal -0.382805 -0.923829 -0
    outer loop
      vertex 4.27117 36.8948 18.2
      vertex 3.86525 37.063 16
      vertex 4.27117 36.8948 16
    endloop
  endfacet
  facet normal -0.972366 0.233463 0
    outer loop
      vertex 5.66296 33.5348 16
      vertex 5.76553 33.962 18.2
      vertex 5.76553 33.962 16
    endloop
  endfacet
  facet normal -0.972366 0.233463 0
    outer loop
      vertex 5.76553 33.962 18.2
      vertex 5.66296 33.5348 16
      vertex 5.66296 33.5348 18.2
    endloop
  endfacet
  facet normal -0.996918 0.078456 0
    outer loop
      vertex 5.76553 33.962 16
      vertex 5.8 34.4 18.2
      vertex 5.8 34.4 16
    endloop
  endfacet
  facet normal -0.996918 0.078456 0
    outer loop
      vertex 5.8 34.4 18.2
      vertex 5.76553 33.962 16
      vertex 5.76553 33.962 18.2
    endloop
  endfacet
  facet normal 0.649384 -0.76046 0
    outer loop
      vertex 1.0201 36.3799 16
      vertex 1.3542 36.6652 18.2
      vertex 1.0201 36.3799 18.2
    endloop
  endfacet
  facet normal 0.649384 -0.76046 0
    outer loop
      vertex 1.3542 36.6652 18.2
      vertex 1.0201 36.3799 16
      vertex 1.3542 36.6652 16
    endloop
  endfacet
  facet normal 0.760407 0.649446 0
    outer loop
      vertex 1.0201 32.4201 18.2
      vertex 0.734753 32.7542 16
      vertex 0.734753 32.7542 18.2
    endloop
  endfacet
  facet normal 0.760407 0.649446 0
    outer loop
      vertex 0.734753 32.7542 16
      vertex 1.0201 32.4201 18.2
      vertex 1.0201 32.4201 16
    endloop
  endfacet
  facet normal -0.852625 -0.522523 0
    outer loop
      vertex 5.49482 35.6712 16
      vertex 5.26525 36.0458 18.2
      vertex 5.26525 36.0458 16
    endloop
  endfacet
  facet normal -0.852625 -0.522523 0
    outer loop
      vertex 5.26525 36.0458 18.2
      vertex 5.49482 35.6712 16
      vertex 5.49482 35.6712 18.2
    endloop
  endfacet
  facet normal 0.852624 0.522525 0
    outer loop
      vertex 0.734753 32.7542 18.2
      vertex 0.505182 33.1288 16
      vertex 0.505182 33.1288 18.2
    endloop
  endfacet
  facet normal 0.852624 0.522525 0
    outer loop
      vertex 0.505182 33.1288 16
      vertex 0.734753 32.7542 18.2
      vertex 0.734753 32.7542 16
    endloop
  endfacet
  facet normal -0.852625 0.522523 0
    outer loop
      vertex 5.26525 32.7542 16
      vertex 5.49482 33.1288 18.2
      vertex 5.49482 33.1288 16
    endloop
  endfacet
  facet normal -0.852625 0.522523 0
    outer loop
      vertex 5.49482 33.1288 18.2
      vertex 5.26525 32.7542 16
      vertex 5.26525 32.7542 18.2
    endloop
  endfacet
  facet normal 0.923904 -0.382624 0
    outer loop
      vertex 0.337042 35.2652 18.2
      vertex 0.505182 35.6712 16
      vertex 0.505182 35.6712 18.2
    endloop
  endfacet
  facet normal 0.923904 -0.382624 0
    outer loop
      vertex 0.505182 35.6712 16
      vertex 0.337042 35.2652 18.2
      vertex 0.337042 35.2652 16
    endloop
  endfacet
  facet normal -0.649384 -0.76046 0
    outer loop
      vertex 4.6458 36.6652 16
      vertex 4.9799 36.3799 18.2
      vertex 4.6458 36.6652 18.2
    endloop
  endfacet
  facet normal -0.649384 -0.76046 -0
    outer loop
      vertex 4.9799 36.3799 18.2
      vertex 4.6458 36.6652 16
      vertex 4.9799 36.3799 16
    endloop
  endfacet
  facet normal -0.522542 -0.852613 0
    outer loop
      vertex 4.27117 36.8948 16
      vertex 4.6458 36.6652 18.2
      vertex 4.27117 36.8948 18.2
    endloop
  endfacet
  facet normal -0.522542 -0.852613 -0
    outer loop
      vertex 4.6458 36.6652 18.2
      vertex 4.27117 36.8948 16
      vertex 4.6458 36.6652 16
    endloop
  endfacet
  facet normal -0.760404 0.64945 0
    outer loop
      vertex 4.9799 32.4201 16
      vertex 5.26525 32.7542 18.2
      vertex 5.26525 32.7542 16
    endloop
  endfacet
  facet normal -0.760404 0.64945 0
    outer loop
      vertex 5.26525 32.7542 18.2
      vertex 4.9799 32.4201 16
      vertex 4.9799 32.4201 18.2
    endloop
  endfacet
  facet normal -0.649384 0.76046 0
    outer loop
      vertex 4.9799 32.4201 16
      vertex 4.6458 32.1348 18.2
      vertex 4.9799 32.4201 18.2
    endloop
  endfacet
  facet normal -0.649384 0.76046 0
    outer loop
      vertex 4.6458 32.1348 18.2
      vertex 4.9799 32.4201 16
      vertex 4.6458 32.1348 16
    endloop
  endfacet
  facet normal -0.522542 0.852613 0
    outer loop
      vertex 4.6458 32.1348 16
      vertex 4.27117 31.9052 18.2
      vertex 4.6458 32.1348 18.2
    endloop
  endfacet
  facet normal -0.522542 0.852613 0
    outer loop
      vertex 4.27117 31.9052 18.2
      vertex 4.6458 32.1348 16
      vertex 4.27117 31.9052 16
    endloop
  endfacet
  facet normal 0.923904 0.382624 0
    outer loop
      vertex 0.505182 33.1288 18.2
      vertex 0.337042 33.5348 16
      vertex 0.337042 33.5348 18.2
    endloop
  endfacet
  facet normal 0.923904 0.382624 0
    outer loop
      vertex 0.337042 33.5348 16
      vertex 0.505182 33.1288 18.2
      vertex 0.505182 33.1288 16
    endloop
  endfacet
  facet normal -0.382805 0.923829 0
    outer loop
      vertex 4.27117 31.9052 16
      vertex 3.86525 31.737 18.2
      vertex 4.27117 31.9052 18.2
    endloop
  endfacet
  facet normal -0.382805 0.923829 0
    outer loop
      vertex 3.86525 31.737 18.2
      vertex 4.27117 31.9052 16
      vertex 3.86525 31.737 16
    endloop
  endfacet
  facet normal -0.233297 -0.972405 0
    outer loop
      vertex 3.43802 37.1655 16
      vertex 3.86525 37.063 18.2
      vertex 3.43802 37.1655 18.2
    endloop
  endfacet
  facet normal -0.233297 -0.972405 -0
    outer loop
      vertex 3.86525 37.063 18.2
      vertex 3.43802 37.1655 16
      vertex 3.86525 37.063 16
    endloop
  endfacet
  facet normal -0.0785203 0.996913 0
    outer loop
      vertex 3.43802 31.6345 16
      vertex 3 31.6 18.2
      vertex 3.43802 31.6345 18.2
    endloop
  endfacet
  facet normal -0.0785203 0.996913 0
    outer loop
      vertex 3 31.6 18.2
      vertex 3.43802 31.6345 16
      vertex 3 31.6 16
    endloop
  endfacet
  facet normal 0.233297 0.972405 -0
    outer loop
      vertex 2.56198 31.6345 16
      vertex 2.13475 31.737 18.2
      vertex 2.56198 31.6345 18.2
    endloop
  endfacet
  facet normal 0.233297 0.972405 0
    outer loop
      vertex 2.13475 31.737 18.2
      vertex 2.56198 31.6345 16
      vertex 2.13475 31.737 16
    endloop
  endfacet
  facet normal 0.972366 0.233461 0
    outer loop
      vertex 0.337042 33.5348 18.2
      vertex 0.234473 33.962 16
      vertex 0.234473 33.962 18.2
    endloop
  endfacet
  facet normal 0.972366 0.233461 0
    outer loop
      vertex 0.234473 33.962 16
      vertex 0.337042 33.5348 18.2
      vertex 0.337042 33.5348 16
    endloop
  endfacet
  facet normal -0.923904 -0.382624 0
    outer loop
      vertex 5.66296 35.2652 16
      vertex 5.49482 35.6712 18.2
      vertex 5.49482 35.6712 16
    endloop
  endfacet
  facet normal -0.923904 -0.382624 0
    outer loop
      vertex 5.49482 35.6712 18.2
      vertex 5.66296 35.2652 16
      vertex 5.66296 35.2652 18.2
    endloop
  endfacet
  facet normal 0.0785203 0.996913 -0
    outer loop
      vertex 3 31.6 16
      vertex 2.56198 31.6345 18.2
      vertex 3 31.6 18.2
    endloop
  endfacet
  facet normal 0.0785203 0.996913 0
    outer loop
      vertex 2.56198 31.6345 18.2
      vertex 3 31.6 16
      vertex 2.56198 31.6345 16
    endloop
  endfacet
  facet normal 0.522542 0.852613 -0
    outer loop
      vertex 1.72883 31.9052 16
      vertex 1.3542 32.1348 18.2
      vertex 1.72883 31.9052 18.2
    endloop
  endfacet
  facet normal 0.522542 0.852613 0
    outer loop
      vertex 1.3542 32.1348 18.2
      vertex 1.72883 31.9052 16
      vertex 1.3542 32.1348 16
    endloop
  endfacet
  facet normal 0.852624 -0.522525 0
    outer loop
      vertex 0.505182 35.6712 18.2
      vertex 0.734753 36.0458 16
      vertex 0.734753 36.0458 18.2
    endloop
  endfacet
  facet normal 0.852624 -0.522525 0
    outer loop
      vertex 0.734753 36.0458 16
      vertex 0.505182 35.6712 18.2
      vertex 0.505182 35.6712 16
    endloop
  endfacet
  facet normal -0.0785239 -0.996912 0
    outer loop
      vertex 61 37.2 16
      vertex 61.438 37.1655 18.2
      vertex 61 37.2 18.2
    endloop
  endfacet
  facet normal -0.0785239 -0.996912 -0
    outer loop
      vertex 61.438 37.1655 18.2
      vertex 61 37.2 16
      vertex 61.438 37.1655 16
    endloop
  endfacet
  facet normal -0.972402 -0.233313 0
    outer loop
      vertex 63.7655 34.838 16
      vertex 63.663 35.2652 18.2
      vertex 63.663 35.2652 16
    endloop
  endfacet
  facet normal -0.972402 -0.233313 0
    outer loop
      vertex 63.663 35.2652 18.2
      vertex 63.7655 34.838 16
      vertex 63.7655 34.838 18.2
    endloop
  endfacet
  facet normal -0.996912 -0.0785239 0
    outer loop
      vertex 63.8 34.4 16
      vertex 63.7655 34.838 18.2
      vertex 63.7655 34.838 16
    endloop
  endfacet
  facet normal -0.996912 -0.0785239 0
    outer loop
      vertex 63.7655 34.838 18.2
      vertex 63.8 34.4 16
      vertex 63.8 34.4 18.2
    endloop
  endfacet
  facet normal 0.522573 -0.852595 0
    outer loop
      vertex 59.3542 36.6652 16
      vertex 59.7288 36.8948 18.2
      vertex 59.3542 36.6652 18.2
    endloop
  endfacet
  facet normal 0.522573 -0.852595 0
    outer loop
      vertex 59.7288 36.8948 18.2
      vertex 59.3542 36.6652 16
      vertex 59.7288 36.8948 16
    endloop
  endfacet
  facet normal 0.38274 -0.923856 0
    outer loop
      vertex 59.7288 36.8948 16
      vertex 60.1348 37.063 18.2
      vertex 59.7288 36.8948 18.2
    endloop
  endfacet
  facet normal 0.38274 -0.923856 0
    outer loop
      vertex 60.1348 37.063 18.2
      vertex 59.7288 36.8948 16
      vertex 60.1348 37.063 16
    endloop
  endfacet
  facet normal 0.233313 -0.972402 0
    outer loop
      vertex 60.1348 37.063 16
      vertex 60.562 37.1655 18.2
      vertex 60.1348 37.063 18.2
    endloop
  endfacet
  facet normal 0.233313 -0.972402 0
    outer loop
      vertex 60.562 37.1655 18.2
      vertex 60.1348 37.063 16
      vertex 60.562 37.1655 16
    endloop
  endfacet
  facet normal -0.76046 -0.649384 0
    outer loop
      vertex 63.2652 36.0458 16
      vertex 62.9799 36.3799 18.2
      vertex 62.9799 36.3799 16
    endloop
  endfacet
  facet normal -0.76046 -0.649384 0
    outer loop
      vertex 62.9799 36.3799 18.2
      vertex 63.2652 36.0458 16
      vertex 63.2652 36.0458 18.2
    endloop
  endfacet
  facet normal -0.233313 0.972402 0
    outer loop
      vertex 61.8652 31.737 16
      vertex 61.438 31.6345 18.2
      vertex 61.8652 31.737 18.2
    endloop
  endfacet
  facet normal -0.233313 0.972402 0
    outer loop
      vertex 61.438 31.6345 18.2
      vertex 61.8652 31.737 16
      vertex 61.438 31.6345 16
    endloop
  endfacet
  facet normal 0.76046 -0.649384 0
    outer loop
      vertex 58.7348 36.0458 18.2
      vertex 59.0201 36.3799 16
      vertex 59.0201 36.3799 18.2
    endloop
  endfacet
  facet normal 0.76046 -0.649384 0
    outer loop
      vertex 59.0201 36.3799 16
      vertex 58.7348 36.0458 18.2
      vertex 58.7348 36.0458 16
    endloop
  endfacet
  facet normal 0.649384 0.76046 -0
    outer loop
      vertex 59.3542 32.1348 16
      vertex 59.0201 32.4201 18.2
      vertex 59.3542 32.1348 18.2
    endloop
  endfacet
  facet normal 0.649384 0.76046 0
    outer loop
      vertex 59.0201 32.4201 18.2
      vertex 59.3542 32.1348 16
      vertex 59.0201 32.4201 16
    endloop
  endfacet
  facet normal 0.996912 -0.0785239 0
    outer loop
      vertex 58.2 34.4 18.2
      vertex 58.2345 34.838 16
      vertex 58.2345 34.838 18.2
    endloop
  endfacet
  facet normal 0.996912 -0.0785239 0
    outer loop
      vertex 58.2345 34.838 16
      vertex 58.2 34.4 18.2
      vertex 58.2 34.4 16
    endloop
  endfacet
  facet normal 0.0785239 -0.996912 0
    outer loop
      vertex 60.562 37.1655 16
      vertex 61 37.2 18.2
      vertex 60.562 37.1655 18.2
    endloop
  endfacet
  facet normal 0.0785239 -0.996912 0
    outer loop
      vertex 61 37.2 18.2
      vertex 60.562 37.1655 16
      vertex 61 37.2 16
    endloop
  endfacet
  facet normal 0.996912 0.0785239 0
    outer loop
      vertex 58.2345 33.962 18.2
      vertex 58.2 34.4 16
      vertex 58.2 34.4 18.2
    endloop
  endfacet
  facet normal 0.996912 0.0785239 0
    outer loop
      vertex 58.2 34.4 16
      vertex 58.2345 33.962 18.2
      vertex 58.2345 33.962 16
    endloop
  endfacet
  facet normal 0.38274 0.923856 -0
    outer loop
      vertex 60.1348 31.737 16
      vertex 59.7288 31.9052 18.2
      vertex 60.1348 31.737 18.2
    endloop
  endfacet
  facet normal 0.38274 0.923856 0
    outer loop
      vertex 59.7288 31.9052 18.2
      vertex 60.1348 31.737 16
      vertex 59.7288 31.9052 16
    endloop
  endfacet
  facet normal -0.38274 0.923856 0
    outer loop
      vertex 62.2712 31.9052 16
      vertex 61.8652 31.737 18.2
      vertex 62.2712 31.9052 18.2
    endloop
  endfacet
  facet normal -0.38274 0.923856 0
    outer loop
      vertex 61.8652 31.737 18.2
      vertex 62.2712 31.9052 16
      vertex 61.8652 31.737 16
    endloop
  endfacet
  facet normal 0.972402 -0.233313 0
    outer loop
      vertex 58.2345 34.838 18.2
      vertex 58.337 35.2652 16
      vertex 58.337 35.2652 18.2
    endloop
  endfacet
  facet normal 0.972402 -0.233313 0
    outer loop
      vertex 58.337 35.2652 16
      vertex 58.2345 34.838 18.2
      vertex 58.2345 34.838 16
    endloop
  endfacet
  facet normal -0.923856 0.38274 0
    outer loop
      vertex 63.4948 33.1288 16
      vertex 63.663 33.5348 18.2
      vertex 63.663 33.5348 16
    endloop
  endfacet
  facet normal -0.923856 0.38274 0
    outer loop
      vertex 63.663 33.5348 18.2
      vertex 63.4948 33.1288 16
      vertex 63.4948 33.1288 18.2
    endloop
  endfacet
  facet normal -0.38274 -0.923856 0
    outer loop
      vertex 61.8652 37.063 16
      vertex 62.2712 36.8948 18.2
      vertex 61.8652 37.063 18.2
    endloop
  endfacet
  facet normal -0.38274 -0.923856 -0
    outer loop
      vertex 62.2712 36.8948 18.2
      vertex 61.8652 37.063 16
      vertex 62.2712 36.8948 16
    endloop
  endfacet
  facet normal -0.972402 0.233313 0
    outer loop
      vertex 63.663 33.5348 16
      vertex 63.7655 33.962 18.2
      vertex 63.7655 33.962 16
    endloop
  endfacet
  facet normal -0.972402 0.233313 0
    outer loop
      vertex 63.7655 33.962 18.2
      vertex 63.663 33.5348 16
      vertex 63.663 33.5348 18.2
    endloop
  endfacet
  facet normal -0.996912 0.0785239 0
    outer loop
      vertex 63.7655 33.962 16
      vertex 63.8 34.4 18.2
      vertex 63.8 34.4 16
    endloop
  endfacet
  facet normal -0.996912 0.0785239 0
    outer loop
      vertex 63.8 34.4 18.2
      vertex 63.7655 33.962 16
      vertex 63.7655 33.962 18.2
    endloop
  endfacet
  facet normal 0.649384 -0.76046 0
    outer loop
      vertex 59.0201 36.3799 16
      vertex 59.3542 36.6652 18.2
      vertex 59.0201 36.3799 18.2
    endloop
  endfacet
  facet normal 0.649384 -0.76046 0
    outer loop
      vertex 59.3542 36.6652 18.2
      vertex 59.0201 36.3799 16
      vertex 59.3542 36.6652 16
    endloop
  endfacet
  facet normal 0.76046 0.649384 0
    outer loop
      vertex 59.0201 32.4201 18.2
      vertex 58.7348 32.7542 16
      vertex 58.7348 32.7542 18.2
    endloop
  endfacet
  facet normal 0.76046 0.649384 0
    outer loop
      vertex 58.7348 32.7542 16
      vertex 59.0201 32.4201 18.2
      vertex 59.0201 32.4201 16
    endloop
  endfacet
  facet normal -0.852595 -0.522573 0
    outer loop
      vertex 63.4948 35.6712 16
      vertex 63.2652 36.0458 18.2
      vertex 63.2652 36.0458 16
    endloop
  endfacet
  facet normal -0.852595 -0.522573 0
    outer loop
      vertex 63.2652 36.0458 18.2
      vertex 63.4948 35.6712 16
      vertex 63.4948 35.6712 18.2
    endloop
  endfacet
  facet normal 0.852595 0.522573 0
    outer loop
      vertex 58.7348 32.7542 18.2
      vertex 58.5052 33.1288 16
      vertex 58.5052 33.1288 18.2
    endloop
  endfacet
  facet normal 0.852595 0.522573 0
    outer loop
      vertex 58.5052 33.1288 16
      vertex 58.7348 32.7542 18.2
      vertex 58.7348 32.7542 16
    endloop
  endfacet
  facet normal -0.852595 0.522573 0
    outer loop
      vertex 63.2652 32.7542 16
      vertex 63.4948 33.1288 18.2
      vertex 63.4948 33.1288 16
    endloop
  endfacet
  facet normal -0.852595 0.522573 0
    outer loop
      vertex 63.4948 33.1288 18.2
      vertex 63.2652 32.7542 16
      vertex 63.2652 32.7542 18.2
    endloop
  endfacet
  facet normal 0.923856 -0.38274 0
    outer loop
      vertex 58.337 35.2652 18.2
      vertex 58.5052 35.6712 16
      vertex 58.5052 35.6712 18.2
    endloop
  endfacet
  facet normal 0.923856 -0.38274 0
    outer loop
      vertex 58.5052 35.6712 16
      vertex 58.337 35.2652 18.2
      vertex 58.337 35.2652 16
    endloop
  endfacet
  facet normal -0.649384 -0.76046 0
    outer loop
      vertex 62.6458 36.6652 16
      vertex 62.9799 36.3799 18.2
      vertex 62.6458 36.6652 18.2
    endloop
  endfacet
  facet normal -0.649384 -0.76046 -0
    outer loop
      vertex 62.9799 36.3799 18.2
      vertex 62.6458 36.6652 16
      vertex 62.9799 36.3799 16
    endloop
  endfacet
  facet normal -0.522573 -0.852595 0
    outer loop
      vertex 62.2712 36.8948 16
      vertex 62.6458 36.6652 18.2
      vertex 62.2712 36.8948 18.2
    endloop
  endfacet
  facet normal -0.522573 -0.852595 -0
    outer loop
      vertex 62.6458 36.6652 18.2
      vertex 62.2712 36.8948 16
      vertex 62.6458 36.6652 16
    endloop
  endfacet
  facet normal -0.76046 0.649384 0
    outer loop
      vertex 62.9799 32.4201 16
      vertex 63.2652 32.7542 18.2
      vertex 63.2652 32.7542 16
    endloop
  endfacet
  facet normal -0.76046 0.649384 0
    outer loop
      vertex 63.2652 32.7542 18.2
      vertex 62.9799 32.4201 16
      vertex 62.9799 32.4201 18.2
    endloop
  endfacet
  facet normal -0.649384 0.76046 0
    outer loop
      vertex 62.9799 32.4201 16
      vertex 62.6458 32.1348 18.2
      vertex 62.9799 32.4201 18.2
    endloop
  endfacet
  facet normal -0.649384 0.76046 0
    outer loop
      vertex 62.6458 32.1348 18.2
      vertex 62.9799 32.4201 16
      vertex 62.6458 32.1348 16
    endloop
  endfacet
  facet normal -0.522573 0.852595 0
    outer loop
      vertex 62.6458 32.1348 16
      vertex 62.2712 31.9052 18.2
      vertex 62.6458 32.1348 18.2
    endloop
  endfacet
  facet normal -0.522573 0.852595 0
    outer loop
      vertex 62.2712 31.9052 18.2
      vertex 62.6458 32.1348 16
      vertex 62.2712 31.9052 16
    endloop
  endfacet
  facet normal 0.923856 0.38274 0
    outer loop
      vertex 58.5052 33.1288 18.2
      vertex 58.337 33.5348 16
      vertex 58.337 33.5348 18.2
    endloop
  endfacet
  facet normal 0.923856 0.38274 0
    outer loop
      vertex 58.337 33.5348 16
      vertex 58.5052 33.1288 18.2
      vertex 58.5052 33.1288 16
    endloop
  endfacet
  facet normal -0.233313 -0.972402 0
    outer loop
      vertex 61.438 37.1655 16
      vertex 61.8652 37.063 18.2
      vertex 61.438 37.1655 18.2
    endloop
  endfacet
  facet normal -0.233313 -0.972402 -0
    outer loop
      vertex 61.8652 37.063 18.2
      vertex 61.438 37.1655 16
      vertex 61.8652 37.063 16
    endloop
  endfacet
  facet normal -0.0785239 0.996912 0
    outer loop
      vertex 61.438 31.6345 16
      vertex 61 31.6 18.2
      vertex 61.438 31.6345 18.2
    endloop
  endfacet
  facet normal -0.0785239 0.996912 0
    outer loop
      vertex 61 31.6 18.2
      vertex 61.438 31.6345 16
      vertex 61 31.6 16
    endloop
  endfacet
  facet normal 0.233313 0.972402 -0
    outer loop
      vertex 60.562 31.6345 16
      vertex 60.1348 31.737 18.2
      vertex 60.562 31.6345 18.2
    endloop
  endfacet
  facet normal 0.233313 0.972402 0
    outer loop
      vertex 60.1348 31.737 18.2
      vertex 60.562 31.6345 16
      vertex 60.1348 31.737 16
    endloop
  endfacet
  facet normal 0.972402 0.233313 0
    outer loop
      vertex 58.337 33.5348 18.2
      vertex 58.2345 33.962 16
      vertex 58.2345 33.962 18.2
    endloop
  endfacet
  facet normal 0.972402 0.233313 0
    outer loop
      vertex 58.2345 33.962 16
      vertex 58.337 33.5348 18.2
      vertex 58.337 33.5348 16
    endloop
  endfacet
  facet normal -0.923856 -0.38274 0
    outer loop
      vertex 63.663 35.2652 16
      vertex 63.4948 35.6712 18.2
      vertex 63.4948 35.6712 16
    endloop
  endfacet
  facet normal -0.923856 -0.38274 0
    outer loop
      vertex 63.4948 35.6712 18.2
      vertex 63.663 35.2652 16
      vertex 63.663 35.2652 18.2
    endloop
  endfacet
  facet normal 0.0785239 0.996912 -0
    outer loop
      vertex 61 31.6 16
      vertex 60.562 31.6345 18.2
      vertex 61 31.6 18.2
    endloop
  endfacet
  facet normal 0.0785239 0.996912 0
    outer loop
      vertex 60.562 31.6345 18.2
      vertex 61 31.6 16
      vertex 60.562 31.6345 16
    endloop
  endfacet
  facet normal 0.522573 0.852595 -0
    outer loop
      vertex 59.7288 31.9052 16
      vertex 59.3542 32.1348 18.2
      vertex 59.7288 31.9052 18.2
    endloop
  endfacet
  facet normal 0.522573 0.852595 0
    outer loop
      vertex 59.3542 32.1348 18.2
      vertex 59.7288 31.9052 16
      vertex 59.3542 32.1348 16
    endloop
  endfacet
  facet normal 0.852595 -0.522573 0
    outer loop
      vertex 58.5052 35.6712 18.2
      vertex 58.7348 36.0458 16
      vertex 58.7348 36.0458 18.2
    endloop
  endfacet
  facet normal 0.852595 -0.522573 0
    outer loop
      vertex 58.7348 36.0458 16
      vertex 58.5052 35.6712 18.2
      vertex 58.5052 35.6712 16
    endloop
  endfacet
  facet normal 0.233429 0.972374 -0
    outer loop
      vertex 65.1271 39.0532 0
      vertex 64.6693 39.1631 18.2
      vertex 65.1271 39.0532 18.2
    endloop
  endfacet
  facet normal 0.233429 0.972374 0
    outer loop
      vertex 64.6693 39.1631 18.2
      vertex 65.1271 39.0532 0
      vertex 64.6693 39.1631 0
    endloop
  endfacet
  facet normal -1 0 0
    outer loop
      vertex -7.2 -0.2 0
      vertex -7.2 36.2 18.2
      vertex -7.2 36.2 0
    endloop
  endfacet
  facet normal -1 -0 0
    outer loop
      vertex -7.2 36.2 18.2
      vertex -7.2 -0.2 0
      vertex -7.2 -0.2 18.2
    endloop
  endfacet
  facet normal 1 0 0
    outer loop
      vertex 67.2 29 9.5
      vertex 67.2 36.2 18.2
      vertex 67.2 29 15.5
    endloop
  endfacet
  facet normal 1 0 0
    outer loop
      vertex 67.2 36.2 18.2
      vertex 67.2 7 15.5
      vertex 67.2 29 15.5
    endloop
  endfacet
  facet normal 1 0 0
    outer loop
      vertex 67.2 7 15.5
      vertex 67.2 -0.2 18.2
      vertex 67.2 7 9.5
    endloop
  endfacet
  facet normal 1 -0 0
    outer loop
      vertex 67.2 -0.2 18.2
      vertex 67.2 7 15.5
      vertex 67.2 36.2 18.2
    endloop
  endfacet
  facet normal 1 0 0
    outer loop
      vertex 67.2 36.2 18.2
      vertex 67.2 29 9.5
      vertex 67.2 36.2 0
    endloop
  endfacet
  facet normal 1 -0 0
    outer loop
      vertex 67.2 7 9.5
      vertex 67.2 36.2 0
      vertex 67.2 29 9.5
    endloop
  endfacet
  facet normal 1 0 0
    outer loop
      vertex 67.2 7 9.5
      vertex 67.2 -0.2 0
      vertex 67.2 36.2 0
    endloop
  endfacet
  facet normal 1 0 0
    outer loop
      vertex 67.2 -0.2 0
      vertex 67.2 7 9.5
      vertex 67.2 -0.2 18.2
    endloop
  endfacet
  facet normal 0.972374 0.233429 0
    outer loop
      vertex 67.1631 36.6693 18.2
      vertex 67.0532 37.1271 0
      vertex 67.0532 37.1271 18.2
    endloop
  endfacet
  facet normal 0.972374 0.233429 0
    outer loop
      vertex 67.0532 37.1271 0
      vertex 67.1631 36.6693 18.2
      vertex 67.1631 36.6693 0
    endloop
  endfacet
  facet normal 0.38279 0.923836 -0
    outer loop
      vertex 65.562 38.873 0
      vertex 65.1271 39.0532 18.2
      vertex 65.562 38.873 18.2
    endloop
  endfacet
  facet normal 0.38279 0.923836 0
    outer loop
      vertex 65.1271 39.0532 18.2
      vertex 65.562 38.873 0
      vertex 65.1271 39.0532 0
    endloop
  endfacet
  facet normal 0 -1 0
    outer loop
      vertex -4.2 -3.2 0
      vertex 64.2 -3.2 18.2
      vertex -4.2 -3.2 18.2
    endloop
  endfacet
  facet normal 0 -1 -0
    outer loop
      vertex 64.2 -3.2 18.2
      vertex -4.2 -3.2 0
      vertex 64.2 -3.2 0
    endloop
  endfacet
  facet normal 0.760275 0.649601 0
    outer loop
      vertex 66.6271 37.9634 18.2
      vertex 66.3213 38.3213 0
      vertex 66.3213 38.3213 18.2
    endloop
  endfacet
  facet normal 0.760275 0.649601 0
    outer loop
      vertex 66.3213 38.3213 0
      vertex 66.6271 37.9634 18.2
      vertex 66.6271 37.9634 0
    endloop
  endfacet
  facet normal 0 1 -0
    outer loop
      vertex 64.2 39.2 0
      vertex -4.2 39.2 18.2
      vertex 64.2 39.2 18.2
    endloop
  endfacet
  facet normal 0 1 0
    outer loop
      vertex -4.2 39.2 18.2
      vertex 64.2 39.2 0
      vertex -4.2 39.2 0
    endloop
  endfacet
  facet normal 0 0 -1
    outer loop
      vertex 4.4 34.4 0
      vertex 6.25 34.4 0
      vertex 6.20999 33.8916 0
    endloop
  endfacet
  facet normal 0 0 -1
    outer loop
      vertex 4.38276 34.181 0
      vertex 6.20999 33.8916 0
      vertex 6.09093 33.3957 0
    endloop
  endfacet
  facet normal 0 0 -1
    outer loop
      vertex 6.25 34.4 0
      vertex 4.4 34.4 0
      vertex 6.20999 34.9084 0
    endloop
  endfacet
  facet normal 0 0 -1
    outer loop
      vertex 4.33148 33.9674 0
      vertex 6.09093 33.3957 0
      vertex 5.89577 32.9245 0
    endloop
  endfacet
  facet normal 0 0 -1
    outer loop
      vertex 4.38276 34.619 0
      vertex 6.20999 34.9084 0
      vertex 4.4 34.4 0
    endloop
  endfacet
  facet normal 0 0 -1
    outer loop
      vertex 4.24741 33.7644 0
      vertex 5.89577 32.9245 0
      vertex 5.6293 32.4897 0
    endloop
  endfacet
  facet normal -0 0 -1
    outer loop
      vertex 6.20999 34.9084 0
      vertex 4.38276 34.619 0
      vertex 6.09093 35.4043 0
    endloop
  endfacet
  facet normal 0 0 -1
    outer loop
      vertex 4.13262 33.5771 0
      vertex 5.6293 32.4897 0
      vertex 5.2981 32.1019 0
    endloop
  endfacet
  facet normal 0 0 -1
    outer loop
      vertex 4.33148 34.8326 0
      vertex 6.09093 35.4043 0
      vertex 4.38276 34.619 0
    endloop
  endfacet
  facet normal -0 0 -1
    outer loop
      vertex 6.09093 35.4043 0
      vertex 4.33148 34.8326 0
      vertex 5.89577 35.8755 0
    endloop
  endfacet
  facet normal 0 0 -1
    outer loop
      vertex 3.98995 33.41 0
      vertex 5.2981 32.1019 0
      vertex 4.9103 31.7707 0
    endloop
  endfacet
  facet normal 0 0 -1
    outer loop
      vertex 62.4 34.4 0
      vertex 64.25 34.4 0
      vertex 64.21 33.8916 0
    endloop
  endfacet
  facet normal 0 0 -1
    outer loop
      vertex 62.3828 34.181 0
      vertex 64.21 33.8916 0
      vertex 64.0909 33.3957 0
    endloop
  endfacet
  facet normal 0 0 -1
    outer loop
      vertex 64.25 34.4 0
      vertex 62.4 34.4 0
      vertex 64.21 34.9084 0
    endloop
  endfacet
  facet normal 0 0 -1
    outer loop
      vertex 62.3315 33.9674 0
      vertex 64.0909 33.3957 0
      vertex 63.8958 32.9245 0
    endloop
  endfacet
  facet normal 0 0 -1
    outer loop
      vertex 62.3828 34.619 0
      vertex 64.21 34.9084 0
      vertex 62.4 34.4 0
    endloop
  endfacet
  facet normal 0 0 -1
    outer loop
      vertex 62.2474 33.7644 0
      vertex 63.8958 32.9245 0
      vertex 63.6293 32.4897 0
    endloop
  endfacet
  facet normal -0 0 -1
    outer loop
      vertex 64.21 34.9084 0
      vertex 62.3828 34.619 0
      vertex 64.0909 35.4043 0
    endloop
  endfacet
  facet normal 0 0 -1
    outer loop
      vertex 62.1326 33.5771 0
      vertex 63.6293 32.4897 0
      vertex 63.2981 32.1019 0
    endloop
  endfacet
  facet normal 0 0 -1
    outer loop
      vertex 62.3315 34.8326 0
      vertex 64.0909 35.4043 0
      vertex 62.3828 34.619 0
    endloop
  endfacet
  facet normal -0 0 -1
    outer loop
      vertex 64.0909 35.4043 0
      vertex 62.3315 34.8326 0
      vertex 63.8958 35.8755 0
    endloop
  endfacet
  facet normal 0 0 -1
    outer loop
      vertex 61.9899 33.41 0
      vertex 63.2981 32.1019 0
      vertex 62.9103 31.7707 0
    endloop
  endfacet
  facet normal 0 0 -1
    outer loop
      vertex 64.7929 0.0374174 0
      vertex 67.2 -0.2 0
      vertex 67.1631 -0.669303 0
    endloop
  endfacet
  facet normal 0 0 -1
    outer loop
      vertex 67.2 -0.2 0
      vertex 65 0.9 0
      vertex 67.2 36.2 0
    endloop
  endfacet
  facet normal 0 0 -1
    outer loop
      vertex 64.7929 0.0374174 0
      vertex 67.1631 -0.669303 0
      vertex 67.0532 -1.12705 0
    endloop
  endfacet
  facet normal 0 0 -1
    outer loop
      vertex 65 35.1 0
      vertex 67.2 36.2 0
      vertex 65 0.9 0
    endloop
  endfacet
  facet normal 0 0 -1
    outer loop
      vertex 64.6371 -0.216791 0
      vertex 67.0532 -1.12705 0
      vertex 66.873 -1.56197 0
    endloop
  endfacet
  facet normal 0 0 -1
    outer loop
      vertex 64.9766 35.3972 0
      vertex 67.2 36.2 0
      vertex 65 35.1 0
    endloop
  endfacet
  facet normal 0 0 -1
    outer loop
      vertex 64.6371 -0.216791 0
      vertex 66.873 -1.56197 0
      vertex 66.6271 -1.96336 0
    endloop
  endfacet
  facet normal 0 0 -1
    outer loop
      vertex 64.907 35.6871 0
      vertex 67.2 36.2 0
      vertex 64.9766 35.3972 0
    endloop
  endfacet
  facet normal 0 0 -1
    outer loop
      vertex 64.4435 -0.443502 0
      vertex 66.6271 -1.96336 0
      vertex 66.3213 -2.32132 0
    endloop
  endfacet
  facet normal 0 0 -1
    outer loop
      vertex 64.7929 35.9626 0
      vertex 67.2 36.2 0
      vertex 64.907 35.6871 0
    endloop
  endfacet
  facet normal 0 0 -1
    outer loop
      vertex 64.4435 -0.443502 0
      vertex 66.3213 -2.32132 0
      vertex 65.9634 -2.62705 0
    endloop
  endfacet
  facet normal -0 0 -1
    outer loop
      vertex 67.2 36.2 0
      vertex 64.7929 35.9626 0
      vertex 67.1631 36.6693 0
    endloop
  endfacet
  facet normal 0 0 -1
    outer loop
      vertex 64.2168 -0.637132 0
      vertex 65.9634 -2.62705 0
      vertex 65.562 -2.87302 0
    endloop
  endfacet
  facet normal -0 0 -1
    outer loop
      vertex 67.1631 36.6693 0
      vertex 64.7929 35.9626 0
      vertex 67.0532 37.1271 0
    endloop
  endfacet
  facet normal 0 0 -1
    outer loop
      vertex 64.2168 -0.637132 0
      vertex 65.562 -2.87302 0
      vertex 65.1271 -3.05317 0
    endloop
  endfacet
  facet normal 0 0 -1
    outer loop
      vertex 64.6371 36.2168 0
      vertex 67.0532 37.1271 0
      vertex 64.7929 35.9626 0
    endloop
  endfacet
  facet normal -0 0 -1
    outer loop
      vertex 67.0532 37.1271 0
      vertex 64.6371 36.2168 0
      vertex 66.873 37.562 0
    endloop
  endfacet
  facet normal 0 0 -1
    outer loop
      vertex 67.2 -0.2 0
      vertex 64.9766 0.602774 0
      vertex 65 0.9 0
    endloop
  endfacet
  facet normal 0 0 -1
    outer loop
      vertex 67.2 -0.2 0
      vertex 64.907 0.312867 0
      vertex 64.9766 0.602774 0
    endloop
  endfacet
  facet normal 0 0 -1
    outer loop
      vertex 67.2 -0.2 0
      vertex 64.7929 0.0374174 0
      vertex 64.907 0.312867 0
    endloop
  endfacet
  facet normal 0 0 -1
    outer loop
      vertex 63.9626 -0.792912 0
      vertex 65.1271 -3.05317 0
      vertex 64.6693 -3.16306 0
    endloop
  endfacet
  facet normal 0 0 -1
    outer loop
      vertex 67.0532 -1.12705 0
      vertex 64.6371 -0.216791 0
      vertex 64.7929 0.0374174 0
    endloop
  endfacet
  facet normal 0 0 -1
    outer loop
      vertex 66.6271 -1.96336 0
      vertex 64.4435 -0.443502 0
      vertex 64.6371 -0.216791 0
    endloop
  endfacet
  facet normal 0 0 -1
    outer loop
      vertex 65.9634 -2.62705 0
      vertex 64.2168 -0.637132 0
      vertex 64.4435 -0.443502 0
    endloop
  endfacet
  facet normal 0 0 -1
    outer loop
      vertex 63.9626 -0.792912 0
      vertex 64.6693 -3.16306 0
      vertex 64.2 -3.2 0
    endloop
  endfacet
  facet normal 0 0 -1
    outer loop
      vertex 65.1271 -3.05317 0
      vertex 63.9626 -0.792912 0
      vertex 64.2168 -0.637132 0
    endloop
  endfacet
  facet normal 0 0 -1
    outer loop
      vertex 64.2 -3.2 0
      vertex 63.6871 -0.907007 0
      vertex 63.9626 -0.792912 0
    endloop
  endfacet
  facet normal 0 0 -1
    outer loop
      vertex 64.2 -3.2 0
      vertex 63.3972 -0.976607 0
      vertex 63.6871 -0.907007 0
    endloop
  endfacet
  facet normal 0 0 -1
    outer loop
      vertex 64.2 -3.2 0
      vertex 63.1 -1 0
      vertex 63.3972 -0.976607 0
    endloop
  endfacet
  facet normal 0 0 -1
    outer loop
      vertex 64.2 -3.2 0
      vertex 62.9446 -1 0
      vertex 63.1 -1 0
    endloop
  endfacet
  facet normal 0 0 -1
    outer loop
      vertex 62.2474 2.23559 0
      vertex 63.8958 3.07547 0
      vertex 62.3315 2.03262 0
    endloop
  endfacet
  facet normal -0 0 -1
    outer loop
      vertex 63.8958 3.07547 0
      vertex 62.2474 2.23559 0
      vertex 63.6293 3.5103 0
    endloop
  endfacet
  facet normal 0 0 -1
    outer loop
      vertex 62.9446 -1 0
      vertex 62.3828 1.38099 0
      vertex 62.4 1.6 0
    endloop
  endfacet
  facet normal 0 0 -1
    outer loop
      vertex 62.9446 -1 0
      vertex 62.3315 1.16738 0
      vertex 62.3828 1.38099 0
    endloop
  endfacet
  facet normal 0 0 -1
    outer loop
      vertex 62.9446 -1 0
      vertex 62.2474 0.964414 0
      vertex 62.3315 1.16738 0
    endloop
  endfacet
  facet normal 0 0 -1
    outer loop
      vertex 62.9446 -1 0
      vertex 62.1326 0.777101 0
      vertex 62.2474 0.964414 0
    endloop
  endfacet
  facet normal 0 0 -1
    outer loop
      vertex 62.9446 -1 0
      vertex 61.9899 0.610051 0
      vertex 62.1326 0.777101 0
    endloop
  endfacet
  facet normal 0 0 -1
    outer loop
      vertex 59.0554 -1 0
      vertex 62.9446 -1 0
      vertex 64.2 -3.2 0
    endloop
  endfacet
  facet normal 0 0 -1
    outer loop
      vertex 62.9446 -1 0
      vertex 61.8229 0.467376 0
      vertex 61.9899 0.610051 0
    endloop
  endfacet
  facet normal 0 0 -1
    outer loop
      vertex 62.9446 -1 0
      vertex 61.6356 0.352591 0
      vertex 61.8229 0.467376 0
    endloop
  endfacet
  facet normal 0 0 -1
    outer loop
      vertex 62.9446 -1 0
      vertex 61.4326 0.268521 0
      vertex 61.6356 0.352591 0
    endloop
  endfacet
  facet normal 0 0 -1
    outer loop
      vertex 62.9446 -1 0
      vertex 61.219 0.217237 0
      vertex 61.4326 0.268521 0
    endloop
  endfacet
  facet normal 0 -0 -1
    outer loop
      vertex 61 0.2 0
      vertex 62.9446 -1 0
      vertex 59.0554 -1 0
    endloop
  endfacet
  facet normal 0 0 -1
    outer loop
      vertex 62.9446 -1 0
      vertex 61 0.2 0
      vertex 61.219 0.217237 0
    endloop
  endfacet
  facet normal -0 0 -1
    outer loop
      vertex 61 0.2 0
      vertex 59.0554 -1 0
      vertex 60.781 0.217237 0
    endloop
  endfacet
  facet normal -0 0 -1
    outer loop
      vertex 60.781 0.217237 0
      vertex 59.0554 -1 0
      vertex 60.5674 0.268521 0
    endloop
  endfacet
  facet normal -0 0 -1
    outer loop
      vertex 60.5674 0.268521 0
      vertex 59.0554 -1 0
      vertex 60.3644 0.352591 0
    endloop
  endfacet
  facet normal -0 0 -1
    outer loop
      vertex 60.3644 0.352591 0
      vertex 59.0554 -1 0
      vertex 60.1771 0.467376 0
    endloop
  endfacet
  facet normal 0 0 -1
    outer loop
      vertex 60.1771 2.73262 0
      vertex 59.0897 4.2293 0
      vertex 59.5245 4.49577 0
    endloop
  endfacet
  facet normal 0 0 -1
    outer loop
      vertex 57.75 1.6 0
      vertex 59.6 1.6 0
      vertex 59.6172 1.38099 0
    endloop
  endfacet
  facet normal 0 0 -1
    outer loop
      vertex 58.1042 0.124531 0
      vertex 59.7526 0.964414 0
      vertex 58.3707 -0.310301 0
    endloop
  endfacet
  facet normal -0 0 -1
    outer loop
      vertex 59.8674 0.777101 0
      vertex 58.3707 -0.310301 0
      vertex 59.7526 0.964414 0
    endloop
  endfacet
  facet normal 0 0 -1
    outer loop
      vertex 58.3707 -0.310301 0
      vertex 59.8674 0.777101 0
      vertex 58.7019 -0.698097 0
    endloop
  endfacet
  facet normal -0 0 -1
    outer loop
      vertex 60.0101 0.610051 0
      vertex 58.7019 -0.698097 0
      vertex 59.8674 0.777101 0
    endloop
  endfacet
  facet normal 0 0 -1
    outer loop
      vertex 58.7019 -0.698097 0
      vertex 60.0101 0.610051 0
      vertex 59.0554 -1 0
    endloop
  endfacet
  facet normal -0 0 -1
    outer loop
      vertex 60.1771 0.467376 0
      vertex 59.0554 -1 0
      vertex 60.0101 0.610051 0
    endloop
  endfacet
  facet normal 0 0 -1
    outer loop
      vertex 64.2 -3.2 0
      vertex 4.94461 -1 0
      vertex 59.0554 -1 0
    endloop
  endfacet
  facet normal 0 0 -1
    outer loop
      vertex 4.24741 2.23559 0
      vertex 5.89577 3.07547 0
      vertex 4.33148 2.03262 0
    endloop
  endfacet
  facet normal -0 0 -1
    outer loop
      vertex 5.89577 3.07547 0
      vertex 4.24741 2.23559 0
      vertex 5.6293 3.5103 0
    endloop
  endfacet
  facet normal 0 0 -1
    outer loop
      vertex 4.94461 -1 0
      vertex 4.38276 1.38099 0
      vertex 4.4 1.6 0
    endloop
  endfacet
  facet normal 0 0 -1
    outer loop
      vertex 4.94461 -1 0
      vertex 4.33148 1.16738 0
      vertex 4.38276 1.38099 0
    endloop
  endfacet
  facet normal 0 0 -1
    outer loop
      vertex 4.94461 -1 0
      vertex 4.24741 0.964414 0
      vertex 4.33148 1.16738 0
    endloop
  endfacet
  facet normal 0 0 -1
    outer loop
      vertex 4.94461 -1 0
      vertex 4.13262 0.777101 0
      vertex 4.24741 0.964414 0
    endloop
  endfacet
  facet normal 0 0 -1
    outer loop
      vertex 4.94461 -1 0
      vertex 3.98995 0.610051 0
      vertex 4.13262 0.777101 0
    endloop
  endfacet
  facet normal 0 0 -1
    outer loop
      vertex 4.94461 -1 0
      vertex 3.8229 0.467376 0
      vertex 3.98995 0.610051 0
    endloop
  endfacet
  facet normal 0 0 -1
    outer loop
      vertex 4.94461 -1 0
      vertex 3.63559 0.352591 0
      vertex 3.8229 0.467376 0
    endloop
  endfacet
  facet normal 0 0 -1
    outer loop
      vertex 4.94461 -1 0
      vertex 3.43262 0.268521 0
      vertex 3.63559 0.352591 0
    endloop
  endfacet
  facet normal 0 0 -1
    outer loop
      vertex 4.94461 -1 0
      vertex 3.21901 0.217237 0
      vertex 3.43262 0.268521 0
    endloop
  endfacet
  facet normal 0 0 -1
    outer loop
      vertex 4.94461 -1 0
      vertex 3 0.2 0
      vertex 3.21901 0.217237 0
    endloop
  endfacet
  facet normal 0 0 -1
    outer loop
      vertex 1.05539 -1 0
      vertex 3 0.2 0
      vertex 4.94461 -1 0
    endloop
  endfacet
  facet normal -0 0 -1
    outer loop
      vertex 3 0.2 0
      vertex 1.05539 -1 0
      vertex 2.78099 0.217237 0
    endloop
  endfacet
  facet normal -0 0 -1
    outer loop
      vertex 2.78099 0.217237 0
      vertex 1.05539 -1 0
      vertex 2.56738 0.268521 0
    endloop
  endfacet
  facet normal 0 0 -1
    outer loop
      vertex 2.1771 2.73262 0
      vertex 1.0897 4.2293 0
      vertex 1.52453 4.49577 0
    endloop
  endfacet
  facet normal 0 0 -1
    outer loop
      vertex -0.25 1.6 0
      vertex 1.6 1.6 0
      vertex 1.61724 1.38099 0
    endloop
  endfacet
  facet normal 0 0 -1
    outer loop
      vertex 0.104229 0.124531 0
      vertex 1.75259 0.964414 0
      vertex 0.370695 -0.310301 0
    endloop
  endfacet
  facet normal -0 0 -1
    outer loop
      vertex 1.86738 0.777101 0
      vertex 0.370695 -0.310301 0
      vertex 1.75259 0.964414 0
    endloop
  endfacet
  facet normal 0 0 -1
    outer loop
      vertex 0.370695 -0.310301 0
      vertex 1.86738 0.777101 0
      vertex 0.701903 -0.698097 0
    endloop
  endfacet
  facet normal -0 0 -1
    outer loop
      vertex 2.01005 0.610051 0
      vertex 0.701903 -0.698097 0
      vertex 1.86738 0.777101 0
    endloop
  endfacet
  facet normal 0 0 -1
    outer loop
      vertex 0.701903 -0.698097 0
      vertex 2.01005 0.610051 0
      vertex 1.05539 -1 0
    endloop
  endfacet
  facet normal -0 0 -1
    outer loop
      vertex 2.1771 0.467376 0
      vertex 1.05539 -1 0
      vertex 2.01005 0.610051 0
    endloop
  endfacet
  facet normal -0 0 -1
    outer loop
      vertex 2.36441 0.352591 0
      vertex 1.05539 -1 0
      vertex 2.1771 0.467376 0
    endloop
  endfacet
  facet normal -0 0 -1
    outer loop
      vertex 2.56738 0.268521 0
      vertex 1.05539 -1 0
      vertex 2.36441 0.352591 0
    endloop
  endfacet
  facet normal 0 0 -1
    outer loop
      vertex -4.2 -3.2 0
      vertex 4.94461 -1 0
      vertex 64.2 -3.2 0
    endloop
  endfacet
  facet normal -0 0 -1
    outer loop
      vertex 4.94461 -1 0
      vertex -4.2 -3.2 0
      vertex 1.05539 -1 0
    endloop
  endfacet
  facet normal -0 0 -1
    outer loop
      vertex 1.05539 -1 0
      vertex -4.2 -3.2 0
      vertex -3.1 -1 0
    endloop
  endfacet
  facet normal 0 0 -1
    outer loop
      vertex -4.2 -3.2 0
      vertex -3.39723 -0.976607 0
      vertex -3.1 -1 0
    endloop
  endfacet
  facet normal 0 0 -1
    outer loop
      vertex -4.2 -3.2 0
      vertex -3.68713 -0.907007 0
      vertex -3.39723 -0.976607 0
    endloop
  endfacet
  facet normal 0 0 -1
    outer loop
      vertex -4.2 -3.2 0
      vertex -3.96258 -0.792912 0
      vertex -3.68713 -0.907007 0
    endloop
  endfacet
  facet normal 0 0 -1
    outer loop
      vertex -4.6693 -3.16306 0
      vertex -3.96258 -0.792912 0
      vertex -4.2 -3.2 0
    endloop
  endfacet
  facet normal 0 0 -1
    outer loop
      vertex -5.12705 -3.05317 0
      vertex -3.96258 -0.792912 0
      vertex -4.6693 -3.16306 0
    endloop
  endfacet
  facet normal -0 0 -1
    outer loop
      vertex -3.96258 -0.792912 0
      vertex -5.12705 -3.05317 0
      vertex -4.21679 -0.637132 0
    endloop
  endfacet
  facet normal 0 0 -1
    outer loop
      vertex -5.56197 -2.87302 0
      vertex -4.21679 -0.637132 0
      vertex -5.12705 -3.05317 0
    endloop
  endfacet
  facet normal 0 0 -1
    outer loop
      vertex -5.96336 -2.62705 0
      vertex -4.21679 -0.637132 0
      vertex -5.56197 -2.87302 0
    endloop
  endfacet
  facet normal -0 0 -1
    outer loop
      vertex -4.21679 -0.637132 0
      vertex -5.96336 -2.62705 0
      vertex -4.4435 -0.443502 0
    endloop
  endfacet
  facet normal 0 0 -1
    outer loop
      vertex -6.32132 -2.32132 0
      vertex -4.4435 -0.443502 0
      vertex -5.96336 -2.62705 0
    endloop
  endfacet
  facet normal 0 0 -1
    outer loop
      vertex -6.87302 -1.56197 0
      vertex -4.63713 -0.216791 0
      vertex -6.62705 -1.96336 0
    endloop
  endfacet
  facet normal -0 0 -1
    outer loop
      vertex -4.4435 -0.443502 0
      vertex -6.62705 -1.96336 0
      vertex -4.63713 -0.216791 0
    endloop
  endfacet
  facet normal 0 0 -1
    outer loop
      vertex -6.62705 -1.96336 0
      vertex -4.4435 -0.443502 0
      vertex -6.32132 -2.32132 0
    endloop
  endfacet
  facet normal -0 0 -1
    outer loop
      vertex 66.873 37.562 0
      vertex 64.6371 36.2168 0
      vertex 66.6271 37.9634 0
    endloop
  endfacet
  facet normal 0 0 -1
    outer loop
      vertex 64.4435 36.4435 0
      vertex 66.6271 37.9634 0
      vertex 64.6371 36.2168 0
    endloop
  endfacet
  facet normal -0 0 -1
    outer loop
      vertex 66.6271 37.9634 0
      vertex 64.4435 36.4435 0
      vertex 66.3213 38.3213 0
    endloop
  endfacet
  facet normal -0 0 -1
    outer loop
      vertex 66.3213 38.3213 0
      vertex 64.4435 36.4435 0
      vertex 65.9634 38.6271 0
    endloop
  endfacet
  facet normal 0 0 -1
    outer loop
      vertex 64.2168 36.6371 0
      vertex 65.9634 38.6271 0
      vertex 64.4435 36.4435 0
    endloop
  endfacet
  facet normal -0 0 -1
    outer loop
      vertex 65.9634 38.6271 0
      vertex 64.2168 36.6371 0
      vertex 65.562 38.873 0
    endloop
  endfacet
  facet normal -0 0 -1
    outer loop
      vertex 65.562 38.873 0
      vertex 64.2168 36.6371 0
      vertex 65.1271 39.0532 0
    endloop
  endfacet
  facet normal 0 0 -1
    outer loop
      vertex 63.9626 36.7929 0
      vertex 65.1271 39.0532 0
      vertex 64.2168 36.6371 0
    endloop
  endfacet
  facet normal -0 0 -1
    outer loop
      vertex 65.1271 39.0532 0
      vertex 63.9626 36.7929 0
      vertex 64.6693 39.1631 0
    endloop
  endfacet
  facet normal -0 0 -1
    outer loop
      vertex 64.6693 39.1631 0
      vertex 63.9626 36.7929 0
      vertex 64.2 39.2 0
    endloop
  endfacet
  facet normal 0 0 -1
    outer loop
      vertex 63.6871 36.907 0
      vertex 64.2 39.2 0
      vertex 63.9626 36.7929 0
    endloop
  endfacet
  facet normal 0 0 -1
    outer loop
      vertex 63.3972 36.9766 0
      vertex 64.2 39.2 0
      vertex 63.6871 36.907 0
    endloop
  endfacet
  facet normal 0 0 -1
    outer loop
      vertex 63.1 37 0
      vertex 64.2 39.2 0
      vertex 63.3972 36.9766 0
    endloop
  endfacet
  facet normal 0 0 -1
    outer loop
      vertex 62.9446 37 0
      vertex 64.2 39.2 0
      vertex 63.1 37 0
    endloop
  endfacet
  facet normal 0 0 -1
    outer loop
      vertex 61.8229 33.2674 0
      vertex 62.9103 31.7707 0
      vertex 62.4755 31.5042 0
    endloop
  endfacet
  facet normal 0 0 -1
    outer loop
      vertex 62.2474 35.0356 0
      vertex 63.8958 35.8755 0
      vertex 62.3315 34.8326 0
    endloop
  endfacet
  facet normal -0 0 -1
    outer loop
      vertex 63.8958 35.8755 0
      vertex 62.2474 35.0356 0
      vertex 63.6293 36.3103 0
    endloop
  endfacet
  facet normal 0 0 -1
    outer loop
      vertex 62.1326 35.2229 0
      vertex 63.6293 36.3103 0
      vertex 62.2474 35.0356 0
    endloop
  endfacet
  facet normal -0 0 -1
    outer loop
      vertex 63.6293 36.3103 0
      vertex 62.1326 35.2229 0
      vertex 63.2981 36.6981 0
    endloop
  endfacet
  facet normal 0 0 -1
    outer loop
      vertex 61.9899 35.3899 0
      vertex 63.2981 36.6981 0
      vertex 62.1326 35.2229 0
    endloop
  endfacet
  facet normal -0 0 -1
    outer loop
      vertex 63.2981 36.6981 0
      vertex 61.9899 35.3899 0
      vertex 62.9446 37 0
    endloop
  endfacet
  facet normal 0 0 -1
    outer loop
      vertex 61.8229 35.5326 0
      vertex 62.9446 37 0
      vertex 61.9899 35.3899 0
    endloop
  endfacet
  facet normal 0 0 -1
    outer loop
      vertex 61.6356 35.6474 0
      vertex 62.9446 37 0
      vertex 61.8229 35.5326 0
    endloop
  endfacet
  facet normal 0 0 -1
    outer loop
      vertex 61.4326 35.7315 0
      vertex 62.9446 37 0
      vertex 61.6356 35.6474 0
    endloop
  endfacet
  facet normal 0 0 -1
    outer loop
      vertex 61.219 35.7828 0
      vertex 62.9446 37 0
      vertex 61.4326 35.7315 0
    endloop
  endfacet
  facet normal 0 0 -1
    outer loop
      vertex 61 35.8 0
      vertex 62.9446 37 0
      vertex 61.219 35.7828 0
    endloop
  endfacet
  facet normal -0 0 -1
    outer loop
      vertex 62.9446 37 0
      vertex 61 35.8 0
      vertex 59.0554 37 0
    endloop
  endfacet
  facet normal 0 0 -1
    outer loop
      vertex 59.0554 37 0
      vertex 61 35.8 0
      vertex 60.781 35.7828 0
    endloop
  endfacet
  facet normal 0 0 -1
    outer loop
      vertex 59.0554 37 0
      vertex 60.781 35.7828 0
      vertex 60.5674 35.7315 0
    endloop
  endfacet
  facet normal 0 0 -1
    outer loop
      vertex 59.0554 37 0
      vertex 60.5674 35.7315 0
      vertex 60.3644 35.6474 0
    endloop
  endfacet
  facet normal 0 0 -1
    outer loop
      vertex 59.0554 37 0
      vertex 60.3644 35.6474 0
      vertex 60.1771 35.5326 0
    endloop
  endfacet
  facet normal 0 0 -1
    outer loop
      vertex 59.0554 37 0
      vertex 60.1771 35.5326 0
      vertex 60.0101 35.3899 0
    endloop
  endfacet
  facet normal 0 0 -1
    outer loop
      vertex 58.1042 32.9245 0
      vertex 59.7526 33.7644 0
      vertex 58.3707 32.4897 0
    endloop
  endfacet
  facet normal -0 0 -1
    outer loop
      vertex 59.7526 33.7644 0
      vertex 58.1042 32.9245 0
      vertex 59.6685 33.9674 0
    endloop
  endfacet
  facet normal 0 0 -1
    outer loop
      vertex 57.9091 33.3957 0
      vertex 59.6685 33.9674 0
      vertex 58.1042 32.9245 0
    endloop
  endfacet
  facet normal 0 0 -1
    outer loop
      vertex 58.7019 36.6981 0
      vertex 59.6685 34.8326 0
      vertex 59.6172 34.619 0
    endloop
  endfacet
  facet normal 0 0 -1
    outer loop
      vertex 58.7019 36.6981 0
      vertex 59.7526 35.0356 0
      vertex 59.6685 34.8326 0
    endloop
  endfacet
  facet normal 0 0 -1
    outer loop
      vertex 58.7019 36.6981 0
      vertex 59.8674 35.2229 0
      vertex 59.7526 35.0356 0
    endloop
  endfacet
  facet normal 0 0 -1
    outer loop
      vertex 58.7019 36.6981 0
      vertex 60.0101 35.3899 0
      vertex 59.8674 35.2229 0
    endloop
  endfacet
  facet normal 0 0 -1
    outer loop
      vertex 62.9446 37 0
      vertex 59.0554 37 0
      vertex 64.2 39.2 0
    endloop
  endfacet
  facet normal 0 0 -1
    outer loop
      vertex 4.94461 37 0
      vertex 64.2 39.2 0
      vertex 59.0554 37 0
    endloop
  endfacet
  facet normal 0 0 -1
    outer loop
      vertex 3.8229 33.2674 0
      vertex 4.9103 31.7707 0
      vertex 4.47547 31.5042 0
    endloop
  endfacet
  facet normal 0 0 -1
    outer loop
      vertex 4.24741 35.0356 0
      vertex 5.89577 35.8755 0
      vertex 4.33148 34.8326 0
    endloop
  endfacet
  facet normal -0 0 -1
    outer loop
      vertex 5.89577 35.8755 0
      vertex 4.24741 35.0356 0
      vertex 5.6293 36.3103 0
    endloop
  endfacet
  facet normal 0 0 -1
    outer loop
      vertex 4.13262 35.2229 0
      vertex 5.6293 36.3103 0
      vertex 4.24741 35.0356 0
    endloop
  endfacet
  facet normal -0 0 -1
    outer loop
      vertex 5.6293 36.3103 0
      vertex 4.13262 35.2229 0
      vertex 5.2981 36.6981 0
    endloop
  endfacet
  facet normal 0 0 -1
    outer loop
      vertex 3.98995 35.3899 0
      vertex 5.2981 36.6981 0
      vertex 4.13262 35.2229 0
    endloop
  endfacet
  facet normal -0 0 -1
    outer loop
      vertex 5.2981 36.6981 0
      vertex 3.98995 35.3899 0
      vertex 4.94461 37 0
    endloop
  endfacet
  facet normal 0 0 -1
    outer loop
      vertex 3.8229 35.5326 0
      vertex 4.94461 37 0
      vertex 3.98995 35.3899 0
    endloop
  endfacet
  facet normal 0 0 -1
    outer loop
      vertex 3.63559 35.6474 0
      vertex 4.94461 37 0
      vertex 3.8229 35.5326 0
    endloop
  endfacet
  facet normal 0 0 -1
    outer loop
      vertex 3.43262 35.7315 0
      vertex 4.94461 37 0
      vertex 3.63559 35.6474 0
    endloop
  endfacet
  facet normal 0 0 -1
    outer loop
      vertex 3.21901 35.7828 0
      vertex 4.94461 37 0
      vertex 3.43262 35.7315 0
    endloop
  endfacet
  facet normal 0 0 -1
    outer loop
      vertex 3 35.8 0
      vertex 4.94461 37 0
      vertex 3.21901 35.7828 0
    endloop
  endfacet
  facet normal 0 0 -1
    outer loop
      vertex 1.05539 37 0
      vertex 3 35.8 0
      vertex 2.78099 35.7828 0
    endloop
  endfacet
  facet normal 0 0 -1
    outer loop
      vertex 1.05539 37 0
      vertex 2.78099 35.7828 0
      vertex 2.56738 35.7315 0
    endloop
  endfacet
  facet normal 0 0 -1
    outer loop
      vertex 1.05539 37 0
      vertex 2.56738 35.7315 0
      vertex 2.36441 35.6474 0
    endloop
  endfacet
  facet normal 0 0 -1
    outer loop
      vertex 0.104229 32.9245 0
      vertex 1.75259 33.7644 0
      vertex 0.370695 32.4897 0
    endloop
  endfacet
  facet normal -0 0 -1
    outer loop
      vertex 1.75259 33.7644 0
      vertex 0.104229 32.9245 0
      vertex 1.66852 33.9674 0
    endloop
  endfacet
  facet normal 0 0 -1
    outer loop
      vertex -0.0909328 33.3957 0
      vertex 1.66852 33.9674 0
      vertex 0.104229 32.9245 0
    endloop
  endfacet
  facet normal 0 0 -1
    outer loop
      vertex 0.701903 36.6981 0
      vertex 1.66852 34.8326 0
      vertex 1.61724 34.619 0
    endloop
  endfacet
  facet normal 0 0 -1
    outer loop
      vertex 0.701903 36.6981 0
      vertex 1.75259 35.0356 0
      vertex 1.66852 34.8326 0
    endloop
  endfacet
  facet normal 0 0 -1
    outer loop
      vertex 0.701903 36.6981 0
      vertex 1.86738 35.2229 0
      vertex 1.75259 35.0356 0
    endloop
  endfacet
  facet normal 0 0 -1
    outer loop
      vertex 0.701903 36.6981 0
      vertex 2.01005 35.3899 0
      vertex 1.86738 35.2229 0
    endloop
  endfacet
  facet normal 0 0 -1
    outer loop
      vertex 1.05539 37 0
      vertex 2.1771 35.5326 0
      vertex 2.01005 35.3899 0
    endloop
  endfacet
  facet normal 0 0 -1
    outer loop
      vertex 1.05539 37 0
      vertex 2.36441 35.6474 0
      vertex 2.1771 35.5326 0
    endloop
  endfacet
  facet normal 0 0 -1
    outer loop
      vertex 3 35.8 0
      vertex 1.05539 37 0
      vertex 4.94461 37 0
    endloop
  endfacet
  facet normal 0 0 -1
    outer loop
      vertex -4.2 39.2 0
      vertex 4.94461 37 0
      vertex 1.05539 37 0
    endloop
  endfacet
  facet normal 0 0 -1
    outer loop
      vertex -4.2 39.2 0
      vertex 1.05539 37 0
      vertex -3.1 37 0
    endloop
  endfacet
  facet normal 0 0 -1
    outer loop
      vertex 4.94461 37 0
      vertex -4.2 39.2 0
      vertex 64.2 39.2 0
    endloop
  endfacet
  facet normal 0 0 -1
    outer loop
      vertex -3.39723 36.9766 0
      vertex -4.2 39.2 0
      vertex -3.1 37 0
    endloop
  endfacet
  facet normal 0 0 -1
    outer loop
      vertex -3.68713 36.907 0
      vertex -4.2 39.2 0
      vertex -3.39723 36.9766 0
    endloop
  endfacet
  facet normal 0 0 -1
    outer loop
      vertex -3.96258 36.7929 0
      vertex -4.2 39.2 0
      vertex -3.68713 36.907 0
    endloop
  endfacet
  facet normal 0 0 -1
    outer loop
      vertex -5.12705 39.0532 0
      vertex -3.96258 36.7929 0
      vertex -4.21679 36.6371 0
    endloop
  endfacet
  facet normal 0 0 -1
    outer loop
      vertex -5.96336 38.6271 0
      vertex -4.21679 36.6371 0
      vertex -4.4435 36.4435 0
    endloop
  endfacet
  facet normal 0 0 -1
    outer loop
      vertex -6.62705 37.9634 0
      vertex -4.4435 36.4435 0
      vertex -4.63713 36.2168 0
    endloop
  endfacet
  facet normal 0 0 -1
    outer loop
      vertex -3.96258 36.7929 0
      vertex -4.6693 39.1631 0
      vertex -4.2 39.2 0
    endloop
  endfacet
  facet normal 0 0 -1
    outer loop
      vertex -7.05317 37.1271 0
      vertex -4.63713 36.2168 0
      vertex -4.79291 35.9626 0
    endloop
  endfacet
  facet normal 0 0 -1
    outer loop
      vertex -7.2 36.2 0
      vertex -4.79291 35.9626 0
      vertex -4.90701 35.6871 0
    endloop
  endfacet
  facet normal 0 0 -1
    outer loop
      vertex -7.2 36.2 0
      vertex -4.90701 35.6871 0
      vertex -4.97661 35.3972 0
    endloop
  endfacet
  facet normal 0 0 -1
    outer loop
      vertex -3.96258 36.7929 0
      vertex -5.12705 39.0532 0
      vertex -4.6693 39.1631 0
    endloop
  endfacet
  facet normal 0 0 -1
    outer loop
      vertex -7.2 36.2 0
      vertex -4.97661 35.3972 0
      vertex -5 35.1 0
    endloop
  endfacet
  facet normal -0 0 -1
    outer loop
      vertex -5 0.9 0
      vertex -7.2 -0.2 0
      vertex -5 35.1 0
    endloop
  endfacet
  facet normal 0 0 -1
    outer loop
      vertex -7.05317 -1.12705 0
      vertex -4.63713 -0.216791 0
      vertex -6.87302 -1.56197 0
    endloop
  endfacet
  facet normal 0 0 -1
    outer loop
      vertex -7.2 36.2 0
      vertex -5 35.1 0
      vertex -7.2 -0.2 0
    endloop
  endfacet
  facet normal -0 0 -1
    outer loop
      vertex -4.63713 -0.216791 0
      vertex -7.05317 -1.12705 0
      vertex -4.79291 0.0374174 0
    endloop
  endfacet
  facet normal 0 0 -1
    outer loop
      vertex -4.79291 35.9626 0
      vertex -7.2 36.2 0
      vertex -7.16306 36.6693 0
    endloop
  endfacet
  facet normal 0 0 -1
    outer loop
      vertex -7.16306 -0.669303 0
      vertex -4.79291 0.0374174 0
      vertex -7.05317 -1.12705 0
    endloop
  endfacet
  facet normal 0 0 -1
    outer loop
      vertex -4.21679 36.6371 0
      vertex -5.56197 38.873 0
      vertex -5.12705 39.0532 0
    endloop
  endfacet
  facet normal 0 0 -1
    outer loop
      vertex -7.2 -0.2 0
      vertex -4.79291 0.0374174 0
      vertex -7.16306 -0.669303 0
    endloop
  endfacet
  facet normal 0 0 -1
    outer loop
      vertex -4.21679 36.6371 0
      vertex -5.96336 38.6271 0
      vertex -5.56197 38.873 0
    endloop
  endfacet
  facet normal -0 0 -1
    outer loop
      vertex -4.79291 0.0374174 0
      vertex -7.2 -0.2 0
      vertex -4.90701 0.312867 0
    endloop
  endfacet
  facet normal 0 0 -1
    outer loop
      vertex -4.4435 36.4435 0
      vertex -6.32132 38.3213 0
      vertex -5.96336 38.6271 0
    endloop
  endfacet
  facet normal -0 0 -1
    outer loop
      vertex -4.90701 0.312867 0
      vertex -7.2 -0.2 0
      vertex -4.97661 0.602774 0
    endloop
  endfacet
  facet normal 0 0 -1
    outer loop
      vertex -4.4435 36.4435 0
      vertex -6.62705 37.9634 0
      vertex -6.32132 38.3213 0
    endloop
  endfacet
  facet normal -0 0 -1
    outer loop
      vertex -4.97661 0.602774 0
      vertex -7.2 -0.2 0
      vertex -5 0.9 0
    endloop
  endfacet
  facet normal 0 0 -1
    outer loop
      vertex -4.63713 36.2168 0
      vertex -6.87302 37.562 0
      vertex -6.62705 37.9634 0
    endloop
  endfacet
  facet normal 0 0 -1
    outer loop
      vertex -4.63713 36.2168 0
      vertex -7.05317 37.1271 0
      vertex -6.87302 37.562 0
    endloop
  endfacet
  facet normal 0 0 -1
    outer loop
      vertex -4.79291 35.9626 0
      vertex -7.16306 36.6693 0
      vertex -7.05317 37.1271 0
    endloop
  endfacet
  facet normal 0 0 -1
    outer loop
      vertex 62.4 1.6 0
      vertex 64.25 1.6 0
      vertex 64.21 1.09159 0
    endloop
  endfacet
  facet normal 0 0 -1
    outer loop
      vertex 62.4 1.6 0
      vertex 64.21 1.09159 0
      vertex 64.0909 0.595695 0
    endloop
  endfacet
  facet normal 0 0 -1
    outer loop
      vertex 64.25 1.6 0
      vertex 62.4 1.6 0
      vertex 64.21 2.10841 0
    endloop
  endfacet
  facet normal 0 0 -1
    outer loop
      vertex 62.4 1.6 0
      vertex 64.0909 0.595695 0
      vertex 63.8958 0.124531 0
    endloop
  endfacet
  facet normal 0 0 -1
    outer loop
      vertex 62.3828 1.81901 0
      vertex 64.21 2.10841 0
      vertex 62.4 1.6 0
    endloop
  endfacet
  facet normal 0 0 -1
    outer loop
      vertex 62.4 1.6 0
      vertex 63.8958 0.124531 0
      vertex 63.6293 -0.310301 0
    endloop
  endfacet
  facet normal -0 0 -1
    outer loop
      vertex 64.21 2.10841 0
      vertex 62.3828 1.81901 0
      vertex 64.0909 2.6043 0
    endloop
  endfacet
  facet normal 0 0 -1
    outer loop
      vertex 62.4 1.6 0
      vertex 63.6293 -0.310301 0
      vertex 63.2981 -0.698097 0
    endloop
  endfacet
  facet normal 0 0 -1
    outer loop
      vertex 62.3315 2.03262 0
      vertex 64.0909 2.6043 0
      vertex 62.3828 1.81901 0
    endloop
  endfacet
  facet normal 0 0 -1
    outer loop
      vertex 62.4 1.6 0
      vertex 63.2981 -0.698097 0
      vertex 62.9446 -1 0
    endloop
  endfacet
  facet normal -0 0 -1
    outer loop
      vertex 64.0909 2.6043 0
      vertex 62.3315 2.03262 0
      vertex 63.8958 3.07547 0
    endloop
  endfacet
  facet normal -0 0 -1
    outer loop
      vertex 59.6685 33.9674 0
      vertex 57.9091 33.3957 0
      vertex 59.6172 34.181 0
    endloop
  endfacet
  facet normal 0 0 -1
    outer loop
      vertex 60.0101 35.3899 0
      vertex 58.7019 36.6981 0
      vertex 59.0554 37 0
    endloop
  endfacet
  facet normal 0 0 -1
    outer loop
      vertex 57.79 33.8916 0
      vertex 59.6172 34.181 0
      vertex 57.9091 33.3957 0
    endloop
  endfacet
  facet normal 0 0 -1
    outer loop
      vertex 59.6172 34.619 0
      vertex 58.3707 36.3103 0
      vertex 58.7019 36.6981 0
    endloop
  endfacet
  facet normal -0 0 -1
    outer loop
      vertex 59.6172 34.181 0
      vertex 57.79 33.8916 0
      vertex 59.6 34.4 0
    endloop
  endfacet
  facet normal 0 0 -1
    outer loop
      vertex 59.6172 34.619 0
      vertex 58.1042 35.8755 0
      vertex 58.3707 36.3103 0
    endloop
  endfacet
  facet normal 0 0 -1
    outer loop
      vertex 57.75 34.4 0
      vertex 59.6 34.4 0
      vertex 57.79 33.8916 0
    endloop
  endfacet
  facet normal 0 0 -1
    outer loop
      vertex 59.6172 34.619 0
      vertex 57.9091 35.4043 0
      vertex 58.1042 35.8755 0
    endloop
  endfacet
  facet normal 0 0 -1
    outer loop
      vertex 59.6 34.4 0
      vertex 57.75 34.4 0
      vertex 59.6172 34.619 0
    endloop
  endfacet
  facet normal 0 0 -1
    outer loop
      vertex 59.6172 34.619 0
      vertex 57.79 34.9084 0
      vertex 57.9091 35.4043 0
    endloop
  endfacet
  facet normal -0 0 -1
    outer loop
      vertex 59.6172 34.619 0
      vertex 57.75 34.4 0
      vertex 57.79 34.9084 0
    endloop
  endfacet
  facet normal -0 0 -1
    outer loop
      vertex 59.7526 0.964414 0
      vertex 58.1042 0.124531 0
      vertex 59.6685 1.16738 0
    endloop
  endfacet
  facet normal 0 0 -1
    outer loop
      vertex 59.6172 1.81901 0
      vertex 58.7019 3.8981 0
      vertex 59.0897 4.2293 0
    endloop
  endfacet
  facet normal 0 0 -1
    outer loop
      vertex 57.9091 0.595695 0
      vertex 59.6685 1.16738 0
      vertex 58.1042 0.124531 0
    endloop
  endfacet
  facet normal 0 0 -1
    outer loop
      vertex 59.6172 1.81901 0
      vertex 58.3707 3.5103 0
      vertex 58.7019 3.8981 0
    endloop
  endfacet
  facet normal -0 0 -1
    outer loop
      vertex 59.6685 1.16738 0
      vertex 57.9091 0.595695 0
      vertex 59.6172 1.38099 0
    endloop
  endfacet
  facet normal 0 0 -1
    outer loop
      vertex 59.6172 1.81901 0
      vertex 58.1042 3.07547 0
      vertex 58.3707 3.5103 0
    endloop
  endfacet
  facet normal 0 0 -1
    outer loop
      vertex 57.79 1.09159 0
      vertex 59.6172 1.38099 0
      vertex 57.9091 0.595695 0
    endloop
  endfacet
  facet normal 0 0 -1
    outer loop
      vertex 59.6172 1.81901 0
      vertex 57.9091 2.6043 0
      vertex 58.1042 3.07547 0
    endloop
  endfacet
  facet normal 0 0 -1
    outer loop
      vertex 57.75 1.6 0
      vertex 59.6172 1.38099 0
      vertex 57.79 1.09159 0
    endloop
  endfacet
  facet normal 0 0 -1
    outer loop
      vertex 59.6172 1.81901 0
      vertex 57.79 2.10841 0
      vertex 57.9091 2.6043 0
    endloop
  endfacet
  facet normal 0 0 -1
    outer loop
      vertex 59.6 1.6 0
      vertex 57.75 1.6 0
      vertex 57.79 2.10841 0
    endloop
  endfacet
  facet normal 0 0 -1
    outer loop
      vertex 4.4 1.6 0
      vertex 6.25 1.6 0
      vertex 6.20999 1.09159 0
    endloop
  endfacet
  facet normal 0 0 -1
    outer loop
      vertex 4.4 1.6 0
      vertex 6.20999 1.09159 0
      vertex 6.09093 0.595695 0
    endloop
  endfacet
  facet normal 0 0 -1
    outer loop
      vertex 6.25 1.6 0
      vertex 4.4 1.6 0
      vertex 6.20999 2.10841 0
    endloop
  endfacet
  facet normal 0 0 -1
    outer loop
      vertex 4.4 1.6 0
      vertex 6.09093 0.595695 0
      vertex 5.89577 0.124531 0
    endloop
  endfacet
  facet normal 0 0 -1
    outer loop
      vertex 4.38276 1.81901 0
      vertex 6.20999 2.10841 0
      vertex 4.4 1.6 0
    endloop
  endfacet
  facet normal 0 0 -1
    outer loop
      vertex 4.4 1.6 0
      vertex 5.89577 0.124531 0
      vertex 5.6293 -0.310301 0
    endloop
  endfacet
  facet normal -0 0 -1
    outer loop
      vertex 6.20999 2.10841 0
      vertex 4.38276 1.81901 0
      vertex 6.09093 2.6043 0
    endloop
  endfacet
  facet normal 0 0 -1
    outer loop
      vertex 4.4 1.6 0
      vertex 5.6293 -0.310301 0
      vertex 5.2981 -0.698097 0
    endloop
  endfacet
  facet normal 0 0 -1
    outer loop
      vertex 4.33148 2.03262 0
      vertex 6.09093 2.6043 0
      vertex 4.38276 1.81901 0
    endloop
  endfacet
  facet normal 0 0 -1
    outer loop
      vertex 4.4 1.6 0
      vertex 5.2981 -0.698097 0
      vertex 4.94461 -1 0
    endloop
  endfacet
  facet normal -0 0 -1
    outer loop
      vertex 6.09093 2.6043 0
      vertex 4.33148 2.03262 0
      vertex 5.89577 3.07547 0
    endloop
  endfacet
  facet normal -0 0 -1
    outer loop
      vertex 1.66852 33.9674 0
      vertex -0.0909328 33.3957 0
      vertex 1.61724 34.181 0
    endloop
  endfacet
  facet normal 0 0 -1
    outer loop
      vertex 2.01005 35.3899 0
      vertex 0.701903 36.6981 0
      vertex 1.05539 37 0
    endloop
  endfacet
  facet normal 0 0 -1
    outer loop
      vertex -0.209987 33.8916 0
      vertex 1.61724 34.181 0
      vertex -0.0909328 33.3957 0
    endloop
  endfacet
  facet normal 0 0 -1
    outer loop
      vertex 1.61724 34.619 0
      vertex 0.370695 36.3103 0
      vertex 0.701903 36.6981 0
    endloop
  endfacet
  facet normal -0 0 -1
    outer loop
      vertex 1.61724 34.181 0
      vertex -0.209987 33.8916 0
      vertex 1.6 34.4 0
    endloop
  endfacet
  facet normal 0 0 -1
    outer loop
      vertex 1.61724 34.619 0
      vertex 0.104229 35.8755 0
      vertex 0.370695 36.3103 0
    endloop
  endfacet
  facet normal 0 0 -1
    outer loop
      vertex -0.25 34.4 0
      vertex 1.6 34.4 0
      vertex -0.209987 33.8916 0
    endloop
  endfacet
  facet normal 0 0 -1
    outer loop
      vertex 1.61724 34.619 0
      vertex -0.0909328 35.4043 0
      vertex 0.104229 35.8755 0
    endloop
  endfacet
  facet normal 0 0 -1
    outer loop
      vertex 1.6 34.4 0
      vertex -0.25 34.4 0
      vertex 1.61724 34.619 0
    endloop
  endfacet
  facet normal 0 0 -1
    outer loop
      vertex 1.61724 34.619 0
      vertex -0.209987 34.9084 0
      vertex -0.0909328 35.4043 0
    endloop
  endfacet
  facet normal -0 0 -1
    outer loop
      vertex 1.61724 34.619 0
      vertex -0.25 34.4 0
      vertex -0.209987 34.9084 0
    endloop
  endfacet
  facet normal -0 0 -1
    outer loop
      vertex 1.75259 0.964414 0
      vertex 0.104229 0.124531 0
      vertex 1.66852 1.16738 0
    endloop
  endfacet
  facet normal 0 0 -1
    outer loop
      vertex 1.61724 1.81901 0
      vertex 0.701903 3.8981 0
      vertex 1.0897 4.2293 0
    endloop
  endfacet
  facet normal 0 0 -1
    outer loop
      vertex -0.0909328 0.595695 0
      vertex 1.66852 1.16738 0
      vertex 0.104229 0.124531 0
    endloop
  endfacet
  facet normal 0 0 -1
    outer loop
      vertex 1.61724 1.81901 0
      vertex 0.370695 3.5103 0
      vertex 0.701903 3.8981 0
    endloop
  endfacet
  facet normal -0 0 -1
    outer loop
      vertex 1.66852 1.16738 0
      vertex -0.0909328 0.595695 0
      vertex 1.61724 1.38099 0
    endloop
  endfacet
  facet normal 0 0 -1
    outer loop
      vertex 1.61724 1.81901 0
      vertex 0.104229 3.07547 0
      vertex 0.370695 3.5103 0
    endloop
  endfacet
  facet normal 0 0 -1
    outer loop
      vertex -0.209987 1.09159 0
      vertex 1.61724 1.38099 0
      vertex -0.0909328 0.595695 0
    endloop
  endfacet
  facet normal 0 0 -1
    outer loop
      vertex 1.61724 1.81901 0
      vertex -0.0909328 2.6043 0
      vertex 0.104229 3.07547 0
    endloop
  endfacet
  facet normal 0 0 -1
    outer loop
      vertex -0.25 1.6 0
      vertex 1.61724 1.38099 0
      vertex -0.209987 1.09159 0
    endloop
  endfacet
  facet normal 0 0 -1
    outer loop
      vertex 1.61724 1.81901 0
      vertex -0.209987 2.10841 0
      vertex -0.0909328 2.6043 0
    endloop
  endfacet
  facet normal 0 0 -1
    outer loop
      vertex 1.6 1.6 0
      vertex -0.25 1.6 0
      vertex -0.209987 2.10841 0
    endloop
  endfacet
  facet normal 0 0 -1
    outer loop
      vertex 6.20999 33.8916 0
      vertex 4.38276 34.181 0
      vertex 4.4 34.4 0
    endloop
  endfacet
  facet normal 0 0 -1
    outer loop
      vertex 6.09093 33.3957 0
      vertex 4.33148 33.9674 0
      vertex 4.38276 34.181 0
    endloop
  endfacet
  facet normal 0 0 -1
    outer loop
      vertex 5.89577 32.9245 0
      vertex 4.24741 33.7644 0
      vertex 4.33148 33.9674 0
    endloop
  endfacet
  facet normal 0 0 -1
    outer loop
      vertex 5.6293 32.4897 0
      vertex 4.13262 33.5771 0
      vertex 4.24741 33.7644 0
    endloop
  endfacet
  facet normal 0 0 -1
    outer loop
      vertex 3.63559 33.1526 0
      vertex 4.47547 31.5042 0
      vertex 4.0043 31.3091 0
    endloop
  endfacet
  facet normal 0 0 -1
    outer loop
      vertex 5.2981 32.1019 0
      vertex 3.98995 33.41 0
      vertex 4.13262 33.5771 0
    endloop
  endfacet
  facet normal 0 0 -1
    outer loop
      vertex 4.9103 31.7707 0
      vertex 3.8229 33.2674 0
      vertex 3.98995 33.41 0
    endloop
  endfacet
  facet normal 0 0 -1
    outer loop
      vertex 4.47547 31.5042 0
      vertex 3.63559 33.1526 0
      vertex 3.8229 33.2674 0
    endloop
  endfacet
  facet normal 0 0 -1
    outer loop
      vertex 3.43262 33.0685 0
      vertex 4.0043 31.3091 0
      vertex 3.50841 31.19 0
    endloop
  endfacet
  facet normal 0 0 -1
    outer loop
      vertex 4.0043 31.3091 0
      vertex 3.43262 33.0685 0
      vertex 3.63559 33.1526 0
    endloop
  endfacet
  facet normal 0 0 -1
    outer loop
      vertex 3.50841 31.19 0
      vertex 3.21901 33.0172 0
      vertex 3.43262 33.0685 0
    endloop
  endfacet
  facet normal 0 0 -1
    outer loop
      vertex 3 31.15 0
      vertex 3.21901 33.0172 0
      vertex 3.50841 31.19 0
    endloop
  endfacet
  facet normal 0 0 -1
    outer loop
      vertex 3 31.15 0
      vertex 3 33 0
      vertex 3.21901 33.0172 0
    endloop
  endfacet
  facet normal 0 0 -1
    outer loop
      vertex 3 31.15 0
      vertex 2.78099 33.0172 0
      vertex 3 33 0
    endloop
  endfacet
  facet normal 0 0 -1
    outer loop
      vertex 2.49159 31.19 0
      vertex 2.78099 33.0172 0
      vertex 3 31.15 0
    endloop
  endfacet
  facet normal -0 0 -1
    outer loop
      vertex 2.78099 33.0172 0
      vertex 2.49159 31.19 0
      vertex 2.56738 33.0685 0
    endloop
  endfacet
  facet normal 0 0 -1
    outer loop
      vertex 1.9957 31.3091 0
      vertex 2.56738 33.0685 0
      vertex 2.49159 31.19 0
    endloop
  endfacet
  facet normal -0 0 -1
    outer loop
      vertex 2.56738 33.0685 0
      vertex 1.9957 31.3091 0
      vertex 2.36441 33.1526 0
    endloop
  endfacet
  facet normal 0 0 -1
    outer loop
      vertex 1.52453 31.5042 0
      vertex 2.36441 33.1526 0
      vertex 1.9957 31.3091 0
    endloop
  endfacet
  facet normal -0 0 -1
    outer loop
      vertex 2.36441 33.1526 0
      vertex 1.52453 31.5042 0
      vertex 2.1771 33.2674 0
    endloop
  endfacet
  facet normal 0 0 -1
    outer loop
      vertex 1.0897 31.7707 0
      vertex 2.1771 33.2674 0
      vertex 1.52453 31.5042 0
    endloop
  endfacet
  facet normal -0 0 -1
    outer loop
      vertex 2.1771 33.2674 0
      vertex 1.0897 31.7707 0
      vertex 2.01005 33.41 0
    endloop
  endfacet
  facet normal 0 0 -1
    outer loop
      vertex 0.701903 32.1019 0
      vertex 2.01005 33.41 0
      vertex 1.0897 31.7707 0
    endloop
  endfacet
  facet normal -0 0 -1
    outer loop
      vertex 2.01005 33.41 0
      vertex 0.701903 32.1019 0
      vertex 1.86738 33.5771 0
    endloop
  endfacet
  facet normal -0 0 -1
    outer loop
      vertex 1.86738 33.5771 0
      vertex 0.370695 32.4897 0
      vertex 1.75259 33.7644 0
    endloop
  endfacet
  facet normal 0 0 -1
    outer loop
      vertex 0.370695 32.4897 0
      vertex 1.86738 33.5771 0
      vertex 0.701903 32.1019 0
    endloop
  endfacet
  facet normal 0 0 -1
    outer loop
      vertex 4.13262 2.4229 0
      vertex 5.6293 3.5103 0
      vertex 4.24741 2.23559 0
    endloop
  endfacet
  facet normal -0 0 -1
    outer loop
      vertex 5.6293 3.5103 0
      vertex 4.13262 2.4229 0
      vertex 5.2981 3.8981 0
    endloop
  endfacet
  facet normal 0 0 -1
    outer loop
      vertex 3.98995 2.58995 0
      vertex 5.2981 3.8981 0
      vertex 4.13262 2.4229 0
    endloop
  endfacet
  facet normal -0 0 -1
    outer loop
      vertex 5.2981 3.8981 0
      vertex 3.98995 2.58995 0
      vertex 4.9103 4.2293 0
    endloop
  endfacet
  facet normal 0 0 -1
    outer loop
      vertex 3.8229 2.73262 0
      vertex 4.9103 4.2293 0
      vertex 3.98995 2.58995 0
    endloop
  endfacet
  facet normal -0 0 -1
    outer loop
      vertex 4.9103 4.2293 0
      vertex 3.8229 2.73262 0
      vertex 4.47547 4.49577 0
    endloop
  endfacet
  facet normal 0 0 -1
    outer loop
      vertex 3.63559 2.84741 0
      vertex 4.47547 4.49577 0
      vertex 3.8229 2.73262 0
    endloop
  endfacet
  facet normal -0 0 -1
    outer loop
      vertex 4.47547 4.49577 0
      vertex 3.63559 2.84741 0
      vertex 4.0043 4.69093 0
    endloop
  endfacet
  facet normal 0 0 -1
    outer loop
      vertex 3.43262 2.93148 0
      vertex 4.0043 4.69093 0
      vertex 3.63559 2.84741 0
    endloop
  endfacet
  facet normal -0 0 -1
    outer loop
      vertex 4.0043 4.69093 0
      vertex 3.43262 2.93148 0
      vertex 3.50841 4.80999 0
    endloop
  endfacet
  facet normal 0 0 -1
    outer loop
      vertex 3.21901 2.98276 0
      vertex 3.50841 4.80999 0
      vertex 3.43262 2.93148 0
    endloop
  endfacet
  facet normal 0 0 -1
    outer loop
      vertex 3 3 0
      vertex 3.50841 4.80999 0
      vertex 3.21901 2.98276 0
    endloop
  endfacet
  facet normal 0 0 -1
    outer loop
      vertex 3 3 0
      vertex 3 4.85 0
      vertex 3.50841 4.80999 0
    endloop
  endfacet
  facet normal 0 0 -1
    outer loop
      vertex 2.78099 2.98276 0
      vertex 3 4.85 0
      vertex 3 3 0
    endloop
  endfacet
  facet normal 0 0 -1
    outer loop
      vertex 2.49159 4.80999 0
      vertex 2.78099 2.98276 0
      vertex 2.56738 2.93148 0
    endloop
  endfacet
  facet normal 0 0 -1
    outer loop
      vertex 2.78099 2.98276 0
      vertex 2.49159 4.80999 0
      vertex 3 4.85 0
    endloop
  endfacet
  facet normal 0 0 -1
    outer loop
      vertex 1.9957 4.69093 0
      vertex 2.56738 2.93148 0
      vertex 2.36441 2.84741 0
    endloop
  endfacet
  facet normal 0 0 -1
    outer loop
      vertex 1.52453 4.49577 0
      vertex 2.36441 2.84741 0
      vertex 2.1771 2.73262 0
    endloop
  endfacet
  facet normal 0 0 -1
    outer loop
      vertex 1.0897 4.2293 0
      vertex 2.1771 2.73262 0
      vertex 2.01005 2.58995 0
    endloop
  endfacet
  facet normal 0 0 -1
    outer loop
      vertex 2.56738 2.93148 0
      vertex 1.9957 4.69093 0
      vertex 2.49159 4.80999 0
    endloop
  endfacet
  facet normal 0 0 -1
    outer loop
      vertex 1.0897 4.2293 0
      vertex 2.01005 2.58995 0
      vertex 1.86738 2.4229 0
    endloop
  endfacet
  facet normal 0 0 -1
    outer loop
      vertex 1.0897 4.2293 0
      vertex 1.86738 2.4229 0
      vertex 1.75259 2.23559 0
    endloop
  endfacet
  facet normal 0 0 -1
    outer loop
      vertex 1.0897 4.2293 0
      vertex 1.75259 2.23559 0
      vertex 1.66852 2.03262 0
    endloop
  endfacet
  facet normal 0 0 -1
    outer loop
      vertex 1.0897 4.2293 0
      vertex 1.66852 2.03262 0
      vertex 1.61724 1.81901 0
    endloop
  endfacet
  facet normal 0 0 -1
    outer loop
      vertex 2.36441 2.84741 0
      vertex 1.52453 4.49577 0
      vertex 1.9957 4.69093 0
    endloop
  endfacet
  facet normal 0 0 -1
    outer loop
      vertex -0.209987 2.10841 0
      vertex 1.61724 1.81901 0
      vertex 1.6 1.6 0
    endloop
  endfacet
  facet normal 0 0 -1
    outer loop
      vertex 64.21 33.8916 0
      vertex 62.3828 34.181 0
      vertex 62.4 34.4 0
    endloop
  endfacet
  facet normal 0 0 -1
    outer loop
      vertex 64.0909 33.3957 0
      vertex 62.3315 33.9674 0
      vertex 62.3828 34.181 0
    endloop
  endfacet
  facet normal 0 0 -1
    outer loop
      vertex 63.8958 32.9245 0
      vertex 62.2474 33.7644 0
      vertex 62.3315 33.9674 0
    endloop
  endfacet
  facet normal 0 0 -1
    outer loop
      vertex 63.6293 32.4897 0
      vertex 62.1326 33.5771 0
      vertex 62.2474 33.7644 0
    endloop
  endfacet
  facet normal 0 0 -1
    outer loop
      vertex 61.6356 33.1526 0
      vertex 62.4755 31.5042 0
      vertex 62.0043 31.3091 0
    endloop
  endfacet
  facet normal 0 0 -1
    outer loop
      vertex 63.2981 32.1019 0
      vertex 61.9899 33.41 0
      vertex 62.1326 33.5771 0
    endloop
  endfacet
  facet normal 0 0 -1
    outer loop
      vertex 62.9103 31.7707 0
      vertex 61.8229 33.2674 0
      vertex 61.9899 33.41 0
    endloop
  endfacet
  facet normal 0 0 -1
    outer loop
      vertex 62.4755 31.5042 0
      vertex 61.6356 33.1526 0
      vertex 61.8229 33.2674 0
    endloop
  endfacet
  facet normal 0 0 -1
    outer loop
      vertex 61.4326 33.0685 0
      vertex 62.0043 31.3091 0
      vertex 61.5084 31.19 0
    endloop
  endfacet
  facet normal 0 0 -1
    outer loop
      vertex 62.0043 31.3091 0
      vertex 61.4326 33.0685 0
      vertex 61.6356 33.1526 0
    endloop
  endfacet
  facet normal 0 0 -1
    outer loop
      vertex 61.5084 31.19 0
      vertex 61.219 33.0172 0
      vertex 61.4326 33.0685 0
    endloop
  endfacet
  facet normal 0 0 -1
    outer loop
      vertex 61 31.15 0
      vertex 61.219 33.0172 0
      vertex 61.5084 31.19 0
    endloop
  endfacet
  facet normal 0 0 -1
    outer loop
      vertex 61 31.15 0
      vertex 61 33 0
      vertex 61.219 33.0172 0
    endloop
  endfacet
  facet normal 0 0 -1
    outer loop
      vertex 61 31.15 0
      vertex 60.781 33.0172 0
      vertex 61 33 0
    endloop
  endfacet
  facet normal 0 0 -1
    outer loop
      vertex 60.4916 31.19 0
      vertex 60.781 33.0172 0
      vertex 61 31.15 0
    endloop
  endfacet
  facet normal -0 0 -1
    outer loop
      vertex 60.781 33.0172 0
      vertex 60.4916 31.19 0
      vertex 60.5674 33.0685 0
    endloop
  endfacet
  facet normal 0 0 -1
    outer loop
      vertex 59.9957 31.3091 0
      vertex 60.5674 33.0685 0
      vertex 60.4916 31.19 0
    endloop
  endfacet
  facet normal -0 0 -1
    outer loop
      vertex 60.5674 33.0685 0
      vertex 59.9957 31.3091 0
      vertex 60.3644 33.1526 0
    endloop
  endfacet
  facet normal 0 0 -1
    outer loop
      vertex 59.5245 31.5042 0
      vertex 60.3644 33.1526 0
      vertex 59.9957 31.3091 0
    endloop
  endfacet
  facet normal -0 0 -1
    outer loop
      vertex 60.3644 33.1526 0
      vertex 59.5245 31.5042 0
      vertex 60.1771 33.2674 0
    endloop
  endfacet
  facet normal 0 0 -1
    outer loop
      vertex 59.0897 31.7707 0
      vertex 60.1771 33.2674 0
      vertex 59.5245 31.5042 0
    endloop
  endfacet
  facet normal -0 0 -1
    outer loop
      vertex 60.1771 33.2674 0
      vertex 59.0897 31.7707 0
      vertex 60.0101 33.41 0
    endloop
  endfacet
  facet normal 0 0 -1
    outer loop
      vertex 58.7019 32.1019 0
      vertex 60.0101 33.41 0
      vertex 59.0897 31.7707 0
    endloop
  endfacet
  facet normal -0 0 -1
    outer loop
      vertex 60.0101 33.41 0
      vertex 58.7019 32.1019 0
      vertex 59.8674 33.5771 0
    endloop
  endfacet
  facet normal -0 0 -1
    outer loop
      vertex 59.8674 33.5771 0
      vertex 58.3707 32.4897 0
      vertex 59.7526 33.7644 0
    endloop
  endfacet
  facet normal 0 0 -1
    outer loop
      vertex 58.3707 32.4897 0
      vertex 59.8674 33.5771 0
      vertex 58.7019 32.1019 0
    endloop
  endfacet
  facet normal 0 0 -1
    outer loop
      vertex 62.1326 2.4229 0
      vertex 63.6293 3.5103 0
      vertex 62.2474 2.23559 0
    endloop
  endfacet
  facet normal -0 0 -1
    outer loop
      vertex 63.6293 3.5103 0
      vertex 62.1326 2.4229 0
      vertex 63.2981 3.8981 0
    endloop
  endfacet
  facet normal 0 0 -1
    outer loop
      vertex 61.9899 2.58995 0
      vertex 63.2981 3.8981 0
      vertex 62.1326 2.4229 0
    endloop
  endfacet
  facet normal -0 0 -1
    outer loop
      vertex 63.2981 3.8981 0
      vertex 61.9899 2.58995 0
      vertex 62.9103 4.2293 0
    endloop
  endfacet
  facet normal 0 0 -1
    outer loop
      vertex 61.8229 2.73262 0
      vertex 62.9103 4.2293 0
      vertex 61.9899 2.58995 0
    endloop
  endfacet
  facet normal -0 0 -1
    outer loop
      vertex 62.9103 4.2293 0
      vertex 61.8229 2.73262 0
      vertex 62.4755 4.49577 0
    endloop
  endfacet
  facet normal 0 0 -1
    outer loop
      vertex 61.6356 2.84741 0
      vertex 62.4755 4.49577 0
      vertex 61.8229 2.73262 0
    endloop
  endfacet
  facet normal -0 0 -1
    outer loop
      vertex 62.4755 4.49577 0
      vertex 61.6356 2.84741 0
      vertex 62.0043 4.69093 0
    endloop
  endfacet
  facet normal 0 0 -1
    outer loop
      vertex 61.4326 2.93148 0
      vertex 62.0043 4.69093 0
      vertex 61.6356 2.84741 0
    endloop
  endfacet
  facet normal -0 0 -1
    outer loop
      vertex 62.0043 4.69093 0
      vertex 61.4326 2.93148 0
      vertex 61.5084 4.80999 0
    endloop
  endfacet
  facet normal 0 0 -1
    outer loop
      vertex 61.219 2.98276 0
      vertex 61.5084 4.80999 0
      vertex 61.4326 2.93148 0
    endloop
  endfacet
  facet normal 0 0 -1
    outer loop
      vertex 61 3 0
      vertex 61.5084 4.80999 0
      vertex 61.219 2.98276 0
    endloop
  endfacet
  facet normal 0 0 -1
    outer loop
      vertex 61 3 0
      vertex 61 4.85 0
      vertex 61.5084 4.80999 0
    endloop
  endfacet
  facet normal 0 0 -1
    outer loop
      vertex 60.781 2.98276 0
      vertex 61 4.85 0
      vertex 61 3 0
    endloop
  endfacet
  facet normal 0 0 -1
    outer loop
      vertex 60.4916 4.80999 0
      vertex 60.781 2.98276 0
      vertex 60.5674 2.93148 0
    endloop
  endfacet
  facet normal 0 0 -1
    outer loop
      vertex 60.781 2.98276 0
      vertex 60.4916 4.80999 0
      vertex 61 4.85 0
    endloop
  endfacet
  facet normal 0 0 -1
    outer loop
      vertex 59.9957 4.69093 0
      vertex 60.5674 2.93148 0
      vertex 60.3644 2.84741 0
    endloop
  endfacet
  facet normal 0 0 -1
    outer loop
      vertex 59.5245 4.49577 0
      vertex 60.3644 2.84741 0
      vertex 60.1771 2.73262 0
    endloop
  endfacet
  facet normal 0 0 -1
    outer loop
      vertex 59.0897 4.2293 0
      vertex 60.1771 2.73262 0
      vertex 60.0101 2.58995 0
    endloop
  endfacet
  facet normal 0 0 -1
    outer loop
      vertex 60.5674 2.93148 0
      vertex 59.9957 4.69093 0
      vertex 60.4916 4.80999 0
    endloop
  endfacet
  facet normal 0 0 -1
    outer loop
      vertex 59.0897 4.2293 0
      vertex 60.0101 2.58995 0
      vertex 59.8674 2.4229 0
    endloop
  endfacet
  facet normal 0 0 -1
    outer loop
      vertex 59.0897 4.2293 0
      vertex 59.8674 2.4229 0
      vertex 59.7526 2.23559 0
    endloop
  endfacet
  facet normal 0 0 -1
    outer loop
      vertex 59.0897 4.2293 0
      vertex 59.7526 2.23559 0
      vertex 59.6685 2.03262 0
    endloop
  endfacet
  facet normal 0 0 -1
    outer loop
      vertex 59.0897 4.2293 0
      vertex 59.6685 2.03262 0
      vertex 59.6172 1.81901 0
    endloop
  endfacet
  facet normal 0 0 -1
    outer loop
      vertex 60.3644 2.84741 0
      vertex 59.5245 4.49577 0
      vertex 59.9957 4.69093 0
    endloop
  endfacet
  facet normal 0 0 -1
    outer loop
      vertex 57.79 2.10841 0
      vertex 59.6172 1.81901 0
      vertex 59.6 1.6 0
    endloop
  endfacet
  facet normal 0.996923 -0.0783853 0
    outer loop
      vertex 67.1631 -0.669303 18.2
      vertex 67.2 -0.2 0
      vertex 67.2 -0.2 18.2
    endloop
  endfacet
  facet normal 0.996923 -0.0783853 0
    outer loop
      vertex 67.2 -0.2 0
      vertex 67.1631 -0.669303 18.2
      vertex 67.1631 -0.669303 0
    endloop
  endfacet
  facet normal 0.996923 0.0783858 0
    outer loop
      vertex 67.2 36.2 18.2
      vertex 67.1631 36.6693 0
      vertex 67.1631 36.6693 18.2
    endloop
  endfacet
  facet normal 0.996923 0.0783858 0
    outer loop
      vertex 67.1631 36.6693 0
      vertex 67.2 36.2 18.2
      vertex 67.2 36.2 0
    endloop
  endfacet
  facet normal -0.996916 -0.0784698 0
    outer loop
      vertex -7.16306 -0.669303 0
      vertex -7.2 -0.2 18.2
      vertex -7.2 -0.2 0
    endloop
  endfacet
  facet normal -0.996916 -0.0784698 0
    outer loop
      vertex -7.2 -0.2 18.2
      vertex -7.16306 -0.669303 0
      vertex -7.16306 -0.669303 18.2
    endloop
  endfacet
  facet normal 0.649601 0.760275 -0
    outer loop
      vertex 66.3213 38.3213 0
      vertex 65.9634 38.6271 18.2
      vertex 66.3213 38.3213 18.2
    endloop
  endfacet
  facet normal 0.649601 0.760275 0
    outer loop
      vertex 65.9634 38.6271 18.2
      vertex 66.3213 38.3213 0
      vertex 65.9634 38.6271 0
    endloop
  endfacet
  facet normal 0.649515 -0.760349 0
    outer loop
      vertex 65.9634 -2.62705 0
      vertex 66.3213 -2.32132 18.2
      vertex 65.9634 -2.62705 18.2
    endloop
  endfacet
  facet normal 0.649515 -0.760349 0
    outer loop
      vertex 66.3213 -2.32132 18.2
      vertex 65.9634 -2.62705 0
      vertex 66.3213 -2.32132 0
    endloop
  endfacet
  facet normal -0.0783858 0.996923 0
    outer loop
      vertex -4.2 39.2 0
      vertex -4.6693 39.1631 18.2
      vertex -4.2 39.2 18.2
    endloop
  endfacet
  facet normal -0.0783858 0.996923 0
    outer loop
      vertex -4.6693 39.1631 18.2
      vertex -4.2 39.2 0
      vertex -4.6693 39.1631 0
    endloop
  endfacet
  facet normal 0.522378 0.852714 -0
    outer loop
      vertex 65.9634 38.6271 0
      vertex 65.562 38.873 18.2
      vertex 65.9634 38.6271 18.2
    endloop
  endfacet
  facet normal 0.522378 0.852714 0
    outer loop
      vertex 65.562 38.873 18.2
      vertex 65.9634 38.6271 0
      vertex 65.562 38.873 0
    endloop
  endfacet
  facet normal 0.382699 -0.923873 0
    outer loop
      vertex 65.1271 -3.05317 0
      vertex 65.562 -2.87302 18.2
      vertex 65.1271 -3.05317 18.2
    endloop
  endfacet
  facet normal 0.382699 -0.923873 0
    outer loop
      vertex 65.562 -2.87302 18.2
      vertex 65.1271 -3.05317 0
      vertex 65.562 -2.87302 0
    endloop
  endfacet
  facet normal -0.649452 -0.760403 0
    outer loop
      vertex -6.32132 -2.32132 0
      vertex -5.96336 -2.62705 18.2
      vertex -6.32132 -2.32132 18.2
    endloop
  endfacet
  facet normal -0.649452 -0.760403 -0
    outer loop
      vertex -5.96336 -2.62705 18.2
      vertex -6.32132 -2.32132 0
      vertex -5.96336 -2.62705 0
    endloop
  endfacet
  facet normal 0.0783858 0.996923 -0
    outer loop
      vertex 64.6693 39.1631 0
      vertex 64.2 39.2 18.2
      vertex 64.6693 39.1631 18.2
    endloop
  endfacet
  facet normal 0.0783858 0.996923 0
    outer loop
      vertex 64.2 39.2 18.2
      vertex 64.6693 39.1631 0
      vertex 64.2 39.2 0
    endloop
  endfacet
  facet normal 0.972368 -0.233455 0
    outer loop
      vertex 67.0532 -1.12705 18.2
      vertex 67.1631 -0.669303 0
      vertex 67.1631 -0.669303 18.2
    endloop
  endfacet
  facet normal 0.972368 -0.233455 0
    outer loop
      vertex 67.1631 -0.669303 0
      vertex 67.0532 -1.12705 18.2
      vertex 67.0532 -1.12705 0
    endloop
  endfacet
  facet normal 0.522486 -0.852648 0
    outer loop
      vertex 65.562 -2.87302 0
      vertex 65.9634 -2.62705 18.2
      vertex 65.562 -2.87302 18.2
    endloop
  endfacet
  facet normal 0.522486 -0.852648 0
    outer loop
      vertex 65.9634 -2.62705 18.2
      vertex 65.562 -2.87302 0
      vertex 65.9634 -2.62705 0
    endloop
  endfacet
  facet normal -0.923879 -0.382684 0
    outer loop
      vertex -6.87302 -1.56197 0
      vertex -7.05317 -1.12705 18.2
      vertex -7.05317 -1.12705 0
    endloop
  endfacet
  facet normal -0.923879 -0.382684 0
    outer loop
      vertex -7.05317 -1.12705 18.2
      vertex -6.87302 -1.56197 0
      vertex -6.87302 -1.56197 18.2
    endloop
  endfacet
  facet normal -0.923873 0.382699 0
    outer loop
      vertex -7.05317 37.1271 0
      vertex -6.87302 37.562 18.2
      vertex -6.87302 37.562 0
    endloop
  endfacet
  facet normal -0.923873 0.382699 0
    outer loop
      vertex -6.87302 37.562 18.2
      vertex -7.05317 37.1271 0
      vertex -7.05317 37.1271 18.2
    endloop
  endfacet
  facet normal 0.233409 -0.972379 0
    outer loop
      vertex 64.6693 -3.16306 0
      vertex 65.1271 -3.05317 18.2
      vertex 64.6693 -3.16306 18.2
    endloop
  endfacet
  facet normal 0.233409 -0.972379 0
    outer loop
      vertex 65.1271 -3.05317 18.2
      vertex 64.6693 -3.16306 0
      vertex 65.1271 -3.05317 0
    endloop
  endfacet
  facet normal 0.0784703 -0.996916 0
    outer loop
      vertex 64.2 -3.2 0
      vertex 64.6693 -3.16306 18.2
      vertex 64.2 -3.2 18.2
    endloop
  endfacet
  facet normal 0.0784703 -0.996916 0
    outer loop
      vertex 64.6693 -3.16306 18.2
      vertex 64.2 -3.2 0
      vertex 64.6693 -3.16306 0
    endloop
  endfacet
  facet normal 0.852714 0.522378 0
    outer loop
      vertex 66.873 37.562 18.2
      vertex 66.6271 37.9634 0
      vertex 66.6271 37.9634 18.2
    endloop
  endfacet
  facet normal 0.852714 0.522378 0
    outer loop
      vertex 66.6271 37.9634 0
      vertex 66.873 37.562 18.2
      vertex 66.873 37.562 0
    endloop
  endfacet
  facet normal -0.852648 0.522486 0
    outer loop
      vertex -6.87302 37.562 0
      vertex -6.62705 37.9634 18.2
      vertex -6.62705 37.9634 0
    endloop
  endfacet
  facet normal -0.852648 0.522486 0
    outer loop
      vertex -6.62705 37.9634 18.2
      vertex -6.87302 37.562 0
      vertex -6.87302 37.562 18.2
    endloop
  endfacet
  facet normal -0.649538 0.760329 0
    outer loop
      vertex -5.96336 38.6271 0
      vertex -6.32132 38.3213 18.2
      vertex -5.96336 38.6271 18.2
    endloop
  endfacet
  facet normal -0.649538 0.760329 0
    outer loop
      vertex -6.32132 38.3213 18.2
      vertex -5.96336 38.6271 0
      vertex -6.32132 38.3213 0
    endloop
  endfacet
  facet normal 0.852708 -0.522387 0
    outer loop
      vertex 66.6271 -1.96336 18.2
      vertex 66.873 -1.56197 0
      vertex 66.873 -1.56197 18.2
    endloop
  endfacet
  facet normal 0.852708 -0.522387 0
    outer loop
      vertex 66.873 -1.56197 0
      vertex 66.6271 -1.96336 18.2
      vertex 66.6271 -1.96336 0
    endloop
  endfacet
  facet normal -0.522495 -0.852642 0
    outer loop
      vertex -5.96336 -2.62705 0
      vertex -5.56197 -2.87302 18.2
      vertex -5.96336 -2.62705 18.2
    endloop
  endfacet
  facet normal -0.522495 -0.852642 -0
    outer loop
      vertex -5.56197 -2.87302 18.2
      vertex -5.96336 -2.62705 0
      vertex -5.56197 -2.87302 0
    endloop
  endfacet
  facet normal -0.522387 0.852708 0
    outer loop
      vertex -5.56197 38.873 0
      vertex -5.96336 38.6271 18.2
      vertex -5.56197 38.873 18.2
    endloop
  endfacet
  facet normal -0.522387 0.852708 0
    outer loop
      vertex -5.96336 38.6271 18.2
      vertex -5.56197 38.873 0
      vertex -5.96336 38.6271 0
    endloop
  endfacet
  facet normal -0.852642 -0.522495 0
    outer loop
      vertex -6.62705 -1.96336 0
      vertex -6.87302 -1.56197 18.2
      vertex -6.87302 -1.56197 0
    endloop
  endfacet
  facet normal -0.852642 -0.522495 0
    outer loop
      vertex -6.87302 -1.56197 18.2
      vertex -6.62705 -1.96336 0
      vertex -6.62705 -1.96336 18.2
    endloop
  endfacet
  facet normal 0.760329 -0.649538 0
    outer loop
      vertex 66.3213 -2.32132 18.2
      vertex 66.6271 -1.96336 0
      vertex 66.6271 -1.96336 18.2
    endloop
  endfacet
  facet normal 0.760329 -0.649538 0
    outer loop
      vertex 66.6271 -1.96336 0
      vertex 66.3213 -2.32132 18.2
      vertex 66.3213 -2.32132 0
    endloop
  endfacet
  facet normal -0.760349 0.649515 0
    outer loop
      vertex -6.62705 37.9634 0
      vertex -6.32132 38.3213 18.2
      vertex -6.32132 38.3213 0
    endloop
  endfacet
  facet normal -0.760349 0.649515 0
    outer loop
      vertex -6.32132 38.3213 18.2
      vertex -6.62705 37.9634 0
      vertex -6.62705 37.9634 18.2
    endloop
  endfacet
  facet normal -0.760403 -0.649452 0
    outer loop
      vertex -6.32132 -2.32132 0
      vertex -6.62705 -1.96336 18.2
      vertex -6.62705 -1.96336 0
    endloop
  endfacet
  facet normal -0.760403 -0.649452 0
    outer loop
      vertex -6.62705 -1.96336 18.2
      vertex -6.32132 -2.32132 0
      vertex -6.32132 -2.32132 18.2
    endloop
  endfacet
  facet normal 0.923842 -0.382775 0
    outer loop
      vertex 66.873 -1.56197 18.2
      vertex 67.0532 -1.12705 0
      vertex 67.0532 -1.12705 18.2
    endloop
  endfacet
  facet normal 0.923842 -0.382775 0
    outer loop
      vertex 67.0532 -1.12705 0
      vertex 66.873 -1.56197 18.2
      vertex 66.873 -1.56197 0
    endloop
  endfacet
  facet normal -0.233453 0.972368 0
    outer loop
      vertex -4.6693 39.1631 0
      vertex -5.12705 39.0532 18.2
      vertex -4.6693 39.1631 18.2
    endloop
  endfacet
  facet normal -0.233453 0.972368 0
    outer loop
      vertex -5.12705 39.0532 18.2
      vertex -4.6693 39.1631 0
      vertex -5.12705 39.0532 0
    endloop
  endfacet
  facet normal 0.923836 0.38279 0
    outer loop
      vertex 67.0532 37.1271 18.2
      vertex 66.873 37.562 0
      vertex 66.873 37.562 18.2
    endloop
  endfacet
  facet normal 0.923836 0.38279 0
    outer loop
      vertex 66.873 37.562 0
      vertex 67.0532 37.1271 18.2
      vertex 67.0532 37.1271 0
    endloop
  endfacet
  facet normal -0.972372 -0.233435 0
    outer loop
      vertex -7.05317 -1.12705 0
      vertex -7.16306 -0.669303 18.2
      vertex -7.16306 -0.669303 0
    endloop
  endfacet
  facet normal -0.972372 -0.233435 0
    outer loop
      vertex -7.16306 -0.669303 18.2
      vertex -7.05317 -1.12705 0
      vertex -7.05317 -1.12705 18.2
    endloop
  endfacet
  facet normal -0.996916 0.0784703 0
    outer loop
      vertex -7.2 36.2 0
      vertex -7.16306 36.6693 18.2
      vertex -7.16306 36.6693 0
    endloop
  endfacet
  facet normal -0.996916 0.0784703 0
    outer loop
      vertex -7.16306 36.6693 18.2
      vertex -7.2 36.2 0
      vertex -7.2 36.2 18.2
    endloop
  endfacet
  facet normal -0.972379 0.233409 0
    outer loop
      vertex -7.16306 36.6693 0
      vertex -7.05317 37.1271 18.2
      vertex -7.05317 37.1271 0
    endloop
  endfacet
  facet normal -0.972379 0.233409 0
    outer loop
      vertex -7.05317 37.1271 18.2
      vertex -7.16306 36.6693 0
      vertex -7.16306 36.6693 18.2
    endloop
  endfacet
  facet normal -0 0 1
    outer loop
      vertex 5.49482 33.1288 18.2
      vertex 22 28 18.2
      vertex 5.66296 33.5348 18.2
    endloop
  endfacet
  facet normal 0 0 1
    outer loop
      vertex 22 8 18.2
      vertex 5.76553 2.03802 18.2
      vertex 5.8 1.6 18.2
    endloop
  endfacet
  facet normal -0 0 1
    outer loop
      vertex 5.26525 32.7542 18.2
      vertex 22 28 18.2
      vertex 5.49482 33.1288 18.2
    endloop
  endfacet
  facet normal 0 0 1
    outer loop
      vertex 22 8 18.2
      vertex 5.66296 2.46525 18.2
      vertex 5.76553 2.03802 18.2
    endloop
  endfacet
  facet normal -0 0 1
    outer loop
      vertex 4.9799 32.4201 18.2
      vertex 22 28 18.2
      vertex 5.26525 32.7542 18.2
    endloop
  endfacet
  facet normal 0 0 1
    outer loop
      vertex 22 8 18.2
      vertex 5.49482 2.87117 18.2
      vertex 5.66296 2.46525 18.2
    endloop
  endfacet
  facet normal -0 0 1
    outer loop
      vertex 4.6458 32.1348 18.2
      vertex 22 28 18.2
      vertex 4.9799 32.4201 18.2
    endloop
  endfacet
  facet normal 0 0 1
    outer loop
      vertex 22 8 18.2
      vertex 5.26525 3.2458 18.2
      vertex 5.49482 2.87117 18.2
    endloop
  endfacet
  facet normal -0 0 1
    outer loop
      vertex 4.27117 31.9052 18.2
      vertex 22 28 18.2
      vertex 4.6458 32.1348 18.2
    endloop
  endfacet
  facet normal 0 0 1
    outer loop
      vertex 22 8 18.2
      vertex 4.9799 3.5799 18.2
      vertex 5.26525 3.2458 18.2
    endloop
  endfacet
  facet normal 0 0 1
    outer loop
      vertex 22 28 18.2
      vertex 4.27117 31.9052 18.2
      vertex 22 8 18.2
    endloop
  endfacet
  facet normal 0 0 1
    outer loop
      vertex 22 8 18.2
      vertex 4.6458 3.86525 18.2
      vertex 4.9799 3.5799 18.2
    endloop
  endfacet
  facet normal 0 0 1
    outer loop
      vertex 4.27117 4.09482 18.2
      vertex 22 8 18.2
      vertex 4.27117 31.9052 18.2
    endloop
  endfacet
  facet normal 0 0 1
    outer loop
      vertex 22 8 18.2
      vertex 4.27117 4.09482 18.2
      vertex 4.6458 3.86525 18.2
    endloop
  endfacet
  facet normal -0 0 1
    outer loop
      vertex 3.86525 31.737 18.2
      vertex 4.27117 4.09482 18.2
      vertex 4.27117 31.9052 18.2
    endloop
  endfacet
  facet normal 0 0 1
    outer loop
      vertex 3.86525 31.737 18.2
      vertex 3.86525 4.26296 18.2
      vertex 4.27117 4.09482 18.2
    endloop
  endfacet
  facet normal -0 0 1
    outer loop
      vertex 3.43802 31.6345 18.2
      vertex 3.86525 4.26296 18.2
      vertex 3.86525 31.737 18.2
    endloop
  endfacet
  facet normal 0 0 1
    outer loop
      vertex 3.43802 31.6345 18.2
      vertex 3.43802 4.36553 18.2
      vertex 3.86525 4.26296 18.2
    endloop
  endfacet
  facet normal -0 0 1
    outer loop
      vertex 3 31.6 18.2
      vertex 3.43802 4.36553 18.2
      vertex 3.43802 31.6345 18.2
    endloop
  endfacet
  facet normal 0 0 1
    outer loop
      vertex 3 31.6 18.2
      vertex 3 4.4 18.2
      vertex 3.43802 4.36553 18.2
    endloop
  endfacet
  facet normal 0 0 1
    outer loop
      vertex 2.56198 31.6345 18.2
      vertex 3 4.4 18.2
      vertex 3 31.6 18.2
    endloop
  endfacet
  facet normal 0 0 1
    outer loop
      vertex 2.56198 31.6345 18.2
      vertex 2.56198 4.36553 18.2
      vertex 3 4.4 18.2
    endloop
  endfacet
  facet normal 0 0 1
    outer loop
      vertex 2.13475 31.737 18.2
      vertex 2.56198 4.36553 18.2
      vertex 2.56198 31.6345 18.2
    endloop
  endfacet
  facet normal 0 0 1
    outer loop
      vertex 2.13475 31.737 18.2
      vertex 2.13475 4.26296 18.2
      vertex 2.56198 4.36553 18.2
    endloop
  endfacet
  facet normal 0 0 1
    outer loop
      vertex 1.72883 31.9052 18.2
      vertex 2.13475 4.26296 18.2
      vertex 2.13475 31.737 18.2
    endloop
  endfacet
  facet normal 0 0 1
    outer loop
      vertex 1.72883 31.9052 18.2
      vertex 1.72883 4.09482 18.2
      vertex 2.13475 4.26296 18.2
    endloop
  endfacet
  facet normal 0 0 1
    outer loop
      vertex 1.3542 32.1348 18.2
      vertex 1.72883 4.09482 18.2
      vertex 1.72883 31.9052 18.2
    endloop
  endfacet
  facet normal 0 0 1
    outer loop
      vertex 1.3542 32.1348 18.2
      vertex 1.3542 3.86525 18.2
      vertex 1.72883 4.09482 18.2
    endloop
  endfacet
  facet normal 0 0 1
    outer loop
      vertex -7.2 36.2 18.2
      vertex 1.3542 32.1348 18.2
      vertex 1.0201 32.4201 18.2
    endloop
  endfacet
  facet normal 0 0 1
    outer loop
      vertex 1.3542 32.1348 18.2
      vertex -7.2 36.2 18.2
      vertex 1.3542 3.86525 18.2
    endloop
  endfacet
  facet normal 0 0 1
    outer loop
      vertex -7.2 36.2 18.2
      vertex 1.0201 32.4201 18.2
      vertex 0.734753 32.7542 18.2
    endloop
  endfacet
  facet normal 0 0 1
    outer loop
      vertex -7.2 -0.2 18.2
      vertex 1.3542 3.86525 18.2
      vertex -7.2 36.2 18.2
    endloop
  endfacet
  facet normal 0 0 1
    outer loop
      vertex -7.2 36.2 18.2
      vertex 0.734753 32.7542 18.2
      vertex 0.505182 33.1288 18.2
    endloop
  endfacet
  facet normal 0 0 1
    outer loop
      vertex 1.3542 3.86525 18.2
      vertex -7.2 -0.2 18.2
      vertex 1.0201 3.5799 18.2
    endloop
  endfacet
  facet normal 0 0 1
    outer loop
      vertex -7.2 36.2 18.2
      vertex 0.505182 33.1288 18.2
      vertex 0.337042 33.5348 18.2
    endloop
  endfacet
  facet normal 0 0 1
    outer loop
      vertex 1.0201 3.5799 18.2
      vertex -7.2 -0.2 18.2
      vertex 0.734753 3.2458 18.2
    endloop
  endfacet
  facet normal 0 0 1
    outer loop
      vertex -7.2 36.2 18.2
      vertex 0.337042 33.5348 18.2
      vertex 0.234473 33.962 18.2
    endloop
  endfacet
  facet normal 0 0 1
    outer loop
      vertex 0.734753 3.2458 18.2
      vertex -7.2 -0.2 18.2
      vertex 0.505182 2.87117 18.2
    endloop
  endfacet
  facet normal 0 0 1
    outer loop
      vertex -7.2 36.2 18.2
      vertex 0.234473 33.962 18.2
      vertex 0.200001 34.4 18.2
    endloop
  endfacet
  facet normal 0 0 1
    outer loop
      vertex 0.505182 2.87117 18.2
      vertex -7.2 -0.2 18.2
      vertex 0.337042 2.46525 18.2
    endloop
  endfacet
  facet normal 0 0 1
    outer loop
      vertex 63.4948 33.1288 18.2
      vertex 67.2 36.2 18.2
      vertex 63.663 33.5348 18.2
    endloop
  endfacet
  facet normal 0 0 1
    outer loop
      vertex 67.2 -0.2 18.2
      vertex 63.7655 2.03802 18.2
      vertex 63.8 1.6 18.2
    endloop
  endfacet
  facet normal 0 0 1
    outer loop
      vertex 63.2652 32.7542 18.2
      vertex 67.2 36.2 18.2
      vertex 63.4948 33.1288 18.2
    endloop
  endfacet
  facet normal 0 0 1
    outer loop
      vertex 67.2 -0.2 18.2
      vertex 63.663 2.46525 18.2
      vertex 63.7655 2.03802 18.2
    endloop
  endfacet
  facet normal 0 0 1
    outer loop
      vertex 62.9799 32.4201 18.2
      vertex 67.2 36.2 18.2
      vertex 63.2652 32.7542 18.2
    endloop
  endfacet
  facet normal 0 0 1
    outer loop
      vertex 67.2 -0.2 18.2
      vertex 63.4948 2.87117 18.2
      vertex 63.663 2.46525 18.2
    endloop
  endfacet
  facet normal 0 0 1
    outer loop
      vertex 67.2 36.2 18.2
      vertex 62.9799 32.4201 18.2
      vertex 67.2 -0.2 18.2
    endloop
  endfacet
  facet normal 0 0 1
    outer loop
      vertex 67.2 -0.2 18.2
      vertex 63.2652 3.2458 18.2
      vertex 63.4948 2.87117 18.2
    endloop
  endfacet
  facet normal -0 0 1
    outer loop
      vertex 62.9799 3.5799 18.2
      vertex 67.2 -0.2 18.2
      vertex 62.9799 32.4201 18.2
    endloop
  endfacet
  facet normal 0 0 1
    outer loop
      vertex 67.2 -0.2 18.2
      vertex 62.9799 3.5799 18.2
      vertex 63.2652 3.2458 18.2
    endloop
  endfacet
  facet normal 0 0 1
    outer loop
      vertex 56.4505 17.5 18.2
      vertex 62.9799 32.4201 18.2
      vertex 62.6458 32.1348 18.2
    endloop
  endfacet
  facet normal 0 0 1
    outer loop
      vertex 62.9799 32.4201 18.2
      vertex 56.4505 17.5 18.2
      vertex 62.9799 3.5799 18.2
    endloop
  endfacet
  facet normal 0 0 1
    outer loop
      vertex 56.3957 18.1962 18.2
      vertex 62.6458 32.1348 18.2
      vertex 62.2712 31.9052 18.2
    endloop
  endfacet
  facet normal 0 0 1
    outer loop
      vertex 62.9799 3.5799 18.2
      vertex 56.4505 17.5 18.2
      vertex 62.6458 3.86525 18.2
    endloop
  endfacet
  facet normal 0 0 1
    outer loop
      vertex 56.2327 18.8753 18.2
      vertex 62.2712 31.9052 18.2
      vertex 61.8652 31.737 18.2
    endloop
  endfacet
  facet normal -0 0 1
    outer loop
      vertex 56.403 16.8969 18.2
      vertex 62.6458 3.86525 18.2
      vertex 56.4505 17.5 18.2
    endloop
  endfacet
  facet normal 0 0 1
    outer loop
      vertex 55.9654 19.5205 18.2
      vertex 61.8652 31.737 18.2
      vertex 61.438 31.6345 18.2
    endloop
  endfacet
  facet normal -0 0 1
    outer loop
      vertex 56.3957 16.8038 18.2
      vertex 62.6458 3.86525 18.2
      vertex 56.403 16.8969 18.2
    endloop
  endfacet
  facet normal 0 0 1
    outer loop
      vertex 55.6005 20.1159 18.2
      vertex 61.438 31.6345 18.2
      vertex 61 31.6 18.2
    endloop
  endfacet
  facet normal 0 0 1
    outer loop
      vertex 62.6458 3.86525 18.2
      vertex 56.3957 16.8038 18.2
      vertex 62.2712 4.09482 18.2
    endloop
  endfacet
  facet normal 0 0 1
    outer loop
      vertex 55.147 20.647 18.2
      vertex 61 31.6 18.2
      vertex 60.562 31.6345 18.2
    endloop
  endfacet
  facet normal -0 0 1
    outer loop
      vertex 56.3739 16.713 18.2
      vertex 62.2712 4.09482 18.2
      vertex 56.3957 16.8038 18.2
    endloop
  endfacet
  facet normal 0 0 1
    outer loop
      vertex 54.6869 21.0399 18.2
      vertex 60.562 31.6345 18.2
      vertex 60.1348 31.737 18.2
    endloop
  endfacet
  facet normal -0 0 1
    outer loop
      vertex 56.2327 16.1247 18.2
      vertex 62.2712 4.09482 18.2
      vertex 56.3739 16.713 18.2
    endloop
  endfacet
  facet normal 0 0 1
    outer loop
      vertex 54.6159 21.1005 18.2
      vertex 60.1348 31.737 18.2
      vertex 59.7288 31.9052 18.2
    endloop
  endfacet
  facet normal 0 0 1
    outer loop
      vertex 62.2712 4.09482 18.2
      vertex 56.2327 16.1247 18.2
      vertex 61.8652 4.26296 18.2
    endloop
  endfacet
  facet normal 0 0 1
    outer loop
      vertex 54.0205 21.4654 18.2
      vertex 59.7288 31.9052 18.2
      vertex 59.3542 32.1348 18.2
    endloop
  endfacet
  facet normal -0 0 1
    outer loop
      vertex 56.1969 16.0384 18.2
      vertex 61.8652 4.26296 18.2
      vertex 56.2327 16.1247 18.2
    endloop
  endfacet
  facet normal 0 0 1
    outer loop
      vertex 53.3753 21.7327 18.2
      vertex 59.3542 32.1348 18.2
      vertex 59.0201 32.4201 18.2
    endloop
  endfacet
  facet normal -0 0 1
    outer loop
      vertex 55.9654 15.4795 18.2
      vertex 61.8652 4.26296 18.2
      vertex 56.1969 16.0384 18.2
    endloop
  endfacet
  facet normal 0 0 1
    outer loop
      vertex 52.6962 21.8957 18.2
      vertex 59.0201 32.4201 18.2
      vertex 58.7348 32.7542 18.2
    endloop
  endfacet
  facet normal 0 0 1
    outer loop
      vertex 61.8652 4.26296 18.2
      vertex 55.9654 15.4795 18.2
      vertex 61.438 4.36553 18.2
    endloop
  endfacet
  facet normal 0 0 1
    outer loop
      vertex 52 21.9505 18.2
      vertex 58.7348 32.7542 18.2
      vertex 58.5052 33.1288 18.2
    endloop
  endfacet
  facet normal -0 0 1
    outer loop
      vertex 55.9166 15.3999 18.2
      vertex 61.438 4.36553 18.2
      vertex 55.9654 15.4795 18.2
    endloop
  endfacet
  facet normal 0 0 1
    outer loop
      vertex 44.5 28 18.2
      vertex 58.5052 33.1288 18.2
      vertex 58.337 33.5348 18.2
    endloop
  endfacet
  facet normal 0 0 1
    outer loop
      vertex 61.438 4.36553 18.2
      vertex 55.9166 15.3999 18.2
      vertex 61 4.4 18.2
    endloop
  endfacet
  facet normal 0 0 1
    outer loop
      vertex 44.5 28 18.2
      vertex 58.337 33.5348 18.2
      vertex 58.2345 33.962 18.2
    endloop
  endfacet
  facet normal -0 0 1
    outer loop
      vertex 55.6005 14.8841 18.2
      vertex 61 4.4 18.2
      vertex 55.9166 15.3999 18.2
    endloop
  endfacet
  facet normal 0 0 1
    outer loop
      vertex 44.5 28 18.2
      vertex 58.2345 33.962 18.2
      vertex 58.2 34.4 18.2
    endloop
  endfacet
  facet normal -0 0 1
    outer loop
      vertex 55.5398 14.8131 18.2
      vertex 61 4.4 18.2
      vertex 55.6005 14.8841 18.2
    endloop
  endfacet
  facet normal 0 0 1
    outer loop
      vertex 63.4948 35.6712 18.2
      vertex 67.2 36.2 18.2
      vertex 67.1631 36.6693 18.2
    endloop
  endfacet
  facet normal 0 0 1
    outer loop
      vertex 63.7655 33.962 18.2
      vertex 67.2 36.2 18.2
      vertex 63.8 34.4 18.2
    endloop
  endfacet
  facet normal 0 0 1
    outer loop
      vertex 63.4948 35.6712 18.2
      vertex 67.1631 36.6693 18.2
      vertex 67.0532 37.1271 18.2
    endloop
  endfacet
  facet normal 0 0 1
    outer loop
      vertex 63.663 33.5348 18.2
      vertex 67.2 36.2 18.2
      vertex 63.7655 33.962 18.2
    endloop
  endfacet
  facet normal 0 0 1
    outer loop
      vertex 63.4948 35.6712 18.2
      vertex 67.0532 37.1271 18.2
      vertex 66.873 37.562 18.2
    endloop
  endfacet
  facet normal -0 0 1
    outer loop
      vertex 63.7655 1.16198 18.2
      vertex 67.2 -0.2 18.2
      vertex 63.8 1.6 18.2
    endloop
  endfacet
  facet normal 0 0 1
    outer loop
      vertex 63.4948 35.6712 18.2
      vertex 66.873 37.562 18.2
      vertex 66.6271 37.9634 18.2
    endloop
  endfacet
  facet normal -0 0 1
    outer loop
      vertex 63.663 0.734753 18.2
      vertex 67.2 -0.2 18.2
      vertex 63.7655 1.16198 18.2
    endloop
  endfacet
  facet normal 0 0 1
    outer loop
      vertex 63.2652 36.0458 18.2
      vertex 66.6271 37.9634 18.2
      vertex 66.3213 38.3213 18.2
    endloop
  endfacet
  facet normal -0 0 1
    outer loop
      vertex 63.4948 0.328827 18.2
      vertex 67.2 -0.2 18.2
      vertex 63.663 0.734753 18.2
    endloop
  endfacet
  facet normal 0 0 1
    outer loop
      vertex 63.2652 36.0458 18.2
      vertex 66.3213 38.3213 18.2
      vertex 65.9634 38.6271 18.2
    endloop
  endfacet
  facet normal 0 0 1
    outer loop
      vertex 67.2 -0.2 18.2
      vertex 63.4948 0.328827 18.2
      vertex 67.1631 -0.669303 18.2
    endloop
  endfacet
  facet normal 0 0 1
    outer loop
      vertex 63.2652 36.0458 18.2
      vertex 65.9634 38.6271 18.2
      vertex 65.562 38.873 18.2
    endloop
  endfacet
  facet normal 0 0 1
    outer loop
      vertex 67.1631 -0.669303 18.2
      vertex 63.4948 0.328827 18.2
      vertex 67.0532 -1.12705 18.2
    endloop
  endfacet
  facet normal 0 0 1
    outer loop
      vertex 63.2652 36.0458 18.2
      vertex 65.562 38.873 18.2
      vertex 65.1271 39.0532 18.2
    endloop
  endfacet
  facet normal 0 0 1
    outer loop
      vertex 67.0532 -1.12705 18.2
      vertex 63.4948 0.328827 18.2
      vertex 66.873 -1.56197 18.2
    endloop
  endfacet
  facet normal 0 0 1
    outer loop
      vertex 63.2652 36.0458 18.2
      vertex 65.1271 39.0532 18.2
      vertex 64.6693 39.1631 18.2
    endloop
  endfacet
  facet normal 0 0 1
    outer loop
      vertex 66.873 -1.56197 18.2
      vertex 63.4948 0.328827 18.2
      vertex 66.6271 -1.96336 18.2
    endloop
  endfacet
  facet normal 0 0 1
    outer loop
      vertex 62.9799 36.3799 18.2
      vertex 64.6693 39.1631 18.2
      vertex 64.2 39.2 18.2
    endloop
  endfacet
  facet normal -0 0 1
    outer loop
      vertex 63.2652 -0.0457987 18.2
      vertex 66.6271 -1.96336 18.2
      vertex 63.4948 0.328827 18.2
    endloop
  endfacet
  facet normal 0 0 1
    outer loop
      vertex 66.6271 -1.96336 18.2
      vertex 63.2652 -0.0457987 18.2
      vertex 66.3213 -2.32132 18.2
    endloop
  endfacet
  facet normal 0 0 1
    outer loop
      vertex 67.2 36.2 18.2
      vertex 63.7655 34.838 18.2
      vertex 63.8 34.4 18.2
    endloop
  endfacet
  facet normal 0 0 1
    outer loop
      vertex 67.2 36.2 18.2
      vertex 63.663 35.2652 18.2
      vertex 63.7655 34.838 18.2
    endloop
  endfacet
  facet normal 0 0 1
    outer loop
      vertex 67.2 36.2 18.2
      vertex 63.4948 35.6712 18.2
      vertex 63.663 35.2652 18.2
    endloop
  endfacet
  facet normal 0 0 1
    outer loop
      vertex 66.6271 37.9634 18.2
      vertex 63.2652 36.0458 18.2
      vertex 63.4948 35.6712 18.2
    endloop
  endfacet
  facet normal 0 0 1
    outer loop
      vertex 64.6693 39.1631 18.2
      vertex 62.9799 36.3799 18.2
      vertex 63.2652 36.0458 18.2
    endloop
  endfacet
  facet normal 0 0 1
    outer loop
      vertex 64.2 39.2 18.2
      vertex 62.6458 36.6652 18.2
      vertex 62.9799 36.3799 18.2
    endloop
  endfacet
  facet normal 0 0 1
    outer loop
      vertex 64.2 39.2 18.2
      vertex 62.2712 36.8948 18.2
      vertex 62.6458 36.6652 18.2
    endloop
  endfacet
  facet normal 0 0 1
    outer loop
      vertex 64.2 39.2 18.2
      vertex 61.8652 37.063 18.2
      vertex 62.2712 36.8948 18.2
    endloop
  endfacet
  facet normal 0 0 1
    outer loop
      vertex 64.2 39.2 18.2
      vertex 61.438 37.1655 18.2
      vertex 61.8652 37.063 18.2
    endloop
  endfacet
  facet normal 0 0 1
    outer loop
      vertex 64.2 39.2 18.2
      vertex 61 37.2 18.2
      vertex 61.438 37.1655 18.2
    endloop
  endfacet
  facet normal 0 0 1
    outer loop
      vertex 64.2 39.2 18.2
      vertex 60.562 37.1655 18.2
      vertex 61 37.2 18.2
    endloop
  endfacet
  facet normal 0 0 1
    outer loop
      vertex 64.2 39.2 18.2
      vertex 60.1348 37.063 18.2
      vertex 60.562 37.1655 18.2
    endloop
  endfacet
  facet normal 0 0 1
    outer loop
      vertex 64.2 39.2 18.2
      vertex 59.7288 36.8948 18.2
      vertex 60.1348 37.063 18.2
    endloop
  endfacet
  facet normal 0 0 1
    outer loop
      vertex 61 4.4 18.2
      vertex 55.5398 14.8131 18.2
      vertex 60.562 4.36553 18.2
    endloop
  endfacet
  facet normal 0 0 1
    outer loop
      vertex 44.5 28 18.2
      vertex 58.2 34.4 18.2
      vertex 58.2345 34.838 18.2
    endloop
  endfacet
  facet normal 0 0 1
    outer loop
      vertex 62.6458 32.1348 18.2
      vertex 56.403 18.1031 18.2
      vertex 56.4505 17.5 18.2
    endloop
  endfacet
  facet normal 0 0 1
    outer loop
      vertex 62.6458 32.1348 18.2
      vertex 56.3957 18.1962 18.2
      vertex 56.403 18.1031 18.2
    endloop
  endfacet
  facet normal 0 0 1
    outer loop
      vertex 62.2712 31.9052 18.2
      vertex 56.3739 18.287 18.2
      vertex 56.3957 18.1962 18.2
    endloop
  endfacet
  facet normal 0 0 1
    outer loop
      vertex 62.2712 31.9052 18.2
      vertex 56.2327 18.8753 18.2
      vertex 56.3739 18.287 18.2
    endloop
  endfacet
  facet normal 0 0 1
    outer loop
      vertex 61.8652 31.737 18.2
      vertex 56.1969 18.9616 18.2
      vertex 56.2327 18.8753 18.2
    endloop
  endfacet
  facet normal 0 0 1
    outer loop
      vertex 61.8652 31.737 18.2
      vertex 55.9654 19.5205 18.2
      vertex 56.1969 18.9616 18.2
    endloop
  endfacet
  facet normal 0 0 1
    outer loop
      vertex 61.438 31.6345 18.2
      vertex 55.9166 19.6001 18.2
      vertex 55.9654 19.5205 18.2
    endloop
  endfacet
  facet normal 0 0 1
    outer loop
      vertex 61.438 31.6345 18.2
      vertex 55.6005 20.1159 18.2
      vertex 55.9166 19.6001 18.2
    endloop
  endfacet
  facet normal 0 0 1
    outer loop
      vertex 61 31.6 18.2
      vertex 55.5398 20.1869 18.2
      vertex 55.6005 20.1159 18.2
    endloop
  endfacet
  facet normal 0 0 1
    outer loop
      vertex 61 31.6 18.2
      vertex 55.147 20.647 18.2
      vertex 55.5398 20.1869 18.2
    endloop
  endfacet
  facet normal 0 0 1
    outer loop
      vertex 60.562 31.6345 18.2
      vertex 54.6869 21.0399 18.2
      vertex 55.147 20.647 18.2
    endloop
  endfacet
  facet normal 0 0 1
    outer loop
      vertex 44.5 28 18.2
      vertex 58.2345 34.838 18.2
      vertex 58.337 35.2652 18.2
    endloop
  endfacet
  facet normal 0 0 1
    outer loop
      vertex 60.1348 31.737 18.2
      vertex 54.6159 21.1005 18.2
      vertex 54.6869 21.0399 18.2
    endloop
  endfacet
  facet normal 0 0 1
    outer loop
      vertex 59.7288 31.9052 18.2
      vertex 54.1001 21.4166 18.2
      vertex 54.6159 21.1005 18.2
    endloop
  endfacet
  facet normal 0 0 1
    outer loop
      vertex 59.7288 31.9052 18.2
      vertex 54.0205 21.4654 18.2
      vertex 54.1001 21.4166 18.2
    endloop
  endfacet
  facet normal 0 0 1
    outer loop
      vertex 59.3542 32.1348 18.2
      vertex 53.4616 21.6969 18.2
      vertex 54.0205 21.4654 18.2
    endloop
  endfacet
  facet normal 0 0 1
    outer loop
      vertex 59.3542 32.1348 18.2
      vertex 53.3753 21.7327 18.2
      vertex 53.4616 21.6969 18.2
    endloop
  endfacet
  facet normal 0 0 1
    outer loop
      vertex 59.0201 32.4201 18.2
      vertex 52.787 21.8739 18.2
      vertex 53.3753 21.7327 18.2
    endloop
  endfacet
  facet normal 0 0 1
    outer loop
      vertex 44.5 28 18.2
      vertex 58.337 35.2652 18.2
      vertex 58.5052 35.6712 18.2
    endloop
  endfacet
  facet normal 0 0 1
    outer loop
      vertex 59.0201 32.4201 18.2
      vertex 52.6962 21.8957 18.2
      vertex 52.787 21.8739 18.2
    endloop
  endfacet
  facet normal 0 0 1
    outer loop
      vertex 58.7348 32.7542 18.2
      vertex 52.6031 21.903 18.2
      vertex 52.6962 21.8957 18.2
    endloop
  endfacet
  facet normal 0 0 1
    outer loop
      vertex 58.7348 32.7542 18.2
      vertex 52 21.9505 18.2
      vertex 52.6031 21.903 18.2
    endloop
  endfacet
  facet normal 0 0 1
    outer loop
      vertex 58.5052 33.1288 18.2
      vertex 44.5 28 18.2
      vertex 52 21.9505 18.2
    endloop
  endfacet
  facet normal 0 0 1
    outer loop
      vertex 52 21.9505 18.2
      vertex 44.5 28 18.2
      vertex 51.3969 21.903 18.2
    endloop
  endfacet
  facet normal 0 0 1
    outer loop
      vertex 51.3969 21.903 18.2
      vertex 44.5 28 18.2
      vertex 51.3038 21.8957 18.2
    endloop
  endfacet
  facet normal 0 0 1
    outer loop
      vertex 51.3038 21.8957 18.2
      vertex 44.5 28 18.2
      vertex 51.213 21.8739 18.2
    endloop
  endfacet
  facet normal 0 0 1
    outer loop
      vertex 51.213 21.8739 18.2
      vertex 44.5 28 18.2
      vertex 50.6247 21.7327 18.2
    endloop
  endfacet
  facet normal 0 0 1
    outer loop
      vertex 50.6247 21.7327 18.2
      vertex 44.5 28 18.2
      vertex 50.5384 21.6969 18.2
    endloop
  endfacet
  facet normal 0 0 1
    outer loop
      vertex 50.5384 21.6969 18.2
      vertex 44.5 28 18.2
      vertex 49.9795 21.4654 18.2
    endloop
  endfacet
  facet normal 0 0 1
    outer loop
      vertex 49.9795 21.4654 18.2
      vertex 44.5 28 18.2
      vertex 49.8999 21.4166 18.2
    endloop
  endfacet
  facet normal 0 0 1
    outer loop
      vertex 44.5 28 18.2
      vertex 58.5052 35.6712 18.2
      vertex 58.7348 36.0458 18.2
    endloop
  endfacet
  facet normal 0 0 1
    outer loop
      vertex 49.8999 21.4166 18.2
      vertex 44.5 28 18.2
      vertex 49.3841 21.1005 18.2
    endloop
  endfacet
  facet normal 0 0 1
    outer loop
      vertex 49.3841 21.1005 18.2
      vertex 44.5 28 18.2
      vertex 49.313 21.0399 18.2
    endloop
  endfacet
  facet normal 0 0 1
    outer loop
      vertex 49.313 21.0399 18.2
      vertex 44.5 28 18.2
      vertex 48.853 20.647 18.2
    endloop
  endfacet
  facet normal 0 0 1
    outer loop
      vertex 48.853 20.647 18.2
      vertex 44.5 28 18.2
      vertex 48.4601 20.1869 18.2
    endloop
  endfacet
  facet normal 0 0 1
    outer loop
      vertex 44.5 28 18.2
      vertex 48.0834 19.6001 18.2
      vertex 48.3995 20.1159 18.2
    endloop
  endfacet
  facet normal 0 0 1
    outer loop
      vertex 44.5 28 18.2
      vertex 47.8031 18.9616 18.2
      vertex 48.0346 19.5205 18.2
    endloop
  endfacet
  facet normal 0 0 1
    outer loop
      vertex 47.5569 17.5931 18.2
      vertex 44.5 28 18.2
      vertex 47.5495 17.5 18.2
    endloop
  endfacet
  facet normal 0 0 1
    outer loop
      vertex 47.6043 18.1962 18.2
      vertex 44.5 28 18.2
      vertex 47.5569 17.5931 18.2
    endloop
  endfacet
  facet normal 0 0 1
    outer loop
      vertex 47.6261 18.287 18.2
      vertex 44.5 28 18.2
      vertex 47.6043 18.1962 18.2
    endloop
  endfacet
  facet normal 0 0 1
    outer loop
      vertex 47.7673 18.8753 18.2
      vertex 44.5 28 18.2
      vertex 47.6261 18.287 18.2
    endloop
  endfacet
  facet normal 0 0 1
    outer loop
      vertex 47.8031 18.9616 18.2
      vertex 44.5 28 18.2
      vertex 47.7673 18.8753 18.2
    endloop
  endfacet
  facet normal 0 0 1
    outer loop
      vertex 48.0834 19.6001 18.2
      vertex 44.5 28 18.2
      vertex 48.0346 19.5205 18.2
    endloop
  endfacet
  facet normal 0 0 1
    outer loop
      vertex 48.4601 20.1869 18.2
      vertex 44.5 28 18.2
      vertex 48.3995 20.1159 18.2
    endloop
  endfacet
  facet normal 0 0 1
    outer loop
      vertex 42 28 18.2
      vertex 58.7348 36.0458 18.2
      vertex 59.0201 36.3799 18.2
    endloop
  endfacet
  facet normal 0 0 1
    outer loop
      vertex 37 28 18.2
      vertex 59.0201 36.3799 18.2
      vertex 59.3542 36.6652 18.2
    endloop
  endfacet
  facet normal 0 0 1
    outer loop
      vertex 4.6458 36.6652 18.2
      vertex 59.3542 36.6652 18.2
      vertex 59.7288 36.8948 18.2
    endloop
  endfacet
  facet normal 0 0 1
    outer loop
      vertex 58.7348 36.0458 18.2
      vertex 42 28 18.2
      vertex 44.5 28 18.2
    endloop
  endfacet
  facet normal 0 0 1
    outer loop
      vertex 4.27117 36.8948 18.2
      vertex 59.7288 36.8948 18.2
      vertex 64.2 39.2 18.2
    endloop
  endfacet
  facet normal 0 0 1
    outer loop
      vertex 42 28 18.2
      vertex 39.5 28 18.2
      vertex 42 8 18.2
    endloop
  endfacet
  facet normal 0 0 1
    outer loop
      vertex 59.0201 36.3799 18.2
      vertex 39.5 28 18.2
      vertex 42 28 18.2
    endloop
  endfacet
  facet normal 0 0 1
    outer loop
      vertex 59.0201 36.3799 18.2
      vertex 37 28 18.2
      vertex 39.5 28 18.2
    endloop
  endfacet
  facet normal 0 0 1
    outer loop
      vertex 37 28 18.2
      vertex 34.5 28 18.2
      vertex 37 8 18.2
    endloop
  endfacet
  facet normal 0 0 1
    outer loop
      vertex 59.3542 36.6652 18.2
      vertex 34.5 28 18.2
      vertex 37 28 18.2
    endloop
  endfacet
  facet normal 0 0 1
    outer loop
      vertex 59.3542 36.6652 18.2
      vertex 32 28 18.2
      vertex 34.5 28 18.2
    endloop
  endfacet
  facet normal 0 0 1
    outer loop
      vertex 32 28 18.2
      vertex 29.5 28 18.2
      vertex 32 8 18.2
    endloop
  endfacet
  facet normal 0 0 1
    outer loop
      vertex 59.3542 36.6652 18.2
      vertex 4.6458 36.6652 18.2
      vertex 32 28 18.2
    endloop
  endfacet
  facet normal 0 0 1
    outer loop
      vertex 32 28 18.2
      vertex 4.6458 36.6652 18.2
      vertex 29.5 28 18.2
    endloop
  endfacet
  facet normal 0 0 1
    outer loop
      vertex 27 28 18.2
      vertex 24.5 28 18.2
      vertex 27 8 18.2
    endloop
  endfacet
  facet normal 0 0 1
    outer loop
      vertex 29.5 28 18.2
      vertex 4.6458 36.6652 18.2
      vertex 27 28 18.2
    endloop
  endfacet
  facet normal -0 -0 1
    outer loop
      vertex 4.9799 36.3799 18.2
      vertex 27 28 18.2
      vertex 4.6458 36.6652 18.2
    endloop
  endfacet
  facet normal -0 0 1
    outer loop
      vertex 5.76553 33.962 18.2
      vertex 22 28 18.2
      vertex 5.8 34.4 18.2
    endloop
  endfacet
  facet normal 0 0 1
    outer loop
      vertex 27 28 18.2
      vertex 4.9799 36.3799 18.2
      vertex 24.5 28 18.2
    endloop
  endfacet
  facet normal 0 0 1
    outer loop
      vertex 22 28 18.2
      vertex 5.76553 34.838 18.2
      vertex 5.8 34.4 18.2
    endloop
  endfacet
  facet normal 0 0 1
    outer loop
      vertex 22 28 18.2
      vertex 5.66296 35.2652 18.2
      vertex 5.76553 34.838 18.2
    endloop
  endfacet
  facet normal 0 0 1
    outer loop
      vertex 22 28 18.2
      vertex 5.49482 35.6712 18.2
      vertex 5.66296 35.2652 18.2
    endloop
  endfacet
  facet normal 0 0 1
    outer loop
      vertex 22 28 18.2
      vertex 5.26525 36.0458 18.2
      vertex 5.49482 35.6712 18.2
    endloop
  endfacet
  facet normal 0 0 1
    outer loop
      vertex 22 28 18.2
      vertex 4.9799 36.3799 18.2
      vertex 5.26525 36.0458 18.2
    endloop
  endfacet
  facet normal 0 0 1
    outer loop
      vertex 24.5 28 18.2
      vertex 4.9799 36.3799 18.2
      vertex 22 28 18.2
    endloop
  endfacet
  facet normal 0 0 1
    outer loop
      vertex 59.7288 36.8948 18.2
      vertex 4.27117 36.8948 18.2
      vertex 4.6458 36.6652 18.2
    endloop
  endfacet
  facet normal 0 0 1
    outer loop
      vertex 64.2 39.2 18.2
      vertex 3.86525 37.063 18.2
      vertex 4.27117 36.8948 18.2
    endloop
  endfacet
  facet normal 0 0 1
    outer loop
      vertex 64.2 39.2 18.2
      vertex 3.43802 37.1655 18.2
      vertex 3.86525 37.063 18.2
    endloop
  endfacet
  facet normal -0 0 1
    outer loop
      vertex -4.2 39.2 18.2
      vertex 3.43802 37.1655 18.2
      vertex 64.2 39.2 18.2
    endloop
  endfacet
  facet normal 0 0 1
    outer loop
      vertex 0.234473 34.838 18.2
      vertex -7.2 36.2 18.2
      vertex 0.200001 34.4 18.2
    endloop
  endfacet
  facet normal -0 0 1
    outer loop
      vertex -7.2 36.2 18.2
      vertex 0.234473 34.838 18.2
      vertex -4.2 39.2 18.2
    endloop
  endfacet
  facet normal 0 0 1
    outer loop
      vertex 0.337042 35.2652 18.2
      vertex -4.2 39.2 18.2
      vertex 0.234473 34.838 18.2
    endloop
  endfacet
  facet normal 0 0 1
    outer loop
      vertex 0.505182 35.6712 18.2
      vertex -4.2 39.2 18.2
      vertex 0.337042 35.2652 18.2
    endloop
  endfacet
  facet normal 0 0 1
    outer loop
      vertex 0.734753 36.0458 18.2
      vertex -4.2 39.2 18.2
      vertex 0.505182 35.6712 18.2
    endloop
  endfacet
  facet normal 0 0 1
    outer loop
      vertex 1.0201 36.3799 18.2
      vertex -4.2 39.2 18.2
      vertex 0.734753 36.0458 18.2
    endloop
  endfacet
  facet normal 0 0 1
    outer loop
      vertex 1.3542 36.6652 18.2
      vertex -4.2 39.2 18.2
      vertex 1.0201 36.3799 18.2
    endloop
  endfacet
  facet normal 0 0 1
    outer loop
      vertex 1.72883 36.8948 18.2
      vertex -4.2 39.2 18.2
      vertex 1.3542 36.6652 18.2
    endloop
  endfacet
  facet normal 0 0 1
    outer loop
      vertex 2.13475 37.063 18.2
      vertex -4.2 39.2 18.2
      vertex 1.72883 36.8948 18.2
    endloop
  endfacet
  facet normal 0 0 1
    outer loop
      vertex 2.56198 37.1655 18.2
      vertex -4.2 39.2 18.2
      vertex 2.13475 37.063 18.2
    endloop
  endfacet
  facet normal 0 0 1
    outer loop
      vertex 3 37.2 18.2
      vertex -4.2 39.2 18.2
      vertex 2.56198 37.1655 18.2
    endloop
  endfacet
  facet normal 0 0 1
    outer loop
      vertex 3.43802 37.1655 18.2
      vertex -4.2 39.2 18.2
      vertex 3 37.2 18.2
    endloop
  endfacet
  facet normal 0 0 1
    outer loop
      vertex 66.3213 -2.32132 18.2
      vertex 63.2652 -0.0457987 18.2
      vertex 65.9634 -2.62705 18.2
    endloop
  endfacet
  facet normal 0 0 1
    outer loop
      vertex 65.9634 -2.62705 18.2
      vertex 63.2652 -0.0457987 18.2
      vertex 65.562 -2.87302 18.2
    endloop
  endfacet
  facet normal 0 0 1
    outer loop
      vertex 65.562 -2.87302 18.2
      vertex 63.2652 -0.0457987 18.2
      vertex 65.1271 -3.05317 18.2
    endloop
  endfacet
  facet normal 0 0 1
    outer loop
      vertex 65.1271 -3.05317 18.2
      vertex 63.2652 -0.0457987 18.2
      vertex 64.6693 -3.16306 18.2
    endloop
  endfacet
  facet normal -0 0 1
    outer loop
      vertex 62.9799 -0.379898 18.2
      vertex 64.6693 -3.16306 18.2
      vertex 63.2652 -0.0457987 18.2
    endloop
  endfacet
  facet normal 0 0 1
    outer loop
      vertex 64.6693 -3.16306 18.2
      vertex 62.9799 -0.379898 18.2
      vertex 64.2 -3.2 18.2
    endloop
  endfacet
  facet normal -0 0 1
    outer loop
      vertex 62.6458 -0.665247 18.2
      vertex 64.2 -3.2 18.2
      vertex 62.9799 -0.379898 18.2
    endloop
  endfacet
  facet normal -0 0 1
    outer loop
      vertex 62.2712 -0.894818 18.2
      vertex 64.2 -3.2 18.2
      vertex 62.6458 -0.665247 18.2
    endloop
  endfacet
  facet normal -0 0 1
    outer loop
      vertex 61.8652 -1.06296 18.2
      vertex 64.2 -3.2 18.2
      vertex 62.2712 -0.894818 18.2
    endloop
  endfacet
  facet normal -0 0 1
    outer loop
      vertex 61.438 -1.16553 18.2
      vertex 64.2 -3.2 18.2
      vertex 61.8652 -1.06296 18.2
    endloop
  endfacet
  facet normal -0 0 1
    outer loop
      vertex 61 -1.2 18.2
      vertex 64.2 -3.2 18.2
      vertex 61.438 -1.16553 18.2
    endloop
  endfacet
  facet normal 0 0 1
    outer loop
      vertex 60.562 -1.16553 18.2
      vertex 64.2 -3.2 18.2
      vertex 61 -1.2 18.2
    endloop
  endfacet
  facet normal 0 0 1
    outer loop
      vertex 60.1348 -1.06296 18.2
      vertex 64.2 -3.2 18.2
      vertex 60.562 -1.16553 18.2
    endloop
  endfacet
  facet normal 0 0 1
    outer loop
      vertex 59.7288 -0.894818 18.2
      vertex 64.2 -3.2 18.2
      vertex 60.1348 -1.06296 18.2
    endloop
  endfacet
  facet normal -0 0 1
    outer loop
      vertex 55.147 14.353 18.2
      vertex 60.562 4.36553 18.2
      vertex 55.5398 14.8131 18.2
    endloop
  endfacet
  facet normal 0 0 1
    outer loop
      vertex 60.562 4.36553 18.2
      vertex 55.147 14.353 18.2
      vertex 60.1348 4.26296 18.2
    endloop
  endfacet
  facet normal -0 0 1
    outer loop
      vertex 54.6869 13.9601 18.2
      vertex 60.1348 4.26296 18.2
      vertex 55.147 14.353 18.2
    endloop
  endfacet
  facet normal -0 0 1
    outer loop
      vertex 54.6159 13.8995 18.2
      vertex 60.1348 4.26296 18.2
      vertex 54.6869 13.9601 18.2
    endloop
  endfacet
  facet normal 0 0 1
    outer loop
      vertex 60.1348 4.26296 18.2
      vertex 54.6159 13.8995 18.2
      vertex 59.7288 4.09482 18.2
    endloop
  endfacet
  facet normal -0 0 1
    outer loop
      vertex 54.1001 13.5834 18.2
      vertex 59.7288 4.09482 18.2
      vertex 54.6159 13.8995 18.2
    endloop
  endfacet
  facet normal -0 0 1
    outer loop
      vertex 54.0205 13.5346 18.2
      vertex 59.7288 4.09482 18.2
      vertex 54.1001 13.5834 18.2
    endloop
  endfacet
  facet normal 0 0 1
    outer loop
      vertex 59.7288 4.09482 18.2
      vertex 54.0205 13.5346 18.2
      vertex 59.3542 3.86525 18.2
    endloop
  endfacet
  facet normal -0 0 1
    outer loop
      vertex 53.4616 13.3031 18.2
      vertex 59.3542 3.86525 18.2
      vertex 54.0205 13.5346 18.2
    endloop
  endfacet
  facet normal -0 0 1
    outer loop
      vertex 53.3753 13.2673 18.2
      vertex 59.3542 3.86525 18.2
      vertex 53.4616 13.3031 18.2
    endloop
  endfacet
  facet normal 0 0 1
    outer loop
      vertex 59.3542 3.86525 18.2
      vertex 53.3753 13.2673 18.2
      vertex 59.0201 3.5799 18.2
    endloop
  endfacet
  facet normal -0 0 1
    outer loop
      vertex 52.787 13.1261 18.2
      vertex 59.0201 3.5799 18.2
      vertex 53.3753 13.2673 18.2
    endloop
  endfacet
  facet normal 0 0 1
    outer loop
      vertex 59.0201 3.5799 18.2
      vertex 52.787 13.1261 18.2
      vertex 58.7348 3.2458 18.2
    endloop
  endfacet
  facet normal -0 0 1
    outer loop
      vertex 52.6962 13.1043 18.2
      vertex 58.7348 3.2458 18.2
      vertex 52.787 13.1261 18.2
    endloop
  endfacet
  facet normal 0 0 1
    outer loop
      vertex 58.7348 3.2458 18.2
      vertex 52.6962 13.1043 18.2
      vertex 58.5052 2.87117 18.2
    endloop
  endfacet
  facet normal -0 0 1
    outer loop
      vertex 52.0931 13.0569 18.2
      vertex 58.5052 2.87117 18.2
      vertex 52.6962 13.1043 18.2
    endloop
  endfacet
  facet normal -0 0 1
    outer loop
      vertex 52 13.0495 18.2
      vertex 58.5052 2.87117 18.2
      vertex 52.0931 13.0569 18.2
    endloop
  endfacet
  facet normal -0 0 1
    outer loop
      vertex 44.5 8 18.2
      vertex 58.5052 2.87117 18.2
      vertex 52 13.0495 18.2
    endloop
  endfacet
  facet normal 0 0 1
    outer loop
      vertex 58.5052 2.87117 18.2
      vertex 44.5 8 18.2
      vertex 58.337 2.46525 18.2
    endloop
  endfacet
  facet normal 0 0 1
    outer loop
      vertex 58.337 2.46525 18.2
      vertex 44.5 8 18.2
      vertex 58.2345 2.03802 18.2
    endloop
  endfacet
  facet normal 0 0 1
    outer loop
      vertex 58.2345 2.03802 18.2
      vertex 44.5 8 18.2
      vertex 58.2 1.6 18.2
    endloop
  endfacet
  facet normal 0 0 1
    outer loop
      vertex 58.2 1.6 18.2
      vertex 44.5 8 18.2
      vertex 58.2345 1.16198 18.2
    endloop
  endfacet
  facet normal 0 0 1
    outer loop
      vertex 58.2345 1.16198 18.2
      vertex 44.5 8 18.2
      vertex 58.337 0.734753 18.2
    endloop
  endfacet
  facet normal 0 0 1
    outer loop
      vertex 44.5 8 18.2
      vertex 52 13.0495 18.2
      vertex 51.9069 13.0569 18.2
    endloop
  endfacet
  facet normal 0 0 1
    outer loop
      vertex 44.5 8 18.2
      vertex 51.9069 13.0569 18.2
      vertex 51.3038 13.1043 18.2
    endloop
  endfacet
  facet normal 0 0 1
    outer loop
      vertex 44.5 8 18.2
      vertex 51.3038 13.1043 18.2
      vertex 51.213 13.1261 18.2
    endloop
  endfacet
  facet normal 0 0 1
    outer loop
      vertex 44.5 8 18.2
      vertex 51.213 13.1261 18.2
      vertex 50.6247 13.2673 18.2
    endloop
  endfacet
  facet normal 0 0 1
    outer loop
      vertex 44.5 8 18.2
      vertex 50.6247 13.2673 18.2
      vertex 50.5384 13.3031 18.2
    endloop
  endfacet
  facet normal 0 0 1
    outer loop
      vertex 58.337 0.734753 18.2
      vertex 44.5 8 18.2
      vertex 58.5052 0.328827 18.2
    endloop
  endfacet
  facet normal 0 0 1
    outer loop
      vertex 44.5 8 18.2
      vertex 50.5384 13.3031 18.2
      vertex 49.9795 13.5346 18.2
    endloop
  endfacet
  facet normal 0 0 1
    outer loop
      vertex 44.5 8 18.2
      vertex 49.9795 13.5346 18.2
      vertex 49.8999 13.5834 18.2
    endloop
  endfacet
  facet normal 0 0 1
    outer loop
      vertex 44.5 8 18.2
      vertex 49.8999 13.5834 18.2
      vertex 49.3841 13.8995 18.2
    endloop
  endfacet
  facet normal 0 0 1
    outer loop
      vertex 44.5 8 18.2
      vertex 49.3841 13.8995 18.2
      vertex 49.313 13.9601 18.2
    endloop
  endfacet
  facet normal 0 0 1
    outer loop
      vertex 44.5 8 18.2
      vertex 49.313 13.9601 18.2
      vertex 48.853 14.353 18.2
    endloop
  endfacet
  facet normal 0 0 1
    outer loop
      vertex 44.5 8 18.2
      vertex 48.853 14.353 18.2
      vertex 48.4601 14.8131 18.2
    endloop
  endfacet
  facet normal 0 0 1
    outer loop
      vertex 44.5 8 18.2
      vertex 48.4601 14.8131 18.2
      vertex 48.3995 14.8841 18.2
    endloop
  endfacet
  facet normal 0 0 1
    outer loop
      vertex 44.5 8 18.2
      vertex 48.0834 15.3999 18.2
      vertex 48.0346 15.4795 18.2
    endloop
  endfacet
  facet normal 0 0 1
    outer loop
      vertex 44.5 8 18.2
      vertex 47.6261 16.713 18.2
      vertex 47.6043 16.8038 18.2
    endloop
  endfacet
  facet normal 0 0 1
    outer loop
      vertex 44.5 8 18.2
      vertex 47.5495 17.5 18.2
      vertex 44.5 28 18.2
    endloop
  endfacet
  facet normal 0 0 1
    outer loop
      vertex 47.5495 17.5 18.2
      vertex 44.5 8 18.2
      vertex 47.5569 17.4069 18.2
    endloop
  endfacet
  facet normal 0 0 1
    outer loop
      vertex 47.5569 17.4069 18.2
      vertex 44.5 8 18.2
      vertex 47.6043 16.8038 18.2
    endloop
  endfacet
  facet normal 0 0 1
    outer loop
      vertex 47.6261 16.713 18.2
      vertex 44.5 8 18.2
      vertex 47.7673 16.1247 18.2
    endloop
  endfacet
  facet normal 0 0 1
    outer loop
      vertex 44.5 8 18.2
      vertex 47.8031 16.0384 18.2
      vertex 47.7673 16.1247 18.2
    endloop
  endfacet
  facet normal 0 0 1
    outer loop
      vertex 44.5 8 18.2
      vertex 48.0346 15.4795 18.2
      vertex 47.8031 16.0384 18.2
    endloop
  endfacet
  facet normal 0 0 1
    outer loop
      vertex 48.0834 15.3999 18.2
      vertex 44.5 8 18.2
      vertex 48.3995 14.8841 18.2
    endloop
  endfacet
  facet normal 0 0 1
    outer loop
      vertex 58.5052 0.328827 18.2
      vertex 44.5 8 18.2
      vertex 58.7348 -0.0457987 18.2
    endloop
  endfacet
  facet normal -0 0 1
    outer loop
      vertex 42 8 18.2
      vertex 58.7348 -0.0457987 18.2
      vertex 44.5 8 18.2
    endloop
  endfacet
  facet normal 0 0 1
    outer loop
      vertex 58.7348 -0.0457987 18.2
      vertex 42 8 18.2
      vertex 59.0201 -0.379898 18.2
    endloop
  endfacet
  facet normal -0 0 1
    outer loop
      vertex 39.5 8 18.2
      vertex 59.0201 -0.379898 18.2
      vertex 42 8 18.2
    endloop
  endfacet
  facet normal -0 0 1
    outer loop
      vertex 37 8 18.2
      vertex 59.0201 -0.379898 18.2
      vertex 39.5 8 18.2
    endloop
  endfacet
  facet normal 0 0 1
    outer loop
      vertex 59.0201 -0.379898 18.2
      vertex 37 8 18.2
      vertex 59.3542 -0.665247 18.2
    endloop
  endfacet
  facet normal 0 0 1
    outer loop
      vertex 39.5 8 18.2
      vertex 42 8 18.2
      vertex 39.5 28 18.2
    endloop
  endfacet
  facet normal -0 0 1
    outer loop
      vertex 34.5 8 18.2
      vertex 59.3542 -0.665247 18.2
      vertex 37 8 18.2
    endloop
  endfacet
  facet normal -0 0 1
    outer loop
      vertex 32 8 18.2
      vertex 59.3542 -0.665247 18.2
      vertex 34.5 8 18.2
    endloop
  endfacet
  facet normal 0 0 1
    outer loop
      vertex 34.5 8 18.2
      vertex 37 8 18.2
      vertex 34.5 28 18.2
    endloop
  endfacet
  facet normal 0 0 1
    outer loop
      vertex 4.6458 -0.665247 18.2
      vertex 59.3542 -0.665247 18.2
      vertex 32 8 18.2
    endloop
  endfacet
  facet normal 0 0 1
    outer loop
      vertex 59.3542 -0.665247 18.2
      vertex 4.6458 -0.665247 18.2
      vertex 59.7288 -0.894818 18.2
    endloop
  endfacet
  facet normal 0 0 1
    outer loop
      vertex 29.5 8 18.2
      vertex 32 8 18.2
      vertex 29.5 28 18.2
    endloop
  endfacet
  facet normal 0 0 1
    outer loop
      vertex 4.6458 -0.665247 18.2
      vertex 32 8 18.2
      vertex 29.5 8 18.2
    endloop
  endfacet
  facet normal 0 0 1
    outer loop
      vertex 4.6458 -0.665247 18.2
      vertex 29.5 8 18.2
      vertex 27 8 18.2
    endloop
  endfacet
  facet normal 0 0 1
    outer loop
      vertex 24.5 8 18.2
      vertex 27 8 18.2
      vertex 24.5 28 18.2
    endloop
  endfacet
  facet normal 0 0 1
    outer loop
      vertex 4.9799 -0.379898 18.2
      vertex 27 8 18.2
      vertex 24.5 8 18.2
    endloop
  endfacet
  facet normal 0 0 1
    outer loop
      vertex 4.9799 -0.379898 18.2
      vertex 24.5 8 18.2
      vertex 22 8 18.2
    endloop
  endfacet
  facet normal -0 0 1
    outer loop
      vertex 5.66296 33.5348 18.2
      vertex 22 28 18.2
      vertex 5.76553 33.962 18.2
    endloop
  endfacet
  facet normal 0 0 1
    outer loop
      vertex 5.76553 1.16198 18.2
      vertex 22 8 18.2
      vertex 5.8 1.6 18.2
    endloop
  endfacet
  facet normal 0 0 1
    outer loop
      vertex 5.66296 0.734753 18.2
      vertex 22 8 18.2
      vertex 5.76553 1.16198 18.2
    endloop
  endfacet
  facet normal 0 0 1
    outer loop
      vertex 5.49482 0.328827 18.2
      vertex 22 8 18.2
      vertex 5.66296 0.734753 18.2
    endloop
  endfacet
  facet normal 0 0 1
    outer loop
      vertex 5.26525 -0.0457987 18.2
      vertex 22 8 18.2
      vertex 5.49482 0.328827 18.2
    endloop
  endfacet
  facet normal 0 0 1
    outer loop
      vertex 4.9799 -0.379898 18.2
      vertex 22 8 18.2
      vertex 5.26525 -0.0457987 18.2
    endloop
  endfacet
  facet normal 0 0 1
    outer loop
      vertex 27 8 18.2
      vertex 4.9799 -0.379898 18.2
      vertex 4.6458 -0.665247 18.2
    endloop
  endfacet
  facet normal 0 0 1
    outer loop
      vertex 4.27117 -0.894818 18.2
      vertex 59.7288 -0.894818 18.2
      vertex 4.6458 -0.665247 18.2
    endloop
  endfacet
  facet normal 0 0 1
    outer loop
      vertex 59.7288 -0.894818 18.2
      vertex 4.27117 -0.894818 18.2
      vertex 64.2 -3.2 18.2
    endloop
  endfacet
  facet normal -0 0 1
    outer loop
      vertex 3.86525 -1.06296 18.2
      vertex 64.2 -3.2 18.2
      vertex 4.27117 -0.894818 18.2
    endloop
  endfacet
  facet normal -0 0 1
    outer loop
      vertex 3.43802 -1.16553 18.2
      vertex 64.2 -3.2 18.2
      vertex 3.86525 -1.06296 18.2
    endloop
  endfacet
  facet normal 0 0 1
    outer loop
      vertex -4.2 -3.2 18.2
      vertex 3.43802 -1.16553 18.2
      vertex 3 -1.2 18.2
    endloop
  endfacet
  facet normal 0 0 1
    outer loop
      vertex 0.337042 2.46525 18.2
      vertex -7.2 -0.2 18.2
      vertex 0.234473 2.03802 18.2
    endloop
  endfacet
  facet normal 0 0 1
    outer loop
      vertex 3.43802 -1.16553 18.2
      vertex -4.2 -3.2 18.2
      vertex 64.2 -3.2 18.2
    endloop
  endfacet
  facet normal 0 0 1
    outer loop
      vertex 2.56198 -1.16553 18.2
      vertex -4.2 -3.2 18.2
      vertex 3 -1.2 18.2
    endloop
  endfacet
  facet normal 0 0 1
    outer loop
      vertex 2.13475 -1.06296 18.2
      vertex -4.2 -3.2 18.2
      vertex 2.56198 -1.16553 18.2
    endloop
  endfacet
  facet normal 0 0 1
    outer loop
      vertex 1.72883 -0.894818 18.2
      vertex -4.2 -3.2 18.2
      vertex 2.13475 -1.06296 18.2
    endloop
  endfacet
  facet normal 0 0 1
    outer loop
      vertex 1.3542 -0.665247 18.2
      vertex -4.2 -3.2 18.2
      vertex 1.72883 -0.894818 18.2
    endloop
  endfacet
  facet normal 0 0 1
    outer loop
      vertex 1.0201 -0.379898 18.2
      vertex -4.2 -3.2 18.2
      vertex 1.3542 -0.665247 18.2
    endloop
  endfacet
  facet normal 0 0 1
    outer loop
      vertex 0.734753 -0.0457987 18.2
      vertex -4.2 -3.2 18.2
      vertex 1.0201 -0.379898 18.2
    endloop
  endfacet
  facet normal 0 0 1
    outer loop
      vertex 0.505182 0.328827 18.2
      vertex -4.2 -3.2 18.2
      vertex 0.734753 -0.0457987 18.2
    endloop
  endfacet
  facet normal 0 0 1
    outer loop
      vertex 0.337042 0.734753 18.2
      vertex -4.2 -3.2 18.2
      vertex 0.505182 0.328827 18.2
    endloop
  endfacet
  facet normal 0 0 1
    outer loop
      vertex 0.234473 1.16198 18.2
      vertex -4.2 -3.2 18.2
      vertex 0.337042 0.734753 18.2
    endloop
  endfacet
  facet normal 0 0 1
    outer loop
      vertex 0.234473 2.03802 18.2
      vertex -7.2 -0.2 18.2
      vertex 0.200001 1.6 18.2
    endloop
  endfacet
  facet normal 0 0 1
    outer loop
      vertex -7.2 36.2 18.2
      vertex -4.2 39.2 18.2
      vertex -4.6693 39.1631 18.2
    endloop
  endfacet
  facet normal 0 0 1
    outer loop
      vertex 0.200001 1.6 18.2
      vertex -7.2 -0.2 18.2
      vertex 0.234473 1.16198 18.2
    endloop
  endfacet
  facet normal 0 0 1
    outer loop
      vertex -7.2 36.2 18.2
      vertex -4.6693 39.1631 18.2
      vertex -5.12705 39.0532 18.2
    endloop
  endfacet
  facet normal 0 0 1
    outer loop
      vertex 0.234473 1.16198 18.2
      vertex -7.2 -0.2 18.2
      vertex -4.2 -3.2 18.2
    endloop
  endfacet
  facet normal 0 0 1
    outer loop
      vertex -7.2 36.2 18.2
      vertex -5.12705 39.0532 18.2
      vertex -5.56197 38.873 18.2
    endloop
  endfacet
  facet normal 0 0 1
    outer loop
      vertex -4.2 -3.2 18.2
      vertex -7.2 -0.2 18.2
      vertex -4.6693 -3.16306 18.2
    endloop
  endfacet
  facet normal 0 0 1
    outer loop
      vertex -7.2 36.2 18.2
      vertex -5.56197 38.873 18.2
      vertex -5.96336 38.6271 18.2
    endloop
  endfacet
  facet normal 0 0 1
    outer loop
      vertex -4.6693 -3.16306 18.2
      vertex -7.2 -0.2 18.2
      vertex -5.12705 -3.05317 18.2
    endloop
  endfacet
  facet normal 0 0 1
    outer loop
      vertex -7.2 36.2 18.2
      vertex -5.96336 38.6271 18.2
      vertex -6.32132 38.3213 18.2
    endloop
  endfacet
  facet normal 0 0 1
    outer loop
      vertex -5.12705 -3.05317 18.2
      vertex -7.2 -0.2 18.2
      vertex -5.56197 -2.87302 18.2
    endloop
  endfacet
  facet normal 0 0 1
    outer loop
      vertex -7.2 36.2 18.2
      vertex -6.32132 38.3213 18.2
      vertex -6.62705 37.9634 18.2
    endloop
  endfacet
  facet normal 0 0 1
    outer loop
      vertex -5.56197 -2.87302 18.2
      vertex -7.2 -0.2 18.2
      vertex -5.96336 -2.62705 18.2
    endloop
  endfacet
  facet normal 0 0 1
    outer loop
      vertex -7.2 36.2 18.2
      vertex -6.62705 37.9634 18.2
      vertex -6.87302 37.562 18.2
    endloop
  endfacet
  facet normal 0 0 1
    outer loop
      vertex -5.96336 -2.62705 18.2
      vertex -7.2 -0.2 18.2
      vertex -6.32132 -2.32132 18.2
    endloop
  endfacet
  facet normal 0 0 1
    outer loop
      vertex -7.2 36.2 18.2
      vertex -6.87302 37.562 18.2
      vertex -7.05317 37.1271 18.2
    endloop
  endfacet
  facet normal 0 0 1
    outer loop
      vertex -6.32132 -2.32132 18.2
      vertex -7.2 -0.2 18.2
      vertex -6.62705 -1.96336 18.2
    endloop
  endfacet
  facet normal 0 0 1
    outer loop
      vertex -7.2 36.2 18.2
      vertex -7.05317 37.1271 18.2
      vertex -7.16306 36.6693 18.2
    endloop
  endfacet
  facet normal 0 0 1
    outer loop
      vertex -6.62705 -1.96336 18.2
      vertex -7.2 -0.2 18.2
      vertex -6.87302 -1.56197 18.2
    endloop
  endfacet
  facet normal 0 0 1
    outer loop
      vertex -6.87302 -1.56197 18.2
      vertex -7.2 -0.2 18.2
      vertex -7.05317 -1.12705 18.2
    endloop
  endfacet
  facet normal 0 0 1
    outer loop
      vertex -7.05317 -1.12705 18.2
      vertex -7.2 -0.2 18.2
      vertex -7.16306 -0.669303 18.2
    endloop
  endfacet
  facet normal -0.382775 0.923842 0
    outer loop
      vertex -5.12705 39.0532 0
      vertex -5.56197 38.873 18.2
      vertex -5.12705 39.0532 18.2
    endloop
  endfacet
  facet normal -0.382775 0.923842 0
    outer loop
      vertex -5.56197 38.873 18.2
      vertex -5.12705 39.0532 0
      vertex -5.56197 38.873 0
    endloop
  endfacet
  facet normal -0.382684 -0.923879 0
    outer loop
      vertex -5.56197 -2.87302 0
      vertex -5.12705 -3.05317 18.2
      vertex -5.56197 -2.87302 18.2
    endloop
  endfacet
  facet normal -0.382684 -0.923879 -0
    outer loop
      vertex -5.12705 -3.05317 18.2
      vertex -5.56197 -2.87302 0
      vertex -5.12705 -3.05317 0
    endloop
  endfacet
  facet normal -0.233433 -0.972373 0
    outer loop
      vertex -5.12705 -3.05317 0
      vertex -4.6693 -3.16306 18.2
      vertex -5.12705 -3.05317 18.2
    endloop
  endfacet
  facet normal -0.233433 -0.972373 -0
    outer loop
      vertex -4.6693 -3.16306 18.2
      vertex -5.12705 -3.05317 0
      vertex -4.6693 -3.16306 0
    endloop
  endfacet
  facet normal -0.0784703 -0.996916 0
    outer loop
      vertex -4.6693 -3.16306 0
      vertex -4.2 -3.2 18.2
      vertex -4.6693 -3.16306 18.2
    endloop
  endfacet
  facet normal -0.0784703 -0.996916 -0
    outer loop
      vertex -4.2 -3.2 18.2
      vertex -4.6693 -3.16306 0
      vertex -4.2 -3.2 0
    endloop
  endfacet
  facet normal -0.996915 -0.0784919 0
    outer loop
      vertex 65 35.1 0
      vertex 64.9766 35.3972 16
      vertex 64.9766 35.3972 0
    endloop
  endfacet
  facet normal -0.996915 -0.0784919 0
    outer loop
      vertex 64.9766 35.3972 16
      vertex 65 35.1 0
      vertex 65 35.1 16
    endloop
  endfacet
  facet normal 0.0784607 0.996917 -0
    outer loop
      vertex -3.1 -1 0
      vertex -3.39723 -0.976607 16
      vertex -3.1 -1 16
    endloop
  endfacet
  facet normal 0.0784607 0.996917 0
    outer loop
      vertex -3.39723 -0.976607 16
      vertex -3.1 -1 0
      vertex -3.39723 -0.976607 0
    endloop
  endfacet
  facet normal 0.0784841 -0.996915 0
    outer loop
      vertex -3.39723 36.9766 0
      vertex -3.1 37 16
      vertex -3.39723 36.9766 16
    endloop
  endfacet
  facet normal 0.0784841 -0.996915 0
    outer loop
      vertex -3.1 37 16
      vertex -3.39723 36.9766 0
      vertex -3.1 37 0
    endloop
  endfacet
  facet normal -0.522513 0.852631 0
    outer loop
      vertex 64.2168 -0.637132 0
      vertex 63.9626 -0.792912 16
      vertex 64.2168 -0.637132 16
    endloop
  endfacet
  facet normal -0.522513 0.852631 0
    outer loop
      vertex 63.9626 -0.792912 16
      vertex 64.2168 -0.637132 0
      vertex 63.9626 -0.792912 0
    endloop
  endfacet
  facet normal -0.522562 -0.852601 0
    outer loop
      vertex 63.9626 36.7929 0
      vertex 64.2168 36.6371 16
      vertex 63.9626 36.7929 16
    endloop
  endfacet
  facet normal -0.522562 -0.852601 -0
    outer loop
      vertex 64.2168 36.6371 16
      vertex 63.9626 36.7929 0
      vertex 64.2168 36.6371 0
    endloop
  endfacet
  facet normal 0 1 -0
    outer loop
      vertex 63.1 -1 0
      vertex 62.9446 -1 16
      vertex 63.1 -1 16
    endloop
  endfacet
  facet normal 0 1 0
    outer loop
      vertex 62.9446 -1 16
      vertex 63.1 -1 0
      vertex 62.9446 -1 0
    endloop
  endfacet
  facet normal 0 1 -0
    outer loop
      vertex 1.05539 -1 0
      vertex -3.1 -1 16
      vertex 1.05539 -1 16
    endloop
  endfacet
  facet normal 0 1 0
    outer loop
      vertex -3.1 -1 16
      vertex 1.05539 -1 0
      vertex -3.1 -1 0
    endloop
  endfacet
  facet normal 0 1 -0
    outer loop
      vertex 59.0554 -1 0
      vertex 4.94461 -1 16
      vertex 59.0554 -1 16
    endloop
  endfacet
  facet normal 0 1 0
    outer loop
      vertex 4.94461 -1 16
      vertex 59.0554 -1 0
      vertex 4.94461 -1 0
    endloop
  endfacet
  facet normal 0.972369 -0.233449 0
    outer loop
      vertex -4.97661 35.3972 16
      vertex -4.90701 35.6871 0
      vertex -4.90701 35.6871 16
    endloop
  endfacet
  facet normal 0.972369 -0.233449 0
    outer loop
      vertex -4.90701 35.6871 0
      vertex -4.97661 35.3972 16
      vertex -4.97661 35.3972 0
    endloop
  endfacet
  facet normal -0.0784686 0.996917 0
    outer loop
      vertex 63.3972 -0.976607 0
      vertex 63.1 -1 16
      vertex 63.3972 -0.976607 16
    endloop
  endfacet
  facet normal -0.0784686 0.996917 0
    outer loop
      vertex 63.1 -1 16
      vertex 63.3972 -0.976607 0
      vertex 63.1 -1 0
    endloop
  endfacet
  facet normal -0.382624 0.923904 0
    outer loop
      vertex 63.9626 -0.792912 0
      vertex 63.6871 -0.907007 16
      vertex 63.9626 -0.792912 16
    endloop
  endfacet
  facet normal -0.382624 0.923904 0
    outer loop
      vertex 63.6871 -0.907007 16
      vertex 63.9626 -0.792912 0
      vertex 63.6871 -0.907007 0
    endloop
  endfacet
  facet normal -0.649467 0.76039 0
    outer loop
      vertex 64.4435 -0.443502 0
      vertex 64.2168 -0.637132 16
      vertex 64.4435 -0.443502 16
    endloop
  endfacet
  facet normal -0.649467 0.76039 0
    outer loop
      vertex 64.2168 -0.637132 16
      vertex 64.4435 -0.443502 0
      vertex 64.2168 -0.637132 0
    endloop
  endfacet
  facet normal 0.522498 0.85264 -0
    outer loop
      vertex -3.96258 -0.792912 0
      vertex -4.21679 -0.637132 16
      vertex -3.96258 -0.792912 16
    endloop
  endfacet
  facet normal 0.522498 0.85264 0
    outer loop
      vertex -4.21679 -0.637132 16
      vertex -3.96258 -0.792912 0
      vertex -4.21679 -0.637132 0
    endloop
  endfacet
  facet normal 1 -0 0
    outer loop
      vertex -5 0.9 16
      vertex -5 35.1 0
      vertex -5 35.1 16
    endloop
  endfacet
  facet normal 1 0 0
    outer loop
      vertex -5 35.1 0
      vertex -5 0.9 16
      vertex -5 0.9 0
    endloop
  endfacet
  facet normal -1 0 0
    outer loop
      vertex 65 35.1 0
      vertex 65 29 9.5
      vertex 65 35.1 16
    endloop
  endfacet
  facet normal -1 0 0
    outer loop
      vertex 65 35.1 0
      vertex 65 7 9.5
      vertex 65 29 9.5
    endloop
  endfacet
  facet normal -1 0 0
    outer loop
      vertex 65 0.9 16
      vertex 65 7 9.5
      vertex 65 0.9 0
    endloop
  endfacet
  facet normal -1 0 0
    outer loop
      vertex 65 0.9 0
      vertex 65 7 9.5
      vertex 65 35.1 0
    endloop
  endfacet
  facet normal -1 0 0
    outer loop
      vertex 65 29 15.5
      vertex 65 35.1 16
      vertex 65 29 9.5
    endloop
  endfacet
  facet normal -1 0 0
    outer loop
      vertex 65 7 15.5
      vertex 65 35.1 16
      vertex 65 29 15.5
    endloop
  endfacet
  facet normal -1 0 0
    outer loop
      vertex 65 7 15.5
      vertex 65 0.9 16
      vertex 65 35.1 16
    endloop
  endfacet
  facet normal -1 0 0
    outer loop
      vertex 65 7 9.5
      vertex 65 0.9 16
      vertex 65 7 15.5
    endloop
  endfacet
  facet normal 0 -1 0
    outer loop
      vertex -3.1 37 0
      vertex 1.05539 37 16
      vertex -3.1 37 16
    endloop
  endfacet
  facet normal 0 -1 -0
    outer loop
      vertex 1.05539 37 16
      vertex -3.1 37 0
      vertex 1.05539 37 0
    endloop
  endfacet
  facet normal 0 -1 0
    outer loop
      vertex 62.9446 37 0
      vertex 63.1 37 16
      vertex 62.9446 37 16
    endloop
  endfacet
  facet normal 0 -1 -0
    outer loop
      vertex 63.1 37 16
      vertex 62.9446 37 0
      vertex 63.1 37 0
    endloop
  endfacet
  facet normal 0 -1 0
    outer loop
      vertex 4.94461 37 0
      vertex 59.0554 37 16
      vertex 4.94461 37 16
    endloop
  endfacet
  facet normal 0 -1 -0
    outer loop
      vertex 59.0554 37 16
      vertex 4.94461 37 0
      vertex 59.0554 37 0
    endloop
  endfacet
  facet normal -0.852609 0.52255 0
    outer loop
      vertex 64.6371 -0.216791 0
      vertex 64.7929 0.0374174 16
      vertex 64.7929 0.0374174 0
    endloop
  endfacet
  facet normal -0.852609 0.52255 0
    outer loop
      vertex 64.7929 0.0374174 16
      vertex 64.6371 -0.216791 0
      vertex 64.6371 -0.216791 16
    endloop
  endfacet
  facet normal -0.760455 0.649391 0
    outer loop
      vertex 64.4435 -0.443502 0
      vertex 64.6371 -0.216791 16
      vertex 64.6371 -0.216791 0
    endloop
  endfacet
  facet normal -0.760455 0.649391 0
    outer loop
      vertex 64.6371 -0.216791 16
      vertex 64.4435 -0.443502 0
      vertex 64.4435 -0.443502 16
    endloop
  endfacet
  facet normal -0.0784919 -0.996915 0
    outer loop
      vertex 63.1 37 0
      vertex 63.3972 36.9766 16
      vertex 63.1 37 16
    endloop
  endfacet
  facet normal -0.0784919 -0.996915 -0
    outer loop
      vertex 63.3972 36.9766 16
      vertex 63.1 37 0
      vertex 63.3972 36.9766 0
    endloop
  endfacet
  facet normal -0.97237 0.233444 0
    outer loop
      vertex 64.907 0.312867 0
      vertex 64.9766 0.602774 16
      vertex 64.9766 0.602774 0
    endloop
  endfacet
  facet normal -0.97237 0.233444 0
    outer loop
      vertex 64.9766 0.602774 16
      vertex 64.907 0.312867 0
      vertex 64.907 0.312867 16
    endloop
  endfacet
  facet normal -0.649409 -0.760439 0
    outer loop
      vertex 64.2168 36.6371 0
      vertex 64.4435 36.4435 16
      vertex 64.2168 36.6371 16
    endloop
  endfacet
  facet normal -0.649409 -0.760439 -0
    outer loop
      vertex 64.4435 36.4435 16
      vertex 64.2168 36.6371 0
      vertex 64.4435 36.4435 0
    endloop
  endfacet
  facet normal -0.760439 -0.649409 0
    outer loop
      vertex 64.6371 36.2168 0
      vertex 64.4435 36.4435 16
      vertex 64.4435 36.4435 0
    endloop
  endfacet
  facet normal -0.760439 -0.649409 0
    outer loop
      vertex 64.4435 36.4435 16
      vertex 64.6371 36.2168 0
      vertex 64.6371 36.2168 16
    endloop
  endfacet
  facet normal -0.233449 0.972369 0
    outer loop
      vertex 63.6871 -0.907007 0
      vertex 63.3972 -0.976607 16
      vertex 63.6871 -0.907007 16
    endloop
  endfacet
  facet normal -0.233449 0.972369 0
    outer loop
      vertex 63.3972 -0.976607 16
      vertex 63.6871 -0.907007 0
      vertex 63.3972 -0.976607 0
    endloop
  endfacet
  facet normal 0.233449 0.972369 -0
    outer loop
      vertex -3.39723 -0.976607 0
      vertex -3.68713 -0.907007 16
      vertex -3.39723 -0.976607 16
    endloop
  endfacet
  facet normal 0.233449 0.972369 0
    outer loop
      vertex -3.68713 -0.907007 16
      vertex -3.39723 -0.976607 0
      vertex -3.68713 -0.907007 0
    endloop
  endfacet
  facet normal -0.996915 0.0784851 0
    outer loop
      vertex 64.9766 0.602774 0
      vertex 65 0.9 16
      vertex 65 0.9 0
    endloop
  endfacet
  facet normal -0.996915 0.0784851 0
    outer loop
      vertex 65 0.9 16
      vertex 64.9766 0.602774 0
      vertex 64.9766 0.602774 16
    endloop
  endfacet
  facet normal 0.522547 -0.85261 0
    outer loop
      vertex -4.21679 36.6371 0
      vertex -3.96258 36.7929 16
      vertex -4.21679 36.6371 16
    endloop
  endfacet
  facet normal 0.522547 -0.85261 0
    outer loop
      vertex -3.96258 36.7929 16
      vertex -4.21679 36.6371 0
      vertex -3.96258 36.7929 0
    endloop
  endfacet
  facet normal 0.649451 0.760404 -0
    outer loop
      vertex -4.21679 -0.637132 0
      vertex -4.4435 -0.443502 16
      vertex -4.21679 -0.637132 16
    endloop
  endfacet
  facet normal 0.649451 0.760404 0
    outer loop
      vertex -4.4435 -0.443502 16
      vertex -4.21679 -0.637132 0
      vertex -4.4435 -0.443502 0
    endloop
  endfacet
  facet normal 0.996917 -0.0784586 0
    outer loop
      vertex -5 35.1 16
      vertex -4.97661 35.3972 0
      vertex -4.97661 35.3972 16
    endloop
  endfacet
  facet normal 0.996917 -0.0784586 0
    outer loop
      vertex -4.97661 35.3972 0
      vertex -5 35.1 16
      vertex -5 35.1 0
    endloop
  endfacet
  facet normal -0.233449 -0.972369 0
    outer loop
      vertex 63.3972 36.9766 0
      vertex 63.6871 36.907 16
      vertex 63.3972 36.9766 16
    endloop
  endfacet
  facet normal -0.233449 -0.972369 -0
    outer loop
      vertex 63.6871 36.907 16
      vertex 63.3972 36.9766 0
      vertex 63.6871 36.907 0
    endloop
  endfacet
  facet normal -0.382638 -0.923898 0
    outer loop
      vertex 63.6871 36.907 0
      vertex 63.9626 36.7929 16
      vertex 63.6871 36.907 16
    endloop
  endfacet
  facet normal -0.382638 -0.923898 -0
    outer loop
      vertex 63.9626 36.7929 16
      vertex 63.6871 36.907 0
      vertex 63.9626 36.7929 0
    endloop
  endfacet
  facet normal -0.923898 -0.382638 0
    outer loop
      vertex 64.907 35.6871 0
      vertex 64.7929 35.9626 16
      vertex 64.7929 35.9626 0
    endloop
  endfacet
  facet normal -0.923898 -0.382638 0
    outer loop
      vertex 64.7929 35.9626 16
      vertex 64.907 35.6871 0
      vertex 64.907 35.6871 16
    endloop
  endfacet
  facet normal 0.382697 -0.923874 0
    outer loop
      vertex -3.96258 36.7929 0
      vertex -3.68713 36.907 16
      vertex -3.96258 36.7929 16
    endloop
  endfacet
  facet normal 0.382697 -0.923874 0
    outer loop
      vertex -3.68713 36.907 16
      vertex -3.96258 36.7929 0
      vertex -3.68713 36.907 0
    endloop
  endfacet
  facet normal -0.923874 0.382698 0
    outer loop
      vertex 64.7929 0.0374174 0
      vertex 64.907 0.312867 16
      vertex 64.907 0.312867 0
    endloop
  endfacet
  facet normal -0.923874 0.382698 0
    outer loop
      vertex 64.907 0.312867 16
      vertex 64.7929 0.0374174 0
      vertex 64.7929 0.0374174 16
    endloop
  endfacet
  facet normal 0.852631 -0.522513 0
    outer loop
      vertex -4.79291 35.9626 16
      vertex -4.63713 36.2168 0
      vertex -4.63713 36.2168 16
    endloop
  endfacet
  facet normal 0.852631 -0.522513 0
    outer loop
      vertex -4.63713 36.2168 0
      vertex -4.79291 35.9626 16
      vertex -4.79291 35.9626 0
    endloop
  endfacet
  facet normal 0.852639 0.522501 0
    outer loop
      vertex -4.63713 -0.216791 16
      vertex -4.79291 0.0374174 0
      vertex -4.79291 0.0374174 16
    endloop
  endfacet
  facet normal 0.852639 0.522501 0
    outer loop
      vertex -4.79291 0.0374174 0
      vertex -4.63713 -0.216791 16
      vertex -4.63713 -0.216791 0
    endloop
  endfacet
  facet normal 0.382683 0.92388 -0
    outer loop
      vertex -3.68713 -0.907007 0
      vertex -3.96258 -0.792912 16
      vertex -3.68713 -0.907007 16
    endloop
  endfacet
  facet normal 0.382683 0.92388 0
    outer loop
      vertex -3.96258 -0.792912 16
      vertex -3.68713 -0.907007 0
      vertex -3.96258 -0.792912 0
    endloop
  endfacet
  facet normal 0.760405 0.649449 0
    outer loop
      vertex -4.4435 -0.443502 16
      vertex -4.63713 -0.216791 0
      vertex -4.63713 -0.216791 16
    endloop
  endfacet
  facet normal 0.760405 0.649449 0
    outer loop
      vertex -4.63713 -0.216791 0
      vertex -4.4435 -0.443502 16
      vertex -4.4435 -0.443502 0
    endloop
  endfacet
  facet normal 0.923898 -0.382638 0
    outer loop
      vertex -4.90701 35.6871 16
      vertex -4.79291 35.9626 0
      vertex -4.79291 35.9626 16
    endloop
  endfacet
  facet normal 0.923898 -0.382638 0
    outer loop
      vertex -4.79291 35.9626 0
      vertex -4.90701 35.6871 16
      vertex -4.90701 35.6871 0
    endloop
  endfacet
  facet normal 0.97237 0.233444 0
    outer loop
      vertex -4.90701 0.312867 16
      vertex -4.97661 0.602774 0
      vertex -4.97661 0.602774 16
    endloop
  endfacet
  facet normal 0.97237 0.233444 0
    outer loop
      vertex -4.97661 0.602774 0
      vertex -4.90701 0.312867 16
      vertex -4.90701 0.312867 0
    endloop
  endfacet
  facet normal 0.923874 0.382698 0
    outer loop
      vertex -4.79291 0.0374174 16
      vertex -4.90701 0.312867 0
      vertex -4.90701 0.312867 16
    endloop
  endfacet
  facet normal 0.923874 0.382698 0
    outer loop
      vertex -4.90701 0.312867 0
      vertex -4.79291 0.0374174 16
      vertex -4.79291 0.0374174 0
    endloop
  endfacet
  facet normal 0.233449 -0.972369 0
    outer loop
      vertex -3.68713 36.907 0
      vertex -3.39723 36.9766 16
      vertex -3.68713 36.907 16
    endloop
  endfacet
  facet normal 0.233449 -0.972369 0
    outer loop
      vertex -3.39723 36.9766 16
      vertex -3.68713 36.907 0
      vertex -3.39723 36.9766 0
    endloop
  endfacet
  facet normal -0.972369 -0.233449 0
    outer loop
      vertex 64.9766 35.3972 0
      vertex 64.907 35.6871 16
      vertex 64.907 35.6871 0
    endloop
  endfacet
  facet normal -0.972369 -0.233449 0
    outer loop
      vertex 64.907 35.6871 16
      vertex 64.9766 35.3972 0
      vertex 64.9766 35.3972 16
    endloop
  endfacet
  facet normal -0.852601 -0.522562 0
    outer loop
      vertex 64.7929 35.9626 0
      vertex 64.6371 36.2168 16
      vertex 64.6371 36.2168 0
    endloop
  endfacet
  facet normal -0.852601 -0.522562 0
    outer loop
      vertex 64.6371 36.2168 16
      vertex 64.7929 35.9626 0
      vertex 64.7929 35.9626 16
    endloop
  endfacet
  facet normal 0.76039 -0.649467 0
    outer loop
      vertex -4.63713 36.2168 16
      vertex -4.4435 36.4435 0
      vertex -4.4435 36.4435 16
    endloop
  endfacet
  facet normal 0.76039 -0.649467 0
    outer loop
      vertex -4.4435 36.4435 0
      vertex -4.63713 36.2168 16
      vertex -4.63713 36.2168 0
    endloop
  endfacet
  facet normal 0.649393 -0.760453 0
    outer loop
      vertex -4.4435 36.4435 0
      vertex -4.21679 36.6371 16
      vertex -4.4435 36.4435 16
    endloop
  endfacet
  facet normal 0.649393 -0.760453 0
    outer loop
      vertex -4.21679 36.6371 16
      vertex -4.4435 36.4435 0
      vertex -4.21679 36.6371 0
    endloop
  endfacet
  facet normal 0.996918 0.0784518 0
    outer loop
      vertex -4.97661 0.602774 16
      vertex -5 0.9 0
      vertex -5 0.9 16
    endloop
  endfacet
  facet normal 0.996918 0.0784518 0
    outer loop
      vertex -5 0.9 0
      vertex -4.97661 0.602774 16
      vertex -4.97661 0.602774 0
    endloop
  endfacet
  facet normal 0 0 -1
    outer loop
      vertex 0.104229 32.9245 16
      vertex -5 35.1 16
      vertex -0.0909328 33.3957 16
    endloop
  endfacet
  facet normal -0 0 -1
    outer loop
      vertex -0.209987 1.09159 16
      vertex -3.1 -1 16
      vertex -0.25 1.6 16
    endloop
  endfacet
  facet normal -0 0 -1
    outer loop
      vertex -0.0909328 0.595695 16
      vertex -3.1 -1 16
      vertex -0.209987 1.09159 16
    endloop
  endfacet
  facet normal -0 0 -1
    outer loop
      vertex 0.104229 0.124531 16
      vertex -3.1 -1 16
      vertex -0.0909328 0.595695 16
    endloop
  endfacet
  facet normal -0 0 -1
    outer loop
      vertex 0.370695 -0.310301 16
      vertex -3.1 -1 16
      vertex 0.104229 0.124531 16
    endloop
  endfacet
  facet normal -0 0 -1
    outer loop
      vertex 0.701903 -0.698097 16
      vertex -3.1 -1 16
      vertex 0.370695 -0.310301 16
    endloop
  endfacet
  facet normal 0 0 -1
    outer loop
      vertex -3.1 -1 16
      vertex 0.701903 -0.698097 16
      vertex 1.05539 -1 16
    endloop
  endfacet
  facet normal 0 0 -1
    outer loop
      vertex 5.89577 3.07547 16
      vertex 22 8 16
      vertex 6.09093 2.6043 16
    endloop
  endfacet
  facet normal 0 0 -1
    outer loop
      vertex 22 28 16
      vertex 6.20999 33.8916 16
      vertex 6.25 34.4 16
    endloop
  endfacet
  facet normal 0 0 -1
    outer loop
      vertex 5.6293 3.5103 16
      vertex 22 8 16
      vertex 5.89577 3.07547 16
    endloop
  endfacet
  facet normal 0 0 -1
    outer loop
      vertex 22 28 16
      vertex 6.09093 33.3957 16
      vertex 6.20999 33.8916 16
    endloop
  endfacet
  facet normal 0 0 -1
    outer loop
      vertex 5.2981 3.8981 16
      vertex 22 8 16
      vertex 5.6293 3.5103 16
    endloop
  endfacet
  facet normal 0 0 -1
    outer loop
      vertex 22 28 16
      vertex 5.89577 32.9245 16
      vertex 6.09093 33.3957 16
    endloop
  endfacet
  facet normal 0 0 -1
    outer loop
      vertex 4.9103 4.2293 16
      vertex 22 8 16
      vertex 5.2981 3.8981 16
    endloop
  endfacet
  facet normal 0 0 -1
    outer loop
      vertex 22 28 16
      vertex 5.6293 32.4897 16
      vertex 5.89577 32.9245 16
    endloop
  endfacet
  facet normal 0 0 -1
    outer loop
      vertex 4.47547 4.49577 16
      vertex 22 8 16
      vertex 4.9103 4.2293 16
    endloop
  endfacet
  facet normal 0 0 -1
    outer loop
      vertex 22 28 16
      vertex 5.2981 32.1019 16
      vertex 5.6293 32.4897 16
    endloop
  endfacet
  facet normal -0 0 -1
    outer loop
      vertex 22 8 16
      vertex 4.47547 4.49577 16
      vertex 22 28 16
    endloop
  endfacet
  facet normal 0 0 -1
    outer loop
      vertex 22 28 16
      vertex 4.9103 31.7707 16
      vertex 5.2981 32.1019 16
    endloop
  endfacet
  facet normal 0 0 -1
    outer loop
      vertex 4.47547 31.5042 16
      vertex 22 28 16
      vertex 4.47547 4.49577 16
    endloop
  endfacet
  facet normal 0 0 -1
    outer loop
      vertex 22 28 16
      vertex 4.47547 31.5042 16
      vertex 4.9103 31.7707 16
    endloop
  endfacet
  facet normal 0 0 -1
    outer loop
      vertex 4.0043 4.69093 16
      vertex 4.47547 31.5042 16
      vertex 4.47547 4.49577 16
    endloop
  endfacet
  facet normal 0 0 -1
    outer loop
      vertex 4.0043 4.69093 16
      vertex 4.0043 31.3091 16
      vertex 4.47547 31.5042 16
    endloop
  endfacet
  facet normal 0 0 -1
    outer loop
      vertex 3.50841 4.80999 16
      vertex 4.0043 31.3091 16
      vertex 4.0043 4.69093 16
    endloop
  endfacet
  facet normal 0 0 -1
    outer loop
      vertex 3.50841 4.80999 16
      vertex 3.50841 31.19 16
      vertex 4.0043 31.3091 16
    endloop
  endfacet
  facet normal 0 0 -1
    outer loop
      vertex 3 4.85 16
      vertex 3.50841 31.19 16
      vertex 3.50841 4.80999 16
    endloop
  endfacet
  facet normal 0 0 -1
    outer loop
      vertex 3 4.85 16
      vertex 3 31.15 16
      vertex 3.50841 31.19 16
    endloop
  endfacet
  facet normal 0 0 -1
    outer loop
      vertex 2.49159 4.80999 16
      vertex 3 31.15 16
      vertex 3 4.85 16
    endloop
  endfacet
  facet normal 0 0 -1
    outer loop
      vertex 2.49159 4.80999 16
      vertex 2.49159 31.19 16
      vertex 3 31.15 16
    endloop
  endfacet
  facet normal 0 0 -1
    outer loop
      vertex 1.9957 4.69093 16
      vertex 2.49159 31.19 16
      vertex 2.49159 4.80999 16
    endloop
  endfacet
  facet normal 0 0 -1
    outer loop
      vertex 1.9957 4.69093 16
      vertex 1.9957 31.3091 16
      vertex 2.49159 31.19 16
    endloop
  endfacet
  facet normal 0 0 -1
    outer loop
      vertex 1.52453 4.49577 16
      vertex 1.9957 31.3091 16
      vertex 1.9957 4.69093 16
    endloop
  endfacet
  facet normal 0 0 -1
    outer loop
      vertex 1.52453 4.49577 16
      vertex 1.52453 31.5042 16
      vertex 1.9957 31.3091 16
    endloop
  endfacet
  facet normal 0 0 -1
    outer loop
      vertex 1.0897 4.2293 16
      vertex 1.52453 31.5042 16
      vertex 1.52453 4.49577 16
    endloop
  endfacet
  facet normal 0 0 -1
    outer loop
      vertex 1.0897 4.2293 16
      vertex 1.0897 31.7707 16
      vertex 1.52453 31.5042 16
    endloop
  endfacet
  facet normal 0 0 -1
    outer loop
      vertex -5 0.9 16
      vertex 1.0897 4.2293 16
      vertex 0.701903 3.8981 16
    endloop
  endfacet
  facet normal -0 0 -1
    outer loop
      vertex 1.0897 4.2293 16
      vertex -5 0.9 16
      vertex 1.0897 31.7707 16
    endloop
  endfacet
  facet normal 0 0 -1
    outer loop
      vertex -5 0.9 16
      vertex 0.701903 3.8981 16
      vertex 0.370695 3.5103 16
    endloop
  endfacet
  facet normal 0 0 -1
    outer loop
      vertex -5 35.1 16
      vertex 1.0897 31.7707 16
      vertex -5 0.9 16
    endloop
  endfacet
  facet normal -0 0 -1
    outer loop
      vertex -0.0909328 2.6043 16
      vertex -5 0.9 16
      vertex 0.104229 3.07547 16
    endloop
  endfacet
  facet normal -0 0 -1
    outer loop
      vertex 0.104229 3.07547 16
      vertex -5 0.9 16
      vertex 0.370695 3.5103 16
    endloop
  endfacet
  facet normal -0 0 -1
    outer loop
      vertex -0.209987 2.10841 16
      vertex -5 0.9 16
      vertex -0.0909328 2.6043 16
    endloop
  endfacet
  facet normal 0 0 -1
    outer loop
      vertex 1.0897 31.7707 16
      vertex -5 35.1 16
      vertex 0.701903 32.1019 16
    endloop
  endfacet
  facet normal -0 0 -1
    outer loop
      vertex -0.25 1.6 16
      vertex -5 0.9 16
      vertex -0.209987 2.10841 16
    endloop
  endfacet
  facet normal 0 0 -1
    outer loop
      vertex 0.701903 32.1019 16
      vertex -5 35.1 16
      vertex 0.370695 32.4897 16
    endloop
  endfacet
  facet normal 0 0 -1
    outer loop
      vertex -5 0.9 16
      vertex -0.25 1.6 16
      vertex -3.1 -1 16
    endloop
  endfacet
  facet normal 0 0 -1
    outer loop
      vertex 0.370695 32.4897 16
      vertex -5 35.1 16
      vertex 0.104229 32.9245 16
    endloop
  endfacet
  facet normal 0 0 -1
    outer loop
      vertex 54.3215 19.555 16
      vertex 60.4916 31.19 16
      vertex 54.5157 19.3277 16
    endloop
  endfacet
  facet normal 0 0 -1
    outer loop
      vertex 44.5 8 16
      vertex 57.75 1.6 16
      vertex 57.79 1.09159 16
    endloop
  endfacet
  facet normal 0 0 -1
    outer loop
      vertex 57.79 2.10841 16
      vertex 55.0947 17.3115 16
      vertex 55.1095 17.5 16
    endloop
  endfacet
  facet normal 0 0 -1
    outer loop
      vertex 57.79 2.10841 16
      vertex 55.0712 17.0136 16
      vertex 55.0947 17.3115 16
    endloop
  endfacet
  facet normal 0 0 -1
    outer loop
      vertex 57.79 2.10841 16
      vertex 55.0015 16.7229 16
      vertex 55.0712 17.0136 16
    endloop
  endfacet
  facet normal 0 0 -1
    outer loop
      vertex 57.79 2.10841 16
      vertex 54.9573 16.5391 16
      vertex 55.0015 16.7229 16
    endloop
  endfacet
  facet normal 0 0 -1
    outer loop
      vertex 57.79 2.10841 16
      vertex 54.843 16.263 16
      vertex 54.9573 16.5391 16
    endloop
  endfacet
  facet normal 0 0 -1
    outer loop
      vertex 57.79 2.10841 16
      vertex 54.7706 16.0883 16
      vertex 54.843 16.263 16
    endloop
  endfacet
  facet normal 0 0 -1
    outer loop
      vertex 57.79 2.10841 16
      vertex 54.6144 15.8335 16
      vertex 54.7706 16.0883 16
    endloop
  endfacet
  facet normal 0 0 -1
    outer loop
      vertex 57.79 2.10841 16
      vertex 54.5157 15.6723 16
      vertex 54.6144 15.8335 16
    endloop
  endfacet
  facet normal 0 0 -1
    outer loop
      vertex 57.79 2.10841 16
      vertex 54.3215 15.445 16
      vertex 54.5157 15.6723 16
    endloop
  endfacet
  facet normal 0 0 -1
    outer loop
      vertex 44.5 8 16
      vertex 57.79 1.09159 16
      vertex 57.9091 0.595695 16
    endloop
  endfacet
  facet normal 0 0 -1
    outer loop
      vertex 57.79 2.10841 16
      vertex 54.1988 15.3012 16
      vertex 54.3215 15.445 16
    endloop
  endfacet
  facet normal 0 0 -1
    outer loop
      vertex 57.79 2.10841 16
      vertex 54.055 15.1785 16
      vertex 54.1988 15.3012 16
    endloop
  endfacet
  facet normal 0 0 -1
    outer loop
      vertex 57.79 2.10841 16
      vertex 53.8277 14.9843 16
      vertex 54.055 15.1785 16
    endloop
  endfacet
  facet normal 0 0 -1
    outer loop
      vertex 57.79 2.10841 16
      vertex 53.6665 14.8856 16
      vertex 53.8277 14.9843 16
    endloop
  endfacet
  facet normal 0 0 -1
    outer loop
      vertex 57.79 2.10841 16
      vertex 53.4117 14.7294 16
      vertex 53.6665 14.8856 16
    endloop
  endfacet
  facet normal 0 0 -1
    outer loop
      vertex 57.79 2.10841 16
      vertex 53.237 14.657 16
      vertex 53.4117 14.7294 16
    endloop
  endfacet
  facet normal 0 0 -1
    outer loop
      vertex 57.79 2.10841 16
      vertex 52.9609 14.5427 16
      vertex 53.237 14.657 16
    endloop
  endfacet
  facet normal 0 0 -1
    outer loop
      vertex 57.79 2.10841 16
      vertex 52.7771 14.4985 16
      vertex 52.9609 14.5427 16
    endloop
  endfacet
  facet normal 0 0 -1
    outer loop
      vertex 57.79 2.10841 16
      vertex 52.4864 14.4288 16
      vertex 52.7771 14.4985 16
    endloop
  endfacet
  facet normal 0 0 -1
    outer loop
      vertex 57.79 2.10841 16
      vertex 52.298 14.4139 16
      vertex 52.4864 14.4288 16
    endloop
  endfacet
  facet normal 0 0 -1
    outer loop
      vertex 57.79 2.10841 16
      vertex 52 14.3905 16
      vertex 52.298 14.4139 16
    endloop
  endfacet
  facet normal 0 0 -1
    outer loop
      vertex 44.5 8 16
      vertex 57.9091 0.595695 16
      vertex 58.1042 0.124531 16
    endloop
  endfacet
  facet normal 0 0 -1
    outer loop
      vertex 57.79 2.10841 16
      vertex 44.5 8 16
      vertex 52 14.3905 16
    endloop
  endfacet
  facet normal -0 0 -1
    outer loop
      vertex 52 14.3905 16
      vertex 44.5 8 16
      vertex 51.702 14.4139 16
    endloop
  endfacet
  facet normal -0 0 -1
    outer loop
      vertex 51.702 14.4139 16
      vertex 44.5 8 16
      vertex 51.5136 14.4288 16
    endloop
  endfacet
  facet normal -0 0 -1
    outer loop
      vertex 51.5136 14.4288 16
      vertex 44.5 8 16
      vertex 51.2229 14.4985 16
    endloop
  endfacet
  facet normal -0 0 -1
    outer loop
      vertex 51.2229 14.4985 16
      vertex 44.5 8 16
      vertex 51.0391 14.5427 16
    endloop
  endfacet
  facet normal -0 0 -1
    outer loop
      vertex 51.0391 14.5427 16
      vertex 44.5 8 16
      vertex 50.763 14.657 16
    endloop
  endfacet
  facet normal -0 0 -1
    outer loop
      vertex 50.763 14.657 16
      vertex 44.5 8 16
      vertex 50.5883 14.7294 16
    endloop
  endfacet
  facet normal -0 0 -1
    outer loop
      vertex 50.5883 14.7294 16
      vertex 44.5 8 16
      vertex 50.3335 14.8856 16
    endloop
  endfacet
  facet normal -0 0 -1
    outer loop
      vertex 50.3335 14.8856 16
      vertex 44.5 8 16
      vertex 50.1723 14.9843 16
    endloop
  endfacet
  facet normal -0 0 -1
    outer loop
      vertex 50.1723 14.9843 16
      vertex 44.5 8 16
      vertex 49.945 15.1785 16
    endloop
  endfacet
  facet normal -0 0 -1
    outer loop
      vertex 49.945 15.1785 16
      vertex 44.5 8 16
      vertex 49.8012 15.3012 16
    endloop
  endfacet
  facet normal -0 0 -1
    outer loop
      vertex 49.8012 15.3012 16
      vertex 44.5 8 16
      vertex 49.6785 15.445 16
    endloop
  endfacet
  facet normal -0 0 -1
    outer loop
      vertex 49.6785 15.445 16
      vertex 44.5 8 16
      vertex 49.4843 15.6723 16
    endloop
  endfacet
  facet normal -0 0 -1
    outer loop
      vertex 49.4843 15.6723 16
      vertex 44.5 8 16
      vertex 49.3856 15.8335 16
    endloop
  endfacet
  facet normal -0 0 -1
    outer loop
      vertex 48.9139 17.202 16
      vertex 44.5 8 16
      vertex 48.8905 17.5 16
    endloop
  endfacet
  facet normal -0 0 -1
    outer loop
      vertex 48.9288 17.0136 16
      vertex 44.5 8 16
      vertex 48.9139 17.202 16
    endloop
  endfacet
  facet normal -0 0 -1
    outer loop
      vertex 48.9985 16.7229 16
      vertex 44.5 8 16
      vertex 48.9288 17.0136 16
    endloop
  endfacet
  facet normal -0 0 -1
    outer loop
      vertex 49.0427 16.5391 16
      vertex 44.5 8 16
      vertex 48.9985 16.7229 16
    endloop
  endfacet
  facet normal -0 0 -1
    outer loop
      vertex 49.157 16.263 16
      vertex 44.5 8 16
      vertex 49.0427 16.5391 16
    endloop
  endfacet
  facet normal -0 0 -1
    outer loop
      vertex 49.2294 16.0883 16
      vertex 44.5 8 16
      vertex 49.157 16.263 16
    endloop
  endfacet
  facet normal -0 0 -1
    outer loop
      vertex 49.3856 15.8335 16
      vertex 44.5 8 16
      vertex 49.2294 16.0883 16
    endloop
  endfacet
  facet normal 0 0 -1
    outer loop
      vertex 58.3707 -0.310301 16
      vertex 44.5 8 16
      vertex 58.1042 0.124531 16
    endloop
  endfacet
  facet normal 0 0 -1
    outer loop
      vertex 39.5 8 16
      vertex 58.3707 -0.310301 16
      vertex 58.7019 -0.698097 16
    endloop
  endfacet
  facet normal 0 0 -1
    outer loop
      vertex 34.5 8 16
      vertex 58.7019 -0.698097 16
      vertex 59.0554 -1 16
    endloop
  endfacet
  facet normal 0 0 -1
    outer loop
      vertex 58.3707 -0.310301 16
      vertex 42 8 16
      vertex 44.5 8 16
    endloop
  endfacet
  facet normal 0 0 -1
    outer loop
      vertex 42 8 16
      vertex 39.5 8 16
      vertex 42 28 16
    endloop
  endfacet
  facet normal 0 0 -1
    outer loop
      vertex 58.3707 -0.310301 16
      vertex 39.5 8 16
      vertex 42 8 16
    endloop
  endfacet
  facet normal 0 0 -1
    outer loop
      vertex 58.7019 -0.698097 16
      vertex 37 8 16
      vertex 39.5 8 16
    endloop
  endfacet
  facet normal 0 0 -1
    outer loop
      vertex 37 8 16
      vertex 34.5 8 16
      vertex 37 28 16
    endloop
  endfacet
  facet normal 0 0 -1
    outer loop
      vertex 58.7019 -0.698097 16
      vertex 34.5 8 16
      vertex 37 8 16
    endloop
  endfacet
  facet normal 0 0 -1
    outer loop
      vertex 59.0554 -1 16
      vertex 32 8 16
      vertex 34.5 8 16
    endloop
  endfacet
  facet normal 0 0 -1
    outer loop
      vertex 32 8 16
      vertex 29.5 8 16
      vertex 32 28 16
    endloop
  endfacet
  facet normal 0 0 -1
    outer loop
      vertex 4.94461 -1 16
      vertex 32 8 16
      vertex 59.0554 -1 16
    endloop
  endfacet
  facet normal -0 0 -1
    outer loop
      vertex 32 8 16
      vertex 4.94461 -1 16
      vertex 29.5 8 16
    endloop
  endfacet
  facet normal 0 0 -1
    outer loop
      vertex 27 8 16
      vertex 24.5 8 16
      vertex 27 28 16
    endloop
  endfacet
  facet normal 0 -0 -1
    outer loop
      vertex 5.2981 -0.698097 16
      vertex 29.5 8 16
      vertex 4.94461 -1 16
    endloop
  endfacet
  facet normal -0 0 -1
    outer loop
      vertex 29.5 8 16
      vertex 5.2981 -0.698097 16
      vertex 27 8 16
    endloop
  endfacet
  facet normal 0 0 -1
    outer loop
      vertex 6.20999 2.10841 16
      vertex 22 8 16
      vertex 6.25 1.6 16
    endloop
  endfacet
  facet normal 0 -0 -1
    outer loop
      vertex 5.6293 -0.310301 16
      vertex 24.5 8 16
      vertex 5.2981 -0.698097 16
    endloop
  endfacet
  facet normal 0 0 -1
    outer loop
      vertex 22 8 16
      vertex 6.20999 1.09159 16
      vertex 6.25 1.6 16
    endloop
  endfacet
  facet normal 0 0 -1
    outer loop
      vertex 22 8 16
      vertex 6.09093 0.595695 16
      vertex 6.20999 1.09159 16
    endloop
  endfacet
  facet normal 0 0 -1
    outer loop
      vertex 22 8 16
      vertex 5.89577 0.124531 16
      vertex 6.09093 0.595695 16
    endloop
  endfacet
  facet normal 0 0 -1
    outer loop
      vertex 22 8 16
      vertex 5.6293 -0.310301 16
      vertex 5.89577 0.124531 16
    endloop
  endfacet
  facet normal -0 0 -1
    outer loop
      vertex 24.5 8 16
      vertex 5.6293 -0.310301 16
      vertex 22 8 16
    endloop
  endfacet
  facet normal -0 0 -1
    outer loop
      vertex 27 8 16
      vertex 5.2981 -0.698097 16
      vertex 24.5 8 16
    endloop
  endfacet
  facet normal 0 0 -1
    outer loop
      vertex 63.8958 3.07547 16
      vertex 65 0.9 16
      vertex 64.0909 2.6043 16
    endloop
  endfacet
  facet normal 0 0 -1
    outer loop
      vertex 65 35.1 16
      vertex 64.21 33.8916 16
      vertex 64.25 34.4 16
    endloop
  endfacet
  facet normal 0 0 -1
    outer loop
      vertex 65 0.9 16
      vertex 63.8958 3.07547 16
      vertex 65 35.1 16
    endloop
  endfacet
  facet normal 0 0 -1
    outer loop
      vertex 65 35.1 16
      vertex 64.0909 33.3957 16
      vertex 64.21 33.8916 16
    endloop
  endfacet
  facet normal 0 0 -1
    outer loop
      vertex 63.8958 32.9245 16
      vertex 65 35.1 16
      vertex 63.8958 3.07547 16
    endloop
  endfacet
  facet normal 0 0 -1
    outer loop
      vertex 65 35.1 16
      vertex 63.8958 32.9245 16
      vertex 64.0909 33.3957 16
    endloop
  endfacet
  facet normal 0 0 -1
    outer loop
      vertex 63.6293 3.5103 16
      vertex 63.8958 32.9245 16
      vertex 63.8958 3.07547 16
    endloop
  endfacet
  facet normal 0 0 -1
    outer loop
      vertex 63.6293 3.5103 16
      vertex 63.6293 32.4897 16
      vertex 63.8958 32.9245 16
    endloop
  endfacet
  facet normal 0 0 -1
    outer loop
      vertex 63.2981 3.8981 16
      vertex 63.6293 32.4897 16
      vertex 63.6293 3.5103 16
    endloop
  endfacet
  facet normal 0 0 -1
    outer loop
      vertex 63.2981 3.8981 16
      vertex 63.2981 32.1019 16
      vertex 63.6293 32.4897 16
    endloop
  endfacet
  facet normal 0 0 -1
    outer loop
      vertex 62.9103 4.2293 16
      vertex 63.2981 32.1019 16
      vertex 63.2981 3.8981 16
    endloop
  endfacet
  facet normal 0 0 -1
    outer loop
      vertex 62.9103 4.2293 16
      vertex 62.9103 31.7707 16
      vertex 63.2981 32.1019 16
    endloop
  endfacet
  facet normal 0 0 -1
    outer loop
      vertex 62.4755 4.49577 16
      vertex 62.9103 31.7707 16
      vertex 62.9103 4.2293 16
    endloop
  endfacet
  facet normal 0 0 -1
    outer loop
      vertex 62.4755 4.49577 16
      vertex 62.4755 31.5042 16
      vertex 62.9103 31.7707 16
    endloop
  endfacet
  facet normal 0 0 -1
    outer loop
      vertex 55.1095 17.5 16
      vertex 62.4755 4.49577 16
      vertex 62.0043 4.69093 16
    endloop
  endfacet
  facet normal 0 0 -1
    outer loop
      vertex 62.4755 4.49577 16
      vertex 55.1095 17.5 16
      vertex 62.4755 31.5042 16
    endloop
  endfacet
  facet normal 0 0 -1
    outer loop
      vertex 55.1095 17.5 16
      vertex 62.0043 4.69093 16
      vertex 61.5084 4.80999 16
    endloop
  endfacet
  facet normal 0 0 -1
    outer loop
      vertex 55.0947 17.6885 16
      vertex 62.4755 31.5042 16
      vertex 55.1095 17.5 16
    endloop
  endfacet
  facet normal 0 0 -1
    outer loop
      vertex 55.1095 17.5 16
      vertex 61.5084 4.80999 16
      vertex 61 4.85 16
    endloop
  endfacet
  facet normal 0 0 -1
    outer loop
      vertex 55.0712 17.9864 16
      vertex 62.4755 31.5042 16
      vertex 55.0947 17.6885 16
    endloop
  endfacet
  facet normal 0 0 -1
    outer loop
      vertex 55.1095 17.5 16
      vertex 61 4.85 16
      vertex 60.4916 4.80999 16
    endloop
  endfacet
  facet normal 0 0 -1
    outer loop
      vertex 62.4755 31.5042 16
      vertex 55.0712 17.9864 16
      vertex 62.0043 31.3091 16
    endloop
  endfacet
  facet normal 0 0 -1
    outer loop
      vertex 55.1095 17.5 16
      vertex 60.4916 4.80999 16
      vertex 59.9957 4.69093 16
    endloop
  endfacet
  facet normal 0 0 -1
    outer loop
      vertex 55.0015 18.2771 16
      vertex 62.0043 31.3091 16
      vertex 55.0712 17.9864 16
    endloop
  endfacet
  facet normal 0 0 -1
    outer loop
      vertex 55.1095 17.5 16
      vertex 59.9957 4.69093 16
      vertex 59.5245 4.49577 16
    endloop
  endfacet
  facet normal 0 0 -1
    outer loop
      vertex 54.9573 18.4609 16
      vertex 62.0043 31.3091 16
      vertex 55.0015 18.2771 16
    endloop
  endfacet
  facet normal 0 0 -1
    outer loop
      vertex 55.1095 17.5 16
      vertex 59.5245 4.49577 16
      vertex 59.0897 4.2293 16
    endloop
  endfacet
  facet normal 0 0 -1
    outer loop
      vertex 62.0043 31.3091 16
      vertex 54.9573 18.4609 16
      vertex 61.5084 31.19 16
    endloop
  endfacet
  facet normal 0 0 -1
    outer loop
      vertex 55.1095 17.5 16
      vertex 59.0897 4.2293 16
      vertex 58.7019 3.8981 16
    endloop
  endfacet
  facet normal 0 0 -1
    outer loop
      vertex 54.843 18.737 16
      vertex 61.5084 31.19 16
      vertex 54.9573 18.4609 16
    endloop
  endfacet
  facet normal 0 0 -1
    outer loop
      vertex 55.1095 17.5 16
      vertex 58.7019 3.8981 16
      vertex 58.3707 3.5103 16
    endloop
  endfacet
  facet normal 0 0 -1
    outer loop
      vertex 54.7706 18.9117 16
      vertex 61.5084 31.19 16
      vertex 54.843 18.737 16
    endloop
  endfacet
  facet normal 0 0 -1
    outer loop
      vertex 55.1095 17.5 16
      vertex 58.3707 3.5103 16
      vertex 58.1042 3.07547 16
    endloop
  endfacet
  facet normal 0 0 -1
    outer loop
      vertex 61.5084 31.19 16
      vertex 54.7706 18.9117 16
      vertex 61 31.15 16
    endloop
  endfacet
  facet normal 0 0 -1
    outer loop
      vertex 55.1095 17.5 16
      vertex 58.1042 3.07547 16
      vertex 57.9091 2.6043 16
    endloop
  endfacet
  facet normal 0 0 -1
    outer loop
      vertex 54.6144 19.1665 16
      vertex 61 31.15 16
      vertex 54.7706 18.9117 16
    endloop
  endfacet
  facet normal 0 0 -1
    outer loop
      vertex 55.1095 17.5 16
      vertex 57.9091 2.6043 16
      vertex 57.79 2.10841 16
    endloop
  endfacet
  facet normal 0 0 -1
    outer loop
      vertex 54.5157 19.3277 16
      vertex 61 31.15 16
      vertex 54.6144 19.1665 16
    endloop
  endfacet
  facet normal 0 0 -1
    outer loop
      vertex 44.5 8 16
      vertex 57.79 2.10841 16
      vertex 57.75 1.6 16
    endloop
  endfacet
  facet normal -0 0 -1
    outer loop
      vertex 61 31.15 16
      vertex 54.5157 19.3277 16
      vertex 60.4916 31.19 16
    endloop
  endfacet
  facet normal 0 0 -1
    outer loop
      vertex 64.21 1.09159 16
      vertex 65 0.9 16
      vertex 64.9766 0.602774 16
    endloop
  endfacet
  facet normal 0 0 -1
    outer loop
      vertex 64.21 2.10841 16
      vertex 65 0.9 16
      vertex 64.25 1.6 16
    endloop
  endfacet
  facet normal 0 0 -1
    outer loop
      vertex 64.0909 0.595695 16
      vertex 64.9766 0.602774 16
      vertex 64.907 0.312867 16
    endloop
  endfacet
  facet normal 0 0 -1
    outer loop
      vertex 64.0909 2.6043 16
      vertex 65 0.9 16
      vertex 64.21 2.10841 16
    endloop
  endfacet
  facet normal 0 0 -1
    outer loop
      vertex 64.0909 0.595695 16
      vertex 64.907 0.312867 16
      vertex 64.7929 0.0374174 16
    endloop
  endfacet
  facet normal 0 0 -1
    outer loop
      vertex 64.21 34.9084 16
      vertex 65 35.1 16
      vertex 64.25 34.4 16
    endloop
  endfacet
  facet normal 0 0 -1
    outer loop
      vertex 63.8958 0.124531 16
      vertex 64.7929 0.0374174 16
      vertex 64.6371 -0.216791 16
    endloop
  endfacet
  facet normal -0 0 -1
    outer loop
      vertex 65 35.1 16
      vertex 64.21 34.9084 16
      vertex 64.9766 35.3972 16
    endloop
  endfacet
  facet normal 0 0 -1
    outer loop
      vertex 63.8958 0.124531 16
      vertex 64.6371 -0.216791 16
      vertex 64.4435 -0.443502 16
    endloop
  endfacet
  facet normal 0 0 -1
    outer loop
      vertex 64.0909 35.4043 16
      vertex 64.9766 35.3972 16
      vertex 64.21 34.9084 16
    endloop
  endfacet
  facet normal 0 0 -1
    outer loop
      vertex 64.9766 35.3972 16
      vertex 64.0909 35.4043 16
      vertex 64.907 35.6871 16
    endloop
  endfacet
  facet normal 0 0 -1
    outer loop
      vertex 63.8958 0.124531 16
      vertex 64.4435 -0.443502 16
      vertex 64.2168 -0.637132 16
    endloop
  endfacet
  facet normal 0 0 -1
    outer loop
      vertex 65 0.9 16
      vertex 64.21 1.09159 16
      vertex 64.25 1.6 16
    endloop
  endfacet
  facet normal -0 0 -1
    outer loop
      vertex 64.9766 0.602774 16
      vertex 64.0909 0.595695 16
      vertex 64.21 1.09159 16
    endloop
  endfacet
  facet normal 0 0 -1
    outer loop
      vertex 63.6293 -0.310301 16
      vertex 64.2168 -0.637132 16
      vertex 63.9626 -0.792912 16
    endloop
  endfacet
  facet normal 0 0 -1
    outer loop
      vertex 64.7929 0.0374174 16
      vertex 63.8958 0.124531 16
      vertex 64.0909 0.595695 16
    endloop
  endfacet
  facet normal 0 0 -1
    outer loop
      vertex 63.6293 -0.310301 16
      vertex 63.9626 -0.792912 16
      vertex 63.6871 -0.907007 16
    endloop
  endfacet
  facet normal 0 0 -1
    outer loop
      vertex 64.2168 -0.637132 16
      vertex 63.6293 -0.310301 16
      vertex 63.8958 0.124531 16
    endloop
  endfacet
  facet normal 0 0 -1
    outer loop
      vertex 63.2981 -0.698097 16
      vertex 63.6871 -0.907007 16
      vertex 63.3972 -0.976607 16
    endloop
  endfacet
  facet normal 0 0 -1
    outer loop
      vertex 63.6871 -0.907007 16
      vertex 63.2981 -0.698097 16
      vertex 63.6293 -0.310301 16
    endloop
  endfacet
  facet normal 0 0 -1
    outer loop
      vertex 63.1 -1 16
      vertex 63.2981 -0.698097 16
      vertex 63.3972 -0.976607 16
    endloop
  endfacet
  facet normal 0 0 -1
    outer loop
      vertex 63.2981 -0.698097 16
      vertex 63.1 -1 16
      vertex 62.9446 -1 16
    endloop
  endfacet
  facet normal -0 0 -1
    outer loop
      vertex 64.907 35.6871 16
      vertex 64.0909 35.4043 16
      vertex 64.7929 35.9626 16
    endloop
  endfacet
  facet normal 0 0 -1
    outer loop
      vertex 63.8958 35.8755 16
      vertex 64.7929 35.9626 16
      vertex 64.0909 35.4043 16
    endloop
  endfacet
  facet normal -0 0 -1
    outer loop
      vertex 64.7929 35.9626 16
      vertex 63.8958 35.8755 16
      vertex 64.6371 36.2168 16
    endloop
  endfacet
  facet normal -0 0 -1
    outer loop
      vertex 64.6371 36.2168 16
      vertex 63.8958 35.8755 16
      vertex 64.4435 36.4435 16
    endloop
  endfacet
  facet normal -0 0 -1
    outer loop
      vertex 64.4435 36.4435 16
      vertex 63.8958 35.8755 16
      vertex 64.2168 36.6371 16
    endloop
  endfacet
  facet normal 0 0 -1
    outer loop
      vertex 63.6293 36.3103 16
      vertex 64.2168 36.6371 16
      vertex 63.8958 35.8755 16
    endloop
  endfacet
  facet normal -0 0 -1
    outer loop
      vertex 64.2168 36.6371 16
      vertex 63.6293 36.3103 16
      vertex 63.9626 36.7929 16
    endloop
  endfacet
  facet normal -0 0 -1
    outer loop
      vertex 63.9626 36.7929 16
      vertex 63.6293 36.3103 16
      vertex 63.6871 36.907 16
    endloop
  endfacet
  facet normal 0 0 -1
    outer loop
      vertex 63.2981 36.6981 16
      vertex 63.6871 36.907 16
      vertex 63.6293 36.3103 16
    endloop
  endfacet
  facet normal -0 0 -1
    outer loop
      vertex 63.6871 36.907 16
      vertex 63.2981 36.6981 16
      vertex 63.3972 36.9766 16
    endloop
  endfacet
  facet normal 0 0 -1
    outer loop
      vertex 63.2981 36.6981 16
      vertex 63.1 37 16
      vertex 63.3972 36.9766 16
    endloop
  endfacet
  facet normal -0 -0 -1
    outer loop
      vertex 63.1 37 16
      vertex 63.2981 36.6981 16
      vertex 62.9446 37 16
    endloop
  endfacet
  facet normal 0 0 -1
    outer loop
      vertex 54.1988 19.6988 16
      vertex 60.4916 31.19 16
      vertex 54.3215 19.555 16
    endloop
  endfacet
  facet normal -0 0 -1
    outer loop
      vertex 60.4916 31.19 16
      vertex 54.1988 19.6988 16
      vertex 59.9957 31.3091 16
    endloop
  endfacet
  facet normal 0 0 -1
    outer loop
      vertex 54.055 19.8215 16
      vertex 59.9957 31.3091 16
      vertex 54.1988 19.6988 16
    endloop
  endfacet
  facet normal 0 0 -1
    outer loop
      vertex 53.8277 20.0157 16
      vertex 59.9957 31.3091 16
      vertex 54.055 19.8215 16
    endloop
  endfacet
  facet normal -0 0 -1
    outer loop
      vertex 59.9957 31.3091 16
      vertex 53.8277 20.0157 16
      vertex 59.5245 31.5042 16
    endloop
  endfacet
  facet normal 0 0 -1
    outer loop
      vertex 53.6665 20.1144 16
      vertex 59.5245 31.5042 16
      vertex 53.8277 20.0157 16
    endloop
  endfacet
  facet normal 0 0 -1
    outer loop
      vertex 53.4117 20.2706 16
      vertex 59.5245 31.5042 16
      vertex 53.6665 20.1144 16
    endloop
  endfacet
  facet normal -0 0 -1
    outer loop
      vertex 59.5245 31.5042 16
      vertex 53.4117 20.2706 16
      vertex 59.0897 31.7707 16
    endloop
  endfacet
  facet normal 0 0 -1
    outer loop
      vertex 53.237 20.343 16
      vertex 59.0897 31.7707 16
      vertex 53.4117 20.2706 16
    endloop
  endfacet
  facet normal 0 0 -1
    outer loop
      vertex 52.9609 20.4573 16
      vertex 59.0897 31.7707 16
      vertex 53.237 20.343 16
    endloop
  endfacet
  facet normal -0 0 -1
    outer loop
      vertex 59.0897 31.7707 16
      vertex 52.9609 20.4573 16
      vertex 58.7019 32.1019 16
    endloop
  endfacet
  facet normal 0 0 -1
    outer loop
      vertex 52.7771 20.5015 16
      vertex 58.7019 32.1019 16
      vertex 52.9609 20.4573 16
    endloop
  endfacet
  facet normal 0 0 -1
    outer loop
      vertex 52.4864 20.5712 16
      vertex 58.7019 32.1019 16
      vertex 52.7771 20.5015 16
    endloop
  endfacet
  facet normal -0 0 -1
    outer loop
      vertex 58.7019 32.1019 16
      vertex 52.4864 20.5712 16
      vertex 58.3707 32.4897 16
    endloop
  endfacet
  facet normal 0 0 -1
    outer loop
      vertex 52.1885 20.5947 16
      vertex 58.3707 32.4897 16
      vertex 52.4864 20.5712 16
    endloop
  endfacet
  facet normal 0 0 -1
    outer loop
      vertex 52 20.6095 16
      vertex 58.3707 32.4897 16
      vertex 52.1885 20.5947 16
    endloop
  endfacet
  facet normal 0 0 -1
    outer loop
      vertex 44.5 28 16
      vertex 58.3707 32.4897 16
      vertex 52 20.6095 16
    endloop
  endfacet
  facet normal -0 0 -1
    outer loop
      vertex 58.3707 32.4897 16
      vertex 44.5 28 16
      vertex 58.1042 32.9245 16
    endloop
  endfacet
  facet normal -0 0 -1
    outer loop
      vertex 58.1042 32.9245 16
      vertex 44.5 28 16
      vertex 57.9091 33.3957 16
    endloop
  endfacet
  facet normal -0 0 -1
    outer loop
      vertex 57.9091 33.3957 16
      vertex 44.5 28 16
      vertex 57.79 33.8916 16
    endloop
  endfacet
  facet normal -0 0 -1
    outer loop
      vertex 57.79 33.8916 16
      vertex 44.5 28 16
      vertex 57.75 34.4 16
    endloop
  endfacet
  facet normal -0 0 -1
    outer loop
      vertex 57.75 34.4 16
      vertex 44.5 28 16
      vertex 57.79 34.9084 16
    endloop
  endfacet
  facet normal 0 0 -1
    outer loop
      vertex 44.5 28 16
      vertex 52 20.6095 16
      vertex 51.8115 20.5947 16
    endloop
  endfacet
  facet normal 0 0 -1
    outer loop
      vertex 44.5 28 16
      vertex 51.8115 20.5947 16
      vertex 51.5136 20.5712 16
    endloop
  endfacet
  facet normal -0 0 -1
    outer loop
      vertex 57.79 34.9084 16
      vertex 44.5 28 16
      vertex 57.9091 35.4043 16
    endloop
  endfacet
  facet normal 0 0 -1
    outer loop
      vertex 44.5 28 16
      vertex 51.5136 20.5712 16
      vertex 51.2229 20.5015 16
    endloop
  endfacet
  facet normal 0 0 -1
    outer loop
      vertex 44.5 28 16
      vertex 51.2229 20.5015 16
      vertex 51.0391 20.4573 16
    endloop
  endfacet
  facet normal 0 0 -1
    outer loop
      vertex 44.5 28 16
      vertex 51.0391 20.4573 16
      vertex 50.763 20.343 16
    endloop
  endfacet
  facet normal 0 0 -1
    outer loop
      vertex 44.5 28 16
      vertex 50.763 20.343 16
      vertex 50.5883 20.2706 16
    endloop
  endfacet
  facet normal 0 0 -1
    outer loop
      vertex 44.5 28 16
      vertex 50.5883 20.2706 16
      vertex 50.3335 20.1144 16
    endloop
  endfacet
  facet normal 0 0 -1
    outer loop
      vertex 44.5 28 16
      vertex 50.3335 20.1144 16
      vertex 50.1723 20.0157 16
    endloop
  endfacet
  facet normal 0 0 -1
    outer loop
      vertex 44.5 28 16
      vertex 50.1723 20.0157 16
      vertex 49.945 19.8215 16
    endloop
  endfacet
  facet normal 0 0 -1
    outer loop
      vertex 44.5 28 16
      vertex 49.945 19.8215 16
      vertex 49.8012 19.6988 16
    endloop
  endfacet
  facet normal 0 0 -1
    outer loop
      vertex 44.5 28 16
      vertex 49.8012 19.6988 16
      vertex 49.6785 19.555 16
    endloop
  endfacet
  facet normal 0 0 -1
    outer loop
      vertex 44.5 28 16
      vertex 49.6785 19.555 16
      vertex 49.4843 19.3277 16
    endloop
  endfacet
  facet normal 0 0 -1
    outer loop
      vertex 44.5 28 16
      vertex 49.4843 19.3277 16
      vertex 49.3856 19.1665 16
    endloop
  endfacet
  facet normal 0 0 -1
    outer loop
      vertex 44.5 28 16
      vertex 49.3856 19.1665 16
      vertex 49.2294 18.9117 16
    endloop
  endfacet
  facet normal 0 0 -1
    outer loop
      vertex 44.5 28 16
      vertex 48.9985 18.2771 16
      vertex 48.9288 17.9864 16
    endloop
  endfacet
  facet normal 0 0 -1
    outer loop
      vertex 44.5 28 16
      vertex 48.8905 17.5 16
      vertex 44.5 8 16
    endloop
  endfacet
  facet normal 0 0 -1
    outer loop
      vertex 48.8905 17.5 16
      vertex 44.5 28 16
      vertex 48.9139 17.798 16
    endloop
  endfacet
  facet normal 0 0 -1
    outer loop
      vertex 48.9139 17.798 16
      vertex 44.5 28 16
      vertex 48.9288 17.9864 16
    endloop
  endfacet
  facet normal 0 0 -1
    outer loop
      vertex 48.9985 18.2771 16
      vertex 44.5 28 16
      vertex 49.0427 18.4609 16
    endloop
  endfacet
  facet normal 0 0 -1
    outer loop
      vertex 49.0427 18.4609 16
      vertex 44.5 28 16
      vertex 49.157 18.737 16
    endloop
  endfacet
  facet normal 0 0 -1
    outer loop
      vertex 49.157 18.737 16
      vertex 44.5 28 16
      vertex 49.2294 18.9117 16
    endloop
  endfacet
  facet normal -0 0 -1
    outer loop
      vertex 57.9091 35.4043 16
      vertex 44.5 28 16
      vertex 58.1042 35.8755 16
    endloop
  endfacet
  facet normal 0 0 -1
    outer loop
      vertex 44.5 28 16
      vertex 58.3707 36.3103 16
      vertex 58.1042 35.8755 16
    endloop
  endfacet
  facet normal 0 0 -1
    outer loop
      vertex 42 28 16
      vertex 58.3707 36.3103 16
      vertex 44.5 28 16
    endloop
  endfacet
  facet normal 0 0 -1
    outer loop
      vertex 39.5 28 16
      vertex 58.3707 36.3103 16
      vertex 42 28 16
    endloop
  endfacet
  facet normal -0 0 -1
    outer loop
      vertex 58.3707 36.3103 16
      vertex 39.5 28 16
      vertex 58.7019 36.6981 16
    endloop
  endfacet
  facet normal 0 0 -1
    outer loop
      vertex 39.5 28 16
      vertex 42 28 16
      vertex 39.5 8 16
    endloop
  endfacet
  facet normal 0 0 -1
    outer loop
      vertex 37 28 16
      vertex 58.7019 36.6981 16
      vertex 39.5 28 16
    endloop
  endfacet
  facet normal 0 0 -1
    outer loop
      vertex 34.5 28 16
      vertex 58.7019 36.6981 16
      vertex 37 28 16
    endloop
  endfacet
  facet normal 0 0 -1
    outer loop
      vertex 34.5 28 16
      vertex 37 28 16
      vertex 34.5 8 16
    endloop
  endfacet
  facet normal -0 0 -1
    outer loop
      vertex 58.7019 36.6981 16
      vertex 34.5 28 16
      vertex 59.0554 37 16
    endloop
  endfacet
  facet normal 0 0 -1
    outer loop
      vertex 32 28 16
      vertex 59.0554 37 16
      vertex 34.5 28 16
    endloop
  endfacet
  facet normal 0 0 -1
    outer loop
      vertex 29.5 28 16
      vertex 32 28 16
      vertex 29.5 8 16
    endloop
  endfacet
  facet normal 0 0 -1
    outer loop
      vertex 4.94461 37 16
      vertex 32 28 16
      vertex 29.5 28 16
    endloop
  endfacet
  facet normal 0 0 -1
    outer loop
      vertex 5.2981 36.6981 16
      vertex 29.5 28 16
      vertex 27 28 16
    endloop
  endfacet
  facet normal 0 0 -1
    outer loop
      vertex 24.5 28 16
      vertex 27 28 16
      vertex 24.5 8 16
    endloop
  endfacet
  facet normal 0 0 -1
    outer loop
      vertex 5.2981 36.6981 16
      vertex 27 28 16
      vertex 24.5 28 16
    endloop
  endfacet
  facet normal 0 0 -1
    outer loop
      vertex 5.6293 36.3103 16
      vertex 24.5 28 16
      vertex 22 28 16
    endloop
  endfacet
  facet normal 0 0 -1
    outer loop
      vertex 6.09093 2.6043 16
      vertex 22 8 16
      vertex 6.20999 2.10841 16
    endloop
  endfacet
  facet normal 0 0 -1
    outer loop
      vertex 6.20999 34.9084 16
      vertex 22 28 16
      vertex 6.25 34.4 16
    endloop
  endfacet
  facet normal 0 0 -1
    outer loop
      vertex 6.09093 35.4043 16
      vertex 22 28 16
      vertex 6.20999 34.9084 16
    endloop
  endfacet
  facet normal 0 0 -1
    outer loop
      vertex 5.89577 35.8755 16
      vertex 22 28 16
      vertex 6.09093 35.4043 16
    endloop
  endfacet
  facet normal 0 0 -1
    outer loop
      vertex 5.6293 36.3103 16
      vertex 22 28 16
      vertex 5.89577 35.8755 16
    endloop
  endfacet
  facet normal 0 0 -1
    outer loop
      vertex 24.5 28 16
      vertex 5.6293 36.3103 16
      vertex 5.2981 36.6981 16
    endloop
  endfacet
  facet normal 0 0 -1
    outer loop
      vertex 29.5 28 16
      vertex 5.2981 36.6981 16
      vertex 4.94461 37 16
    endloop
  endfacet
  facet normal 0 0 -1
    outer loop
      vertex 32 28 16
      vertex 4.94461 37 16
      vertex 59.0554 37 16
    endloop
  endfacet
  facet normal 0 0 -1
    outer loop
      vertex -0.0909328 33.3957 16
      vertex -5 35.1 16
      vertex -0.209987 33.8916 16
    endloop
  endfacet
  facet normal 0 0 -1
    outer loop
      vertex 0.701903 36.6981 16
      vertex -3.1 37 16
      vertex 1.05539 37 16
    endloop
  endfacet
  facet normal 0 0 -1
    outer loop
      vertex 0.370695 36.3103 16
      vertex -3.1 37 16
      vertex 0.701903 36.6981 16
    endloop
  endfacet
  facet normal 0 0 -1
    outer loop
      vertex 0.104229 35.8755 16
      vertex -3.1 37 16
      vertex 0.370695 36.3103 16
    endloop
  endfacet
  facet normal 0 0 -1
    outer loop
      vertex -0.0909328 35.4043 16
      vertex -3.1 37 16
      vertex 0.104229 35.8755 16
    endloop
  endfacet
  facet normal 0 0 -1
    outer loop
      vertex -0.209987 34.9084 16
      vertex -3.1 37 16
      vertex -0.0909328 35.4043 16
    endloop
  endfacet
  facet normal 0 0 -1
    outer loop
      vertex -0.209987 33.8916 16
      vertex -5 35.1 16
      vertex -0.25 34.4 16
    endloop
  endfacet
  facet normal 0 0 -1
    outer loop
      vertex -5 0.9 16
      vertex -3.1 -1 16
      vertex -3.39723 -0.976607 16
    endloop
  endfacet
  facet normal 0 -0 -1
    outer loop
      vertex -3.1 37 16
      vertex -0.25 34.4 16
      vertex -5 35.1 16
    endloop
  endfacet
  facet normal 0 0 -1
    outer loop
      vertex -5 0.9 16
      vertex -3.39723 -0.976607 16
      vertex -3.68713 -0.907007 16
    endloop
  endfacet
  facet normal 0 0 -1
    outer loop
      vertex -0.25 34.4 16
      vertex -3.1 37 16
      vertex -0.209987 34.9084 16
    endloop
  endfacet
  facet normal 0 0 -1
    outer loop
      vertex -5 0.9 16
      vertex -3.68713 -0.907007 16
      vertex -3.96258 -0.792912 16
    endloop
  endfacet
  facet normal 0 0 -1
    outer loop
      vertex -3.1 37 16
      vertex -5 35.1 16
      vertex -3.39723 36.9766 16
    endloop
  endfacet
  facet normal 0 0 -1
    outer loop
      vertex -5 0.9 16
      vertex -3.96258 -0.792912 16
      vertex -4.21679 -0.637132 16
    endloop
  endfacet
  facet normal 0 0 -1
    outer loop
      vertex -3.39723 36.9766 16
      vertex -5 35.1 16
      vertex -3.68713 36.907 16
    endloop
  endfacet
  facet normal 0 0 -1
    outer loop
      vertex -5 0.9 16
      vertex -4.21679 -0.637132 16
      vertex -4.4435 -0.443502 16
    endloop
  endfacet
  facet normal 0 0 -1
    outer loop
      vertex -3.68713 36.907 16
      vertex -5 35.1 16
      vertex -3.96258 36.7929 16
    endloop
  endfacet
  facet normal 0 0 -1
    outer loop
      vertex -5 0.9 16
      vertex -4.4435 -0.443502 16
      vertex -4.63713 -0.216791 16
    endloop
  endfacet
  facet normal 0 0 -1
    outer loop
      vertex -3.96258 36.7929 16
      vertex -5 35.1 16
      vertex -4.21679 36.6371 16
    endloop
  endfacet
  facet normal 0 0 -1
    outer loop
      vertex -5 0.9 16
      vertex -4.63713 -0.216791 16
      vertex -4.79291 0.0374174 16
    endloop
  endfacet
  facet normal 0 0 -1
    outer loop
      vertex -4.21679 36.6371 16
      vertex -5 35.1 16
      vertex -4.4435 36.4435 16
    endloop
  endfacet
  facet normal 0 0 -1
    outer loop
      vertex -5 0.9 16
      vertex -4.79291 0.0374174 16
      vertex -4.90701 0.312867 16
    endloop
  endfacet
  facet normal 0 0 -1
    outer loop
      vertex -4.4435 36.4435 16
      vertex -5 35.1 16
      vertex -4.63713 36.2168 16
    endloop
  endfacet
  facet normal 0 0 -1
    outer loop
      vertex -5 0.9 16
      vertex -4.90701 0.312867 16
      vertex -4.97661 0.602774 16
    endloop
  endfacet
  facet normal 0 0 -1
    outer loop
      vertex -4.63713 36.2168 16
      vertex -5 35.1 16
      vertex -4.79291 35.9626 16
    endloop
  endfacet
  facet normal 0 0 -1
    outer loop
      vertex -4.79291 35.9626 16
      vertex -5 35.1 16
      vertex -4.90701 35.6871 16
    endloop
  endfacet
  facet normal 0 0 -1
    outer loop
      vertex -4.90701 35.6871 16
      vertex -5 35.1 16
      vertex -4.97661 35.3972 16
    endloop
  endfacet
  facet normal 0 0 1
    outer loop
      vertex 4.4 1.6 16
      vertex 5.8 1.6 16
      vertex 5.76553 2.03802 16
    endloop
  endfacet
  facet normal 0 0 1
    outer loop
      vertex 4.38276 1.81901 16
      vertex 5.76553 2.03802 16
      vertex 5.66296 2.46525 16
    endloop
  endfacet
  facet normal 0 0 1
    outer loop
      vertex 5.8 1.6 16
      vertex 4.4 1.6 16
      vertex 5.76553 1.16198 16
    endloop
  endfacet
  facet normal 0 0 1
    outer loop
      vertex 4.33148 2.03262 16
      vertex 5.66296 2.46525 16
      vertex 5.49482 2.87117 16
    endloop
  endfacet
  facet normal -0 0 1
    outer loop
      vertex 4.38276 1.38099 16
      vertex 5.76553 1.16198 16
      vertex 4.4 1.6 16
    endloop
  endfacet
  facet normal 0 0 1
    outer loop
      vertex 4.24741 2.23559 16
      vertex 5.49482 2.87117 16
      vertex 5.26525 3.2458 16
    endloop
  endfacet
  facet normal 0 0 1
    outer loop
      vertex 5.76553 1.16198 16
      vertex 4.38276 1.38099 16
      vertex 5.66296 0.734753 16
    endloop
  endfacet
  facet normal 0 0 1
    outer loop
      vertex 4.13262 2.4229 16
      vertex 5.26525 3.2458 16
      vertex 4.9799 3.5799 16
    endloop
  endfacet
  facet normal -0 0 1
    outer loop
      vertex 4.33148 1.16738 16
      vertex 5.66296 0.734753 16
      vertex 4.38276 1.38099 16
    endloop
  endfacet
  facet normal 0 0 1
    outer loop
      vertex 3.98995 2.58995 16
      vertex 4.9799 3.5799 16
      vertex 4.6458 3.86525 16
    endloop
  endfacet
  facet normal 0 0 1
    outer loop
      vertex 5.66296 0.734753 16
      vertex 4.33148 1.16738 16
      vertex 5.49482 0.328827 16
    endloop
  endfacet
  facet normal -0 0 1
    outer loop
      vertex 4.24741 0.964414 16
      vertex 5.49482 0.328827 16
      vertex 4.33148 1.16738 16
    endloop
  endfacet
  facet normal 0 0 1
    outer loop
      vertex 5.76553 2.03802 16
      vertex 4.38276 1.81901 16
      vertex 4.4 1.6 16
    endloop
  endfacet
  facet normal 0 0 1
    outer loop
      vertex 5.66296 2.46525 16
      vertex 4.33148 2.03262 16
      vertex 4.38276 1.81901 16
    endloop
  endfacet
  facet normal 0 0 1
    outer loop
      vertex 3.8229 2.73262 16
      vertex 4.6458 3.86525 16
      vertex 4.27117 4.09482 16
    endloop
  endfacet
  facet normal 0 0 1
    outer loop
      vertex 5.49482 2.87117 16
      vertex 4.24741 2.23559 16
      vertex 4.33148 2.03262 16
    endloop
  endfacet
  facet normal 0 0 1
    outer loop
      vertex 5.26525 3.2458 16
      vertex 4.13262 2.4229 16
      vertex 4.24741 2.23559 16
    endloop
  endfacet
  facet normal 0 0 1
    outer loop
      vertex 4.9799 3.5799 16
      vertex 3.98995 2.58995 16
      vertex 4.13262 2.4229 16
    endloop
  endfacet
  facet normal 0 0 1
    outer loop
      vertex 3.63559 2.84741 16
      vertex 4.27117 4.09482 16
      vertex 3.86525 4.26296 16
    endloop
  endfacet
  facet normal 0 0 1
    outer loop
      vertex 4.6458 3.86525 16
      vertex 3.8229 2.73262 16
      vertex 3.98995 2.58995 16
    endloop
  endfacet
  facet normal 0 0 1
    outer loop
      vertex 4.27117 4.09482 16
      vertex 3.63559 2.84741 16
      vertex 3.8229 2.73262 16
    endloop
  endfacet
  facet normal 0 0 1
    outer loop
      vertex 3.43262 2.93148 16
      vertex 3.86525 4.26296 16
      vertex 3.43802 4.36553 16
    endloop
  endfacet
  facet normal 0 0 1
    outer loop
      vertex 3.86525 4.26296 16
      vertex 3.43262 2.93148 16
      vertex 3.63559 2.84741 16
    endloop
  endfacet
  facet normal 0 0 1
    outer loop
      vertex 3.43802 4.36553 16
      vertex 3.21901 2.98276 16
      vertex 3.43262 2.93148 16
    endloop
  endfacet
  facet normal 0 0 1
    outer loop
      vertex 3 4.4 16
      vertex 3.21901 2.98276 16
      vertex 3.43802 4.36553 16
    endloop
  endfacet
  facet normal 0 0 1
    outer loop
      vertex 3 4.4 16
      vertex 3 3 16
      vertex 3.21901 2.98276 16
    endloop
  endfacet
  facet normal 0 0 1
    outer loop
      vertex 3 4.4 16
      vertex 2.78099 2.98276 16
      vertex 3 3 16
    endloop
  endfacet
  facet normal -0 0 1
    outer loop
      vertex 2.56198 4.36553 16
      vertex 2.78099 2.98276 16
      vertex 3 4.4 16
    endloop
  endfacet
  facet normal 0 0 1
    outer loop
      vertex 2.78099 2.98276 16
      vertex 2.56198 4.36553 16
      vertex 2.56738 2.93148 16
    endloop
  endfacet
  facet normal -0 0 1
    outer loop
      vertex 2.13475 4.26296 16
      vertex 2.56738 2.93148 16
      vertex 2.56198 4.36553 16
    endloop
  endfacet
  facet normal 0 0 1
    outer loop
      vertex 2.56738 2.93148 16
      vertex 2.13475 4.26296 16
      vertex 2.36441 2.84741 16
    endloop
  endfacet
  facet normal -0 0 1
    outer loop
      vertex 1.72883 4.09482 16
      vertex 2.36441 2.84741 16
      vertex 2.13475 4.26296 16
    endloop
  endfacet
  facet normal 0 0 1
    outer loop
      vertex 2.36441 2.84741 16
      vertex 1.72883 4.09482 16
      vertex 2.1771 2.73262 16
    endloop
  endfacet
  facet normal -0 0 1
    outer loop
      vertex 1.3542 3.86525 16
      vertex 2.1771 2.73262 16
      vertex 1.72883 4.09482 16
    endloop
  endfacet
  facet normal 0 0 1
    outer loop
      vertex 2.1771 2.73262 16
      vertex 1.3542 3.86525 16
      vertex 2.01005 2.58995 16
    endloop
  endfacet
  facet normal -0 0 1
    outer loop
      vertex 1.0201 3.5799 16
      vertex 2.01005 2.58995 16
      vertex 1.3542 3.86525 16
    endloop
  endfacet
  facet normal 0 0 1
    outer loop
      vertex 2.01005 2.58995 16
      vertex 1.0201 3.5799 16
      vertex 1.86738 2.4229 16
    endloop
  endfacet
  facet normal -0 0 1
    outer loop
      vertex 0.734753 3.2458 16
      vertex 1.86738 2.4229 16
      vertex 1.0201 3.5799 16
    endloop
  endfacet
  facet normal 0 0 1
    outer loop
      vertex 1.86738 2.4229 16
      vertex 0.734753 3.2458 16
      vertex 1.75259 2.23559 16
    endloop
  endfacet
  facet normal -0 0 1
    outer loop
      vertex 0.505182 2.87117 16
      vertex 1.75259 2.23559 16
      vertex 0.734753 3.2458 16
    endloop
  endfacet
  facet normal 0 0 1
    outer loop
      vertex 5.49482 0.328827 16
      vertex 4.24741 0.964414 16
      vertex 5.26525 -0.0457987 16
    endloop
  endfacet
  facet normal -0 0 1
    outer loop
      vertex 4.13262 0.777101 16
      vertex 5.26525 -0.0457987 16
      vertex 4.24741 0.964414 16
    endloop
  endfacet
  facet normal 0 0 1
    outer loop
      vertex 5.26525 -0.0457987 16
      vertex 4.13262 0.777101 16
      vertex 4.9799 -0.379898 16
    endloop
  endfacet
  facet normal -0 0 1
    outer loop
      vertex 3.98995 0.610051 16
      vertex 4.9799 -0.379898 16
      vertex 4.13262 0.777101 16
    endloop
  endfacet
  facet normal 0 0 1
    outer loop
      vertex 4.9799 -0.379898 16
      vertex 3.98995 0.610051 16
      vertex 4.6458 -0.665247 16
    endloop
  endfacet
  facet normal -0 0 1
    outer loop
      vertex 3.8229 0.467376 16
      vertex 4.6458 -0.665247 16
      vertex 3.98995 0.610051 16
    endloop
  endfacet
  facet normal 0 0 1
    outer loop
      vertex 4.6458 -0.665247 16
      vertex 3.8229 0.467376 16
      vertex 4.27117 -0.894818 16
    endloop
  endfacet
  facet normal -0 0 1
    outer loop
      vertex 3.63559 0.352591 16
      vertex 4.27117 -0.894818 16
      vertex 3.8229 0.467376 16
    endloop
  endfacet
  facet normal 0 0 1
    outer loop
      vertex 4.27117 -0.894818 16
      vertex 3.63559 0.352591 16
      vertex 3.86525 -1.06296 16
    endloop
  endfacet
  facet normal -0 0 1
    outer loop
      vertex 3.43262 0.268521 16
      vertex 3.86525 -1.06296 16
      vertex 3.63559 0.352591 16
    endloop
  endfacet
  facet normal 0 0 1
    outer loop
      vertex 3.86525 -1.06296 16
      vertex 3.43262 0.268521 16
      vertex 3.43802 -1.16553 16
    endloop
  endfacet
  facet normal -0 0 1
    outer loop
      vertex 3.21901 0.217237 16
      vertex 3.43802 -1.16553 16
      vertex 3.43262 0.268521 16
    endloop
  endfacet
  facet normal -0 0 1
    outer loop
      vertex 3 0.2 16
      vertex 3.43802 -1.16553 16
      vertex 3.21901 0.217237 16
    endloop
  endfacet
  facet normal 0 0 1
    outer loop
      vertex 3 0.2 16
      vertex 3 -1.2 16
      vertex 3.43802 -1.16553 16
    endloop
  endfacet
  facet normal 0 0 1
    outer loop
      vertex 2.78099 0.217237 16
      vertex 3 -1.2 16
      vertex 3 0.2 16
    endloop
  endfacet
  facet normal 0 0 1
    outer loop
      vertex 2.56198 -1.16553 16
      vertex 2.78099 0.217237 16
      vertex 2.56738 0.268521 16
    endloop
  endfacet
  facet normal 0 0 1
    outer loop
      vertex 2.78099 0.217237 16
      vertex 2.56198 -1.16553 16
      vertex 3 -1.2 16
    endloop
  endfacet
  facet normal 0 0 1
    outer loop
      vertex 2.13475 -1.06296 16
      vertex 2.56738 0.268521 16
      vertex 2.36441 0.352591 16
    endloop
  endfacet
  facet normal 0 0 1
    outer loop
      vertex 1.72883 -0.894818 16
      vertex 2.36441 0.352591 16
      vertex 2.1771 0.467376 16
    endloop
  endfacet
  facet normal 0 0 1
    outer loop
      vertex 2.56738 0.268521 16
      vertex 2.13475 -1.06296 16
      vertex 2.56198 -1.16553 16
    endloop
  endfacet
  facet normal 0 0 1
    outer loop
      vertex 1.3542 -0.665247 16
      vertex 2.1771 0.467376 16
      vertex 2.01005 0.610051 16
    endloop
  endfacet
  facet normal 0 0 1
    outer loop
      vertex 1.0201 -0.379898 16
      vertex 2.01005 0.610051 16
      vertex 1.86738 0.777101 16
    endloop
  endfacet
  facet normal 0 0 1
    outer loop
      vertex 0.734753 -0.0457987 16
      vertex 1.86738 0.777101 16
      vertex 1.75259 0.964414 16
    endloop
  endfacet
  facet normal 0 0 1
    outer loop
      vertex 2.36441 0.352591 16
      vertex 1.72883 -0.894818 16
      vertex 2.13475 -1.06296 16
    endloop
  endfacet
  facet normal 0 0 1
    outer loop
      vertex 0.505182 0.328827 16
      vertex 1.75259 0.964414 16
      vertex 1.66852 1.16738 16
    endloop
  endfacet
  facet normal 0 0 1
    outer loop
      vertex 0.337042 0.734753 16
      vertex 1.66852 1.16738 16
      vertex 1.61724 1.38099 16
    endloop
  endfacet
  facet normal 0 0 1
    outer loop
      vertex 0.234473 1.16198 16
      vertex 1.61724 1.38099 16
      vertex 1.6 1.6 16
    endloop
  endfacet
  facet normal 0 0 1
    outer loop
      vertex 1.75259 2.23559 16
      vertex 0.505182 2.87117 16
      vertex 1.66852 2.03262 16
    endloop
  endfacet
  facet normal 0 0 1
    outer loop
      vertex 2.1771 0.467376 16
      vertex 1.3542 -0.665247 16
      vertex 1.72883 -0.894818 16
    endloop
  endfacet
  facet normal -0 0 1
    outer loop
      vertex 0.337042 2.46525 16
      vertex 1.66852 2.03262 16
      vertex 0.505182 2.87117 16
    endloop
  endfacet
  facet normal 0 0 1
    outer loop
      vertex 2.01005 0.610051 16
      vertex 1.0201 -0.379898 16
      vertex 1.3542 -0.665247 16
    endloop
  endfacet
  facet normal 0 0 1
    outer loop
      vertex 1.66852 2.03262 16
      vertex 0.337042 2.46525 16
      vertex 1.61724 1.81901 16
    endloop
  endfacet
  facet normal 0 0 1
    outer loop
      vertex 1.86738 0.777101 16
      vertex 0.734753 -0.0457987 16
      vertex 1.0201 -0.379898 16
    endloop
  endfacet
  facet normal -0 0 1
    outer loop
      vertex 0.234473 2.03802 16
      vertex 1.61724 1.81901 16
      vertex 0.337042 2.46525 16
    endloop
  endfacet
  facet normal 0 0 1
    outer loop
      vertex 1.75259 0.964414 16
      vertex 0.505182 0.328827 16
      vertex 0.734753 -0.0457987 16
    endloop
  endfacet
  facet normal 0 0 1
    outer loop
      vertex 1.61724 1.81901 16
      vertex 0.234473 2.03802 16
      vertex 1.6 1.6 16
    endloop
  endfacet
  facet normal 0 0 1
    outer loop
      vertex 1.66852 1.16738 16
      vertex 0.337042 0.734753 16
      vertex 0.505182 0.328827 16
    endloop
  endfacet
  facet normal 0 0 1
    outer loop
      vertex 0.200001 1.6 16
      vertex 1.6 1.6 16
      vertex 0.234473 2.03802 16
    endloop
  endfacet
  facet normal 0 0 1
    outer loop
      vertex 1.61724 1.38099 16
      vertex 0.234473 1.16198 16
      vertex 0.337042 0.734753 16
    endloop
  endfacet
  facet normal 0 0 1
    outer loop
      vertex 1.6 1.6 16
      vertex 0.200001 1.6 16
      vertex 0.234473 1.16198 16
    endloop
  endfacet
  facet normal 0 0 1
    outer loop
      vertex 4.4 34.4 16
      vertex 5.8 34.4 16
      vertex 5.76553 34.838 16
    endloop
  endfacet
  facet normal 0 0 1
    outer loop
      vertex 4.38276 34.619 16
      vertex 5.76553 34.838 16
      vertex 5.66296 35.2652 16
    endloop
  endfacet
  facet normal 0 0 1
    outer loop
      vertex 5.8 34.4 16
      vertex 4.4 34.4 16
      vertex 5.76553 33.962 16
    endloop
  endfacet
  facet normal 0 0 1
    outer loop
      vertex 4.33148 34.8326 16
      vertex 5.66296 35.2652 16
      vertex 5.49482 35.6712 16
    endloop
  endfacet
  facet normal -0 0 1
    outer loop
      vertex 4.38276 34.181 16
      vertex 5.76553 33.962 16
      vertex 4.4 34.4 16
    endloop
  endfacet
  facet normal 0 0 1
    outer loop
      vertex 4.24741 35.0356 16
      vertex 5.49482 35.6712 16
      vertex 5.26525 36.0458 16
    endloop
  endfacet
  facet normal 0 0 1
    outer loop
      vertex 5.76553 33.962 16
      vertex 4.38276 34.181 16
      vertex 5.66296 33.5348 16
    endloop
  endfacet
  facet normal 0 0 1
    outer loop
      vertex 4.13262 35.2229 16
      vertex 5.26525 36.0458 16
      vertex 4.9799 36.3799 16
    endloop
  endfacet
  facet normal -0 0 1
    outer loop
      vertex 4.33148 33.9674 16
      vertex 5.66296 33.5348 16
      vertex 4.38276 34.181 16
    endloop
  endfacet
  facet normal 0 0 1
    outer loop
      vertex 3.98995 35.3899 16
      vertex 4.9799 36.3799 16
      vertex 4.6458 36.6652 16
    endloop
  endfacet
  facet normal 0 0 1
    outer loop
      vertex 5.66296 33.5348 16
      vertex 4.33148 33.9674 16
      vertex 5.49482 33.1288 16
    endloop
  endfacet
  facet normal -0 0 1
    outer loop
      vertex 4.24741 33.7644 16
      vertex 5.49482 33.1288 16
      vertex 4.33148 33.9674 16
    endloop
  endfacet
  facet normal 0 0 1
    outer loop
      vertex 5.76553 34.838 16
      vertex 4.38276 34.619 16
      vertex 4.4 34.4 16
    endloop
  endfacet
  facet normal 0 0 1
    outer loop
      vertex 5.66296 35.2652 16
      vertex 4.33148 34.8326 16
      vertex 4.38276 34.619 16
    endloop
  endfacet
  facet normal 0 0 1
    outer loop
      vertex 3.8229 35.5326 16
      vertex 4.6458 36.6652 16
      vertex 4.27117 36.8948 16
    endloop
  endfacet
  facet normal 0 0 1
    outer loop
      vertex 5.49482 35.6712 16
      vertex 4.24741 35.0356 16
      vertex 4.33148 34.8326 16
    endloop
  endfacet
  facet normal 0 0 1
    outer loop
      vertex 5.26525 36.0458 16
      vertex 4.13262 35.2229 16
      vertex 4.24741 35.0356 16
    endloop
  endfacet
  facet normal 0 0 1
    outer loop
      vertex 4.9799 36.3799 16
      vertex 3.98995 35.3899 16
      vertex 4.13262 35.2229 16
    endloop
  endfacet
  facet normal 0 0 1
    outer loop
      vertex 3.63559 35.6474 16
      vertex 4.27117 36.8948 16
      vertex 3.86525 37.063 16
    endloop
  endfacet
  facet normal 0 0 1
    outer loop
      vertex 4.6458 36.6652 16
      vertex 3.8229 35.5326 16
      vertex 3.98995 35.3899 16
    endloop
  endfacet
  facet normal 0 0 1
    outer loop
      vertex 4.27117 36.8948 16
      vertex 3.63559 35.6474 16
      vertex 3.8229 35.5326 16
    endloop
  endfacet
  facet normal 0 0 1
    outer loop
      vertex 3.43262 35.7315 16
      vertex 3.86525 37.063 16
      vertex 3.43802 37.1655 16
    endloop
  endfacet
  facet normal 0 0 1
    outer loop
      vertex 3.86525 37.063 16
      vertex 3.43262 35.7315 16
      vertex 3.63559 35.6474 16
    endloop
  endfacet
  facet normal 0 0 1
    outer loop
      vertex 3.43802 37.1655 16
      vertex 3.21901 35.7828 16
      vertex 3.43262 35.7315 16
    endloop
  endfacet
  facet normal 0 0 1
    outer loop
      vertex 3 37.2 16
      vertex 3.21901 35.7828 16
      vertex 3.43802 37.1655 16
    endloop
  endfacet
  facet normal 0 0 1
    outer loop
      vertex 3 37.2 16
      vertex 3 35.8 16
      vertex 3.21901 35.7828 16
    endloop
  endfacet
  facet normal 0 0 1
    outer loop
      vertex 3 37.2 16
      vertex 2.78099 35.7828 16
      vertex 3 35.8 16
    endloop
  endfacet
  facet normal -0 0 1
    outer loop
      vertex 2.56198 37.1655 16
      vertex 2.78099 35.7828 16
      vertex 3 37.2 16
    endloop
  endfacet
  facet normal 0 0 1
    outer loop
      vertex 2.78099 35.7828 16
      vertex 2.56198 37.1655 16
      vertex 2.56738 35.7315 16
    endloop
  endfacet
  facet normal -0 0 1
    outer loop
      vertex 2.13475 37.063 16
      vertex 2.56738 35.7315 16
      vertex 2.56198 37.1655 16
    endloop
  endfacet
  facet normal 0 0 1
    outer loop
      vertex 2.56738 35.7315 16
      vertex 2.13475 37.063 16
      vertex 2.36441 35.6474 16
    endloop
  endfacet
  facet normal -0 0 1
    outer loop
      vertex 1.72883 36.8948 16
      vertex 2.36441 35.6474 16
      vertex 2.13475 37.063 16
    endloop
  endfacet
  facet normal 0 0 1
    outer loop
      vertex 2.36441 35.6474 16
      vertex 1.72883 36.8948 16
      vertex 2.1771 35.5326 16
    endloop
  endfacet
  facet normal -0 0 1
    outer loop
      vertex 1.3542 36.6652 16
      vertex 2.1771 35.5326 16
      vertex 1.72883 36.8948 16
    endloop
  endfacet
  facet normal 0 0 1
    outer loop
      vertex 2.1771 35.5326 16
      vertex 1.3542 36.6652 16
      vertex 2.01005 35.3899 16
    endloop
  endfacet
  facet normal -0 0 1
    outer loop
      vertex 1.0201 36.3799 16
      vertex 2.01005 35.3899 16
      vertex 1.3542 36.6652 16
    endloop
  endfacet
  facet normal 0 0 1
    outer loop
      vertex 2.01005 35.3899 16
      vertex 1.0201 36.3799 16
      vertex 1.86738 35.2229 16
    endloop
  endfacet
  facet normal -0 0 1
    outer loop
      vertex 0.734753 36.0458 16
      vertex 1.86738 35.2229 16
      vertex 1.0201 36.3799 16
    endloop
  endfacet
  facet normal 0 0 1
    outer loop
      vertex 1.86738 35.2229 16
      vertex 0.734753 36.0458 16
      vertex 1.75259 35.0356 16
    endloop
  endfacet
  facet normal -0 0 1
    outer loop
      vertex 0.505182 35.6712 16
      vertex 1.75259 35.0356 16
      vertex 0.734753 36.0458 16
    endloop
  endfacet
  facet normal 0 0 1
    outer loop
      vertex 5.49482 33.1288 16
      vertex 4.24741 33.7644 16
      vertex 5.26525 32.7542 16
    endloop
  endfacet
  facet normal -0 0 1
    outer loop
      vertex 4.13262 33.5771 16
      vertex 5.26525 32.7542 16
      vertex 4.24741 33.7644 16
    endloop
  endfacet
  facet normal 0 0 1
    outer loop
      vertex 5.26525 32.7542 16
      vertex 4.13262 33.5771 16
      vertex 4.9799 32.4201 16
    endloop
  endfacet
  facet normal -0 0 1
    outer loop
      vertex 3.98995 33.41 16
      vertex 4.9799 32.4201 16
      vertex 4.13262 33.5771 16
    endloop
  endfacet
  facet normal 0 0 1
    outer loop
      vertex 4.9799 32.4201 16
      vertex 3.98995 33.41 16
      vertex 4.6458 32.1348 16
    endloop
  endfacet
  facet normal -0 0 1
    outer loop
      vertex 3.8229 33.2674 16
      vertex 4.6458 32.1348 16
      vertex 3.98995 33.41 16
    endloop
  endfacet
  facet normal 0 0 1
    outer loop
      vertex 4.6458 32.1348 16
      vertex 3.8229 33.2674 16
      vertex 4.27117 31.9052 16
    endloop
  endfacet
  facet normal -0 0 1
    outer loop
      vertex 3.63559 33.1526 16
      vertex 4.27117 31.9052 16
      vertex 3.8229 33.2674 16
    endloop
  endfacet
  facet normal 0 0 1
    outer loop
      vertex 4.27117 31.9052 16
      vertex 3.63559 33.1526 16
      vertex 3.86525 31.737 16
    endloop
  endfacet
  facet normal -0 0 1
    outer loop
      vertex 3.43262 33.0685 16
      vertex 3.86525 31.737 16
      vertex 3.63559 33.1526 16
    endloop
  endfacet
  facet normal 0 0 1
    outer loop
      vertex 3.86525 31.737 16
      vertex 3.43262 33.0685 16
      vertex 3.43802 31.6345 16
    endloop
  endfacet
  facet normal -0 0 1
    outer loop
      vertex 3.21901 33.0172 16
      vertex 3.43802 31.6345 16
      vertex 3.43262 33.0685 16
    endloop
  endfacet
  facet normal -0 0 1
    outer loop
      vertex 3 33 16
      vertex 3.43802 31.6345 16
      vertex 3.21901 33.0172 16
    endloop
  endfacet
  facet normal 0 0 1
    outer loop
      vertex 3 33 16
      vertex 3 31.6 16
      vertex 3.43802 31.6345 16
    endloop
  endfacet
  facet normal 0 0 1
    outer loop
      vertex 2.78099 33.0172 16
      vertex 3 31.6 16
      vertex 3 33 16
    endloop
  endfacet
  facet normal 0 0 1
    outer loop
      vertex 2.56198 31.6345 16
      vertex 2.78099 33.0172 16
      vertex 2.56738 33.0685 16
    endloop
  endfacet
  facet normal 0 0 1
    outer loop
      vertex 2.78099 33.0172 16
      vertex 2.56198 31.6345 16
      vertex 3 31.6 16
    endloop
  endfacet
  facet normal 0 0 1
    outer loop
      vertex 2.13475 31.737 16
      vertex 2.56738 33.0685 16
      vertex 2.36441 33.1526 16
    endloop
  endfacet
  facet normal 0 0 1
    outer loop
      vertex 1.72883 31.9052 16
      vertex 2.36441 33.1526 16
      vertex 2.1771 33.2674 16
    endloop
  endfacet
  facet normal 0 0 1
    outer loop
      vertex 2.56738 33.0685 16
      vertex 2.13475 31.737 16
      vertex 2.56198 31.6345 16
    endloop
  endfacet
  facet normal 0 0 1
    outer loop
      vertex 1.3542 32.1348 16
      vertex 2.1771 33.2674 16
      vertex 2.01005 33.41 16
    endloop
  endfacet
  facet normal 0 0 1
    outer loop
      vertex 1.0201 32.4201 16
      vertex 2.01005 33.41 16
      vertex 1.86738 33.5771 16
    endloop
  endfacet
  facet normal 0 0 1
    outer loop
      vertex 0.734753 32.7542 16
      vertex 1.86738 33.5771 16
      vertex 1.75259 33.7644 16
    endloop
  endfacet
  facet normal 0 0 1
    outer loop
      vertex 2.36441 33.1526 16
      vertex 1.72883 31.9052 16
      vertex 2.13475 31.737 16
    endloop
  endfacet
  facet normal 0 0 1
    outer loop
      vertex 0.505182 33.1288 16
      vertex 1.75259 33.7644 16
      vertex 1.66852 33.9674 16
    endloop
  endfacet
  facet normal 0 0 1
    outer loop
      vertex 0.337042 33.5348 16
      vertex 1.66852 33.9674 16
      vertex 1.61724 34.181 16
    endloop
  endfacet
  facet normal 0 0 1
    outer loop
      vertex 0.234473 33.962 16
      vertex 1.61724 34.181 16
      vertex 1.6 34.4 16
    endloop
  endfacet
  facet normal 0 0 1
    outer loop
      vertex 1.75259 35.0356 16
      vertex 0.505182 35.6712 16
      vertex 1.66852 34.8326 16
    endloop
  endfacet
  facet normal 0 0 1
    outer loop
      vertex 2.1771 33.2674 16
      vertex 1.3542 32.1348 16
      vertex 1.72883 31.9052 16
    endloop
  endfacet
  facet normal -0 0 1
    outer loop
      vertex 0.337042 35.2652 16
      vertex 1.66852 34.8326 16
      vertex 0.505182 35.6712 16
    endloop
  endfacet
  facet normal 0 0 1
    outer loop
      vertex 2.01005 33.41 16
      vertex 1.0201 32.4201 16
      vertex 1.3542 32.1348 16
    endloop
  endfacet
  facet normal 0 0 1
    outer loop
      vertex 1.66852 34.8326 16
      vertex 0.337042 35.2652 16
      vertex 1.61724 34.619 16
    endloop
  endfacet
  facet normal 0 0 1
    outer loop
      vertex 1.86738 33.5771 16
      vertex 0.734753 32.7542 16
      vertex 1.0201 32.4201 16
    endloop
  endfacet
  facet normal -0 0 1
    outer loop
      vertex 0.234473 34.838 16
      vertex 1.61724 34.619 16
      vertex 0.337042 35.2652 16
    endloop
  endfacet
  facet normal 0 0 1
    outer loop
      vertex 1.75259 33.7644 16
      vertex 0.505182 33.1288 16
      vertex 0.734753 32.7542 16
    endloop
  endfacet
  facet normal 0 0 1
    outer loop
      vertex 1.61724 34.619 16
      vertex 0.234473 34.838 16
      vertex 1.6 34.4 16
    endloop
  endfacet
  facet normal 0 0 1
    outer loop
      vertex 1.66852 33.9674 16
      vertex 0.337042 33.5348 16
      vertex 0.505182 33.1288 16
    endloop
  endfacet
  facet normal 0 0 1
    outer loop
      vertex 0.200001 34.4 16
      vertex 1.6 34.4 16
      vertex 0.234473 34.838 16
    endloop
  endfacet
  facet normal 0 0 1
    outer loop
      vertex 1.61724 34.181 16
      vertex 0.234473 33.962 16
      vertex 0.337042 33.5348 16
    endloop
  endfacet
  facet normal 0 0 1
    outer loop
      vertex 1.6 34.4 16
      vertex 0.200001 34.4 16
      vertex 0.234473 33.962 16
    endloop
  endfacet
  facet normal 0 0 1
    outer loop
      vertex 62.4 1.6 16
      vertex 63.8 1.6 16
      vertex 63.7655 2.03802 16
    endloop
  endfacet
  facet normal 0 0 1
    outer loop
      vertex 62.3828 1.81901 16
      vertex 63.7655 2.03802 16
      vertex 63.663 2.46525 16
    endloop
  endfacet
  facet normal 0 0 1
    outer loop
      vertex 63.8 1.6 16
      vertex 62.4 1.6 16
      vertex 63.7655 1.16198 16
    endloop
  endfacet
  facet normal 0 0 1
    outer loop
      vertex 62.3315 2.03262 16
      vertex 63.663 2.46525 16
      vertex 63.4948 2.87117 16
    endloop
  endfacet
  facet normal -0 0 1
    outer loop
      vertex 62.3828 1.38099 16
      vertex 63.7655 1.16198 16
      vertex 62.4 1.6 16
    endloop
  endfacet
  facet normal 0 0 1
    outer loop
      vertex 62.2474 2.23559 16
      vertex 63.4948 2.87117 16
      vertex 63.2652 3.2458 16
    endloop
  endfacet
  facet normal 0 0 1
    outer loop
      vertex 63.7655 1.16198 16
      vertex 62.3828 1.38099 16
      vertex 63.663 0.734753 16
    endloop
  endfacet
  facet normal 0 0 1
    outer loop
      vertex 62.1326 2.4229 16
      vertex 63.2652 3.2458 16
      vertex 62.9799 3.5799 16
    endloop
  endfacet
  facet normal -0 0 1
    outer loop
      vertex 62.3315 1.16738 16
      vertex 63.663 0.734753 16
      vertex 62.3828 1.38099 16
    endloop
  endfacet
  facet normal 0 0 1
    outer loop
      vertex 61.9899 2.58995 16
      vertex 62.9799 3.5799 16
      vertex 62.6458 3.86525 16
    endloop
  endfacet
  facet normal 0 0 1
    outer loop
      vertex 63.663 0.734753 16
      vertex 62.3315 1.16738 16
      vertex 63.4948 0.328827 16
    endloop
  endfacet
  facet normal -0 0 1
    outer loop
      vertex 62.2474 0.964414 16
      vertex 63.4948 0.328827 16
      vertex 62.3315 1.16738 16
    endloop
  endfacet
  facet normal 0 0 1
    outer loop
      vertex 63.7655 2.03802 16
      vertex 62.3828 1.81901 16
      vertex 62.4 1.6 16
    endloop
  endfacet
  facet normal 0 0 1
    outer loop
      vertex 63.663 2.46525 16
      vertex 62.3315 2.03262 16
      vertex 62.3828 1.81901 16
    endloop
  endfacet
  facet normal 0 0 1
    outer loop
      vertex 61.8229 2.73262 16
      vertex 62.6458 3.86525 16
      vertex 62.2712 4.09482 16
    endloop
  endfacet
  facet normal 0 0 1
    outer loop
      vertex 63.4948 2.87117 16
      vertex 62.2474 2.23559 16
      vertex 62.3315 2.03262 16
    endloop
  endfacet
  facet normal 0 0 1
    outer loop
      vertex 63.2652 3.2458 16
      vertex 62.1326 2.4229 16
      vertex 62.2474 2.23559 16
    endloop
  endfacet
  facet normal 0 0 1
    outer loop
      vertex 62.9799 3.5799 16
      vertex 61.9899 2.58995 16
      vertex 62.1326 2.4229 16
    endloop
  endfacet
  facet normal 0 0 1
    outer loop
      vertex 61.6356 2.84741 16
      vertex 62.2712 4.09482 16
      vertex 61.8652 4.26296 16
    endloop
  endfacet
  facet normal 0 0 1
    outer loop
      vertex 62.6458 3.86525 16
      vertex 61.8229 2.73262 16
      vertex 61.9899 2.58995 16
    endloop
  endfacet
  facet normal 0 0 1
    outer loop
      vertex 62.2712 4.09482 16
      vertex 61.6356 2.84741 16
      vertex 61.8229 2.73262 16
    endloop
  endfacet
  facet normal 0 0 1
    outer loop
      vertex 61.4326 2.93148 16
      vertex 61.8652 4.26296 16
      vertex 61.438 4.36553 16
    endloop
  endfacet
  facet normal 0 0 1
    outer loop
      vertex 61.8652 4.26296 16
      vertex 61.4326 2.93148 16
      vertex 61.6356 2.84741 16
    endloop
  endfacet
  facet normal 0 0 1
    outer loop
      vertex 61.438 4.36553 16
      vertex 61.219 2.98276 16
      vertex 61.4326 2.93148 16
    endloop
  endfacet
  facet normal 0 0 1
    outer loop
      vertex 61 4.4 16
      vertex 61.219 2.98276 16
      vertex 61.438 4.36553 16
    endloop
  endfacet
  facet normal 0 0 1
    outer loop
      vertex 61 4.4 16
      vertex 61 3 16
      vertex 61.219 2.98276 16
    endloop
  endfacet
  facet normal 0 0 1
    outer loop
      vertex 61 4.4 16
      vertex 60.781 2.98276 16
      vertex 61 3 16
    endloop
  endfacet
  facet normal -0 0 1
    outer loop
      vertex 60.562 4.36553 16
      vertex 60.781 2.98276 16
      vertex 61 4.4 16
    endloop
  endfacet
  facet normal 0 0 1
    outer loop
      vertex 60.781 2.98276 16
      vertex 60.562 4.36553 16
      vertex 60.5674 2.93148 16
    endloop
  endfacet
  facet normal -0 0 1
    outer loop
      vertex 60.1348 4.26296 16
      vertex 60.5674 2.93148 16
      vertex 60.562 4.36553 16
    endloop
  endfacet
  facet normal 0 0 1
    outer loop
      vertex 60.5674 2.93148 16
      vertex 60.1348 4.26296 16
      vertex 60.3644 2.84741 16
    endloop
  endfacet
  facet normal -0 0 1
    outer loop
      vertex 59.7288 4.09482 16
      vertex 60.3644 2.84741 16
      vertex 60.1348 4.26296 16
    endloop
  endfacet
  facet normal 0 0 1
    outer loop
      vertex 60.3644 2.84741 16
      vertex 59.7288 4.09482 16
      vertex 60.1771 2.73262 16
    endloop
  endfacet
  facet normal -0 0 1
    outer loop
      vertex 59.3542 3.86525 16
      vertex 60.1771 2.73262 16
      vertex 59.7288 4.09482 16
    endloop
  endfacet
  facet normal 0 0 1
    outer loop
      vertex 60.1771 2.73262 16
      vertex 59.3542 3.86525 16
      vertex 60.0101 2.58995 16
    endloop
  endfacet
  facet normal -0 0 1
    outer loop
      vertex 59.0201 3.5799 16
      vertex 60.0101 2.58995 16
      vertex 59.3542 3.86525 16
    endloop
  endfacet
  facet normal 0 0 1
    outer loop
      vertex 60.0101 2.58995 16
      vertex 59.0201 3.5799 16
      vertex 59.8674 2.4229 16
    endloop
  endfacet
  facet normal -0 0 1
    outer loop
      vertex 58.7348 3.2458 16
      vertex 59.8674 2.4229 16
      vertex 59.0201 3.5799 16
    endloop
  endfacet
  facet normal 0 0 1
    outer loop
      vertex 59.8674 2.4229 16
      vertex 58.7348 3.2458 16
      vertex 59.7526 2.23559 16
    endloop
  endfacet
  facet normal -0 0 1
    outer loop
      vertex 58.5052 2.87117 16
      vertex 59.7526 2.23559 16
      vertex 58.7348 3.2458 16
    endloop
  endfacet
  facet normal 0 0 1
    outer loop
      vertex 63.4948 0.328827 16
      vertex 62.2474 0.964414 16
      vertex 63.2652 -0.0457987 16
    endloop
  endfacet
  facet normal -0 0 1
    outer loop
      vertex 62.1326 0.777101 16
      vertex 63.2652 -0.0457987 16
      vertex 62.2474 0.964414 16
    endloop
  endfacet
  facet normal 0 0 1
    outer loop
      vertex 63.2652 -0.0457987 16
      vertex 62.1326 0.777101 16
      vertex 62.9799 -0.379898 16
    endloop
  endfacet
  facet normal -0 0 1
    outer loop
      vertex 61.9899 0.610051 16
      vertex 62.9799 -0.379898 16
      vertex 62.1326 0.777101 16
    endloop
  endfacet
  facet normal 0 0 1
    outer loop
      vertex 62.9799 -0.379898 16
      vertex 61.9899 0.610051 16
      vertex 62.6458 -0.665247 16
    endloop
  endfacet
  facet normal -0 0 1
    outer loop
      vertex 61.8229 0.467376 16
      vertex 62.6458 -0.665247 16
      vertex 61.9899 0.610051 16
    endloop
  endfacet
  facet normal 0 0 1
    outer loop
      vertex 62.6458 -0.665247 16
      vertex 61.8229 0.467376 16
      vertex 62.2712 -0.894818 16
    endloop
  endfacet
  facet normal -0 0 1
    outer loop
      vertex 61.6356 0.352591 16
      vertex 62.2712 -0.894818 16
      vertex 61.8229 0.467376 16
    endloop
  endfacet
  facet normal 0 0 1
    outer loop
      vertex 62.2712 -0.894818 16
      vertex 61.6356 0.352591 16
      vertex 61.8652 -1.06296 16
    endloop
  endfacet
  facet normal -0 0 1
    outer loop
      vertex 61.4326 0.268521 16
      vertex 61.8652 -1.06296 16
      vertex 61.6356 0.352591 16
    endloop
  endfacet
  facet normal 0 0 1
    outer loop
      vertex 61.8652 -1.06296 16
      vertex 61.4326 0.268521 16
      vertex 61.438 -1.16553 16
    endloop
  endfacet
  facet normal -0 0 1
    outer loop
      vertex 61.219 0.217237 16
      vertex 61.438 -1.16553 16
      vertex 61.4326 0.268521 16
    endloop
  endfacet
  facet normal -0 0 1
    outer loop
      vertex 61 0.2 16
      vertex 61.438 -1.16553 16
      vertex 61.219 0.217237 16
    endloop
  endfacet
  facet normal 0 0 1
    outer loop
      vertex 61 0.2 16
      vertex 61 -1.2 16
      vertex 61.438 -1.16553 16
    endloop
  endfacet
  facet normal 0 0 1
    outer loop
      vertex 60.781 0.217237 16
      vertex 61 -1.2 16
      vertex 61 0.2 16
    endloop
  endfacet
  facet normal 0 0 1
    outer loop
      vertex 60.562 -1.16553 16
      vertex 60.781 0.217237 16
      vertex 60.5674 0.268521 16
    endloop
  endfacet
  facet normal 0 0 1
    outer loop
      vertex 60.781 0.217237 16
      vertex 60.562 -1.16553 16
      vertex 61 -1.2 16
    endloop
  endfacet
  facet normal 0 0 1
    outer loop
      vertex 60.1348 -1.06296 16
      vertex 60.5674 0.268521 16
      vertex 60.3644 0.352591 16
    endloop
  endfacet
  facet normal 0 0 1
    outer loop
      vertex 59.7288 -0.894818 16
      vertex 60.3644 0.352591 16
      vertex 60.1771 0.467376 16
    endloop
  endfacet
  facet normal 0 0 1
    outer loop
      vertex 60.5674 0.268521 16
      vertex 60.1348 -1.06296 16
      vertex 60.562 -1.16553 16
    endloop
  endfacet
  facet normal 0 0 1
    outer loop
      vertex 59.3542 -0.665247 16
      vertex 60.1771 0.467376 16
      vertex 60.0101 0.610051 16
    endloop
  endfacet
  facet normal 0 0 1
    outer loop
      vertex 59.0201 -0.379898 16
      vertex 60.0101 0.610051 16
      vertex 59.8674 0.777101 16
    endloop
  endfacet
  facet normal 0 0 1
    outer loop
      vertex 58.7348 -0.0457987 16
      vertex 59.8674 0.777101 16
      vertex 59.7526 0.964414 16
    endloop
  endfacet
  facet normal 0 0 1
    outer loop
      vertex 60.3644 0.352591 16
      vertex 59.7288 -0.894818 16
      vertex 60.1348 -1.06296 16
    endloop
  endfacet
  facet normal 0 0 1
    outer loop
      vertex 58.5052 0.328827 16
      vertex 59.7526 0.964414 16
      vertex 59.6685 1.16738 16
    endloop
  endfacet
  facet normal 0 0 1
    outer loop
      vertex 58.337 0.734753 16
      vertex 59.6685 1.16738 16
      vertex 59.6172 1.38099 16
    endloop
  endfacet
  facet normal 0 0 1
    outer loop
      vertex 58.2345 1.16198 16
      vertex 59.6172 1.38099 16
      vertex 59.6 1.6 16
    endloop
  endfacet
  facet normal 0 0 1
    outer loop
      vertex 59.7526 2.23559 16
      vertex 58.5052 2.87117 16
      vertex 59.6685 2.03262 16
    endloop
  endfacet
  facet normal 0 0 1
    outer loop
      vertex 60.1771 0.467376 16
      vertex 59.3542 -0.665247 16
      vertex 59.7288 -0.894818 16
    endloop
  endfacet
  facet normal -0 0 1
    outer loop
      vertex 58.337 2.46525 16
      vertex 59.6685 2.03262 16
      vertex 58.5052 2.87117 16
    endloop
  endfacet
  facet normal 0 0 1
    outer loop
      vertex 60.0101 0.610051 16
      vertex 59.0201 -0.379898 16
      vertex 59.3542 -0.665247 16
    endloop
  endfacet
  facet normal 0 0 1
    outer loop
      vertex 59.6685 2.03262 16
      vertex 58.337 2.46525 16
      vertex 59.6172 1.81901 16
    endloop
  endfacet
  facet normal 0 0 1
    outer loop
      vertex 59.8674 0.777101 16
      vertex 58.7348 -0.0457987 16
      vertex 59.0201 -0.379898 16
    endloop
  endfacet
  facet normal -0 0 1
    outer loop
      vertex 58.2345 2.03802 16
      vertex 59.6172 1.81901 16
      vertex 58.337 2.46525 16
    endloop
  endfacet
  facet normal 0 0 1
    outer loop
      vertex 59.7526 0.964414 16
      vertex 58.5052 0.328827 16
      vertex 58.7348 -0.0457987 16
    endloop
  endfacet
  facet normal 0 0 1
    outer loop
      vertex 59.6172 1.81901 16
      vertex 58.2345 2.03802 16
      vertex 59.6 1.6 16
    endloop
  endfacet
  facet normal 0 0 1
    outer loop
      vertex 59.6685 1.16738 16
      vertex 58.337 0.734753 16
      vertex 58.5052 0.328827 16
    endloop
  endfacet
  facet normal 0 0 1
    outer loop
      vertex 58.2 1.6 16
      vertex 59.6 1.6 16
      vertex 58.2345 2.03802 16
    endloop
  endfacet
  facet normal 0 0 1
    outer loop
      vertex 59.6172 1.38099 16
      vertex 58.2345 1.16198 16
      vertex 58.337 0.734753 16
    endloop
  endfacet
  facet normal 0 0 1
    outer loop
      vertex 59.6 1.6 16
      vertex 58.2 1.6 16
      vertex 58.2345 1.16198 16
    endloop
  endfacet
  facet normal 0 0 1
    outer loop
      vertex 62.4 34.4 16
      vertex 63.8 34.4 16
      vertex 63.7655 34.838 16
    endloop
  endfacet
  facet normal 0 0 1
    outer loop
      vertex 62.3828 34.619 16
      vertex 63.7655 34.838 16
      vertex 63.663 35.2652 16
    endloop
  endfacet
  facet normal 0 0 1
    outer loop
      vertex 63.8 34.4 16
      vertex 62.4 34.4 16
      vertex 63.7655 33.962 16
    endloop
  endfacet
  facet normal 0 0 1
    outer loop
      vertex 62.3315 34.8326 16
      vertex 63.663 35.2652 16
      vertex 63.4948 35.6712 16
    endloop
  endfacet
  facet normal -0 0 1
    outer loop
      vertex 62.3828 34.181 16
      vertex 63.7655 33.962 16
      vertex 62.4 34.4 16
    endloop
  endfacet
  facet normal 0 0 1
    outer loop
      vertex 62.2474 35.0356 16
      vertex 63.4948 35.6712 16
      vertex 63.2652 36.0458 16
    endloop
  endfacet
  facet normal 0 0 1
    outer loop
      vertex 63.7655 33.962 16
      vertex 62.3828 34.181 16
      vertex 63.663 33.5348 16
    endloop
  endfacet
  facet normal 0 0 1
    outer loop
      vertex 62.1326 35.2229 16
      vertex 63.2652 36.0458 16
      vertex 62.9799 36.3799 16
    endloop
  endfacet
  facet normal -0 0 1
    outer loop
      vertex 62.3315 33.9674 16
      vertex 63.663 33.5348 16
      vertex 62.3828 34.181 16
    endloop
  endfacet
  facet normal 0 0 1
    outer loop
      vertex 61.9899 35.3899 16
      vertex 62.9799 36.3799 16
      vertex 62.6458 36.6652 16
    endloop
  endfacet
  facet normal 0 0 1
    outer loop
      vertex 63.663 33.5348 16
      vertex 62.3315 33.9674 16
      vertex 63.4948 33.1288 16
    endloop
  endfacet
  facet normal -0 0 1
    outer loop
      vertex 62.2474 33.7644 16
      vertex 63.4948 33.1288 16
      vertex 62.3315 33.9674 16
    endloop
  endfacet
  facet normal 0 0 1
    outer loop
      vertex 63.7655 34.838 16
      vertex 62.3828 34.619 16
      vertex 62.4 34.4 16
    endloop
  endfacet
  facet normal 0 0 1
    outer loop
      vertex 63.663 35.2652 16
      vertex 62.3315 34.8326 16
      vertex 62.3828 34.619 16
    endloop
  endfacet
  facet normal 0 0 1
    outer loop
      vertex 61.8229 35.5326 16
      vertex 62.6458 36.6652 16
      vertex 62.2712 36.8948 16
    endloop
  endfacet
  facet normal 0 0 1
    outer loop
      vertex 63.4948 35.6712 16
      vertex 62.2474 35.0356 16
      vertex 62.3315 34.8326 16
    endloop
  endfacet
  facet normal 0 0 1
    outer loop
      vertex 63.2652 36.0458 16
      vertex 62.1326 35.2229 16
      vertex 62.2474 35.0356 16
    endloop
  endfacet
  facet normal 0 0 1
    outer loop
      vertex 62.9799 36.3799 16
      vertex 61.9899 35.3899 16
      vertex 62.1326 35.2229 16
    endloop
  endfacet
  facet normal 0 0 1
    outer loop
      vertex 61.6356 35.6474 16
      vertex 62.2712 36.8948 16
      vertex 61.8652 37.063 16
    endloop
  endfacet
  facet normal 0 0 1
    outer loop
      vertex 62.6458 36.6652 16
      vertex 61.8229 35.5326 16
      vertex 61.9899 35.3899 16
    endloop
  endfacet
  facet normal 0 0 1
    outer loop
      vertex 62.2712 36.8948 16
      vertex 61.6356 35.6474 16
      vertex 61.8229 35.5326 16
    endloop
  endfacet
  facet normal 0 0 1
    outer loop
      vertex 61.4326 35.7315 16
      vertex 61.8652 37.063 16
      vertex 61.438 37.1655 16
    endloop
  endfacet
  facet normal 0 0 1
    outer loop
      vertex 61.8652 37.063 16
      vertex 61.4326 35.7315 16
      vertex 61.6356 35.6474 16
    endloop
  endfacet
  facet normal 0 0 1
    outer loop
      vertex 61.438 37.1655 16
      vertex 61.219 35.7828 16
      vertex 61.4326 35.7315 16
    endloop
  endfacet
  facet normal 0 0 1
    outer loop
      vertex 61 37.2 16
      vertex 61.219 35.7828 16
      vertex 61.438 37.1655 16
    endloop
  endfacet
  facet normal 0 0 1
    outer loop
      vertex 61 37.2 16
      vertex 61 35.8 16
      vertex 61.219 35.7828 16
    endloop
  endfacet
  facet normal 0 0 1
    outer loop
      vertex 61 37.2 16
      vertex 60.781 35.7828 16
      vertex 61 35.8 16
    endloop
  endfacet
  facet normal -0 0 1
    outer loop
      vertex 60.562 37.1655 16
      vertex 60.781 35.7828 16
      vertex 61 37.2 16
    endloop
  endfacet
  facet normal 0 0 1
    outer loop
      vertex 60.781 35.7828 16
      vertex 60.562 37.1655 16
      vertex 60.5674 35.7315 16
    endloop
  endfacet
  facet normal -0 0 1
    outer loop
      vertex 60.1348 37.063 16
      vertex 60.5674 35.7315 16
      vertex 60.562 37.1655 16
    endloop
  endfacet
  facet normal 0 0 1
    outer loop
      vertex 60.5674 35.7315 16
      vertex 60.1348 37.063 16
      vertex 60.3644 35.6474 16
    endloop
  endfacet
  facet normal -0 0 1
    outer loop
      vertex 59.7288 36.8948 16
      vertex 60.3644 35.6474 16
      vertex 60.1348 37.063 16
    endloop
  endfacet
  facet normal 0 0 1
    outer loop
      vertex 60.3644 35.6474 16
      vertex 59.7288 36.8948 16
      vertex 60.1771 35.5326 16
    endloop
  endfacet
  facet normal -0 0 1
    outer loop
      vertex 59.3542 36.6652 16
      vertex 60.1771 35.5326 16
      vertex 59.7288 36.8948 16
    endloop
  endfacet
  facet normal 0 0 1
    outer loop
      vertex 60.1771 35.5326 16
      vertex 59.3542 36.6652 16
      vertex 60.0101 35.3899 16
    endloop
  endfacet
  facet normal -0 0 1
    outer loop
      vertex 59.0201 36.3799 16
      vertex 60.0101 35.3899 16
      vertex 59.3542 36.6652 16
    endloop
  endfacet
  facet normal 0 0 1
    outer loop
      vertex 60.0101 35.3899 16
      vertex 59.0201 36.3799 16
      vertex 59.8674 35.2229 16
    endloop
  endfacet
  facet normal -0 0 1
    outer loop
      vertex 58.7348 36.0458 16
      vertex 59.8674 35.2229 16
      vertex 59.0201 36.3799 16
    endloop
  endfacet
  facet normal 0 0 1
    outer loop
      vertex 59.8674 35.2229 16
      vertex 58.7348 36.0458 16
      vertex 59.7526 35.0356 16
    endloop
  endfacet
  facet normal -0 0 1
    outer loop
      vertex 58.5052 35.6712 16
      vertex 59.7526 35.0356 16
      vertex 58.7348 36.0458 16
    endloop
  endfacet
  facet normal 0 0 1
    outer loop
      vertex 63.4948 33.1288 16
      vertex 62.2474 33.7644 16
      vertex 63.2652 32.7542 16
    endloop
  endfacet
  facet normal -0 0 1
    outer loop
      vertex 62.1326 33.5771 16
      vertex 63.2652 32.7542 16
      vertex 62.2474 33.7644 16
    endloop
  endfacet
  facet normal 0 0 1
    outer loop
      vertex 63.2652 32.7542 16
      vertex 62.1326 33.5771 16
      vertex 62.9799 32.4201 16
    endloop
  endfacet
  facet normal -0 0 1
    outer loop
      vertex 61.9899 33.41 16
      vertex 62.9799 32.4201 16
      vertex 62.1326 33.5771 16
    endloop
  endfacet
  facet normal 0 0 1
    outer loop
      vertex 62.9799 32.4201 16
      vertex 61.9899 33.41 16
      vertex 62.6458 32.1348 16
    endloop
  endfacet
  facet normal -0 0 1
    outer loop
      vertex 61.8229 33.2674 16
      vertex 62.6458 32.1348 16
      vertex 61.9899 33.41 16
    endloop
  endfacet
  facet normal 0 0 1
    outer loop
      vertex 62.6458 32.1348 16
      vertex 61.8229 33.2674 16
      vertex 62.2712 31.9052 16
    endloop
  endfacet
  facet normal -0 0 1
    outer loop
      vertex 61.6356 33.1526 16
      vertex 62.2712 31.9052 16
      vertex 61.8229 33.2674 16
    endloop
  endfacet
  facet normal 0 0 1
    outer loop
      vertex 62.2712 31.9052 16
      vertex 61.6356 33.1526 16
      vertex 61.8652 31.737 16
    endloop
  endfacet
  facet normal -0 0 1
    outer loop
      vertex 61.4326 33.0685 16
      vertex 61.8652 31.737 16
      vertex 61.6356 33.1526 16
    endloop
  endfacet
  facet normal 0 0 1
    outer loop
      vertex 61.8652 31.737 16
      vertex 61.4326 33.0685 16
      vertex 61.438 31.6345 16
    endloop
  endfacet
  facet normal -0 0 1
    outer loop
      vertex 61.219 33.0172 16
      vertex 61.438 31.6345 16
      vertex 61.4326 33.0685 16
    endloop
  endfacet
  facet normal -0 0 1
    outer loop
      vertex 61 33 16
      vertex 61.438 31.6345 16
      vertex 61.219 33.0172 16
    endloop
  endfacet
  facet normal 0 0 1
    outer loop
      vertex 61 33 16
      vertex 61 31.6 16
      vertex 61.438 31.6345 16
    endloop
  endfacet
  facet normal 0 0 1
    outer loop
      vertex 60.781 33.0172 16
      vertex 61 31.6 16
      vertex 61 33 16
    endloop
  endfacet
  facet normal 0 0 1
    outer loop
      vertex 60.562 31.6345 16
      vertex 60.781 33.0172 16
      vertex 60.5674 33.0685 16
    endloop
  endfacet
  facet normal 0 0 1
    outer loop
      vertex 60.781 33.0172 16
      vertex 60.562 31.6345 16
      vertex 61 31.6 16
    endloop
  endfacet
  facet normal 0 0 1
    outer loop
      vertex 60.1348 31.737 16
      vertex 60.5674 33.0685 16
      vertex 60.3644 33.1526 16
    endloop
  endfacet
  facet normal 0 0 1
    outer loop
      vertex 59.7288 31.9052 16
      vertex 60.3644 33.1526 16
      vertex 60.1771 33.2674 16
    endloop
  endfacet
  facet normal 0 0 1
    outer loop
      vertex 60.5674 33.0685 16
      vertex 60.1348 31.737 16
      vertex 60.562 31.6345 16
    endloop
  endfacet
  facet normal 0 0 1
    outer loop
      vertex 59.3542 32.1348 16
      vertex 60.1771 33.2674 16
      vertex 60.0101 33.41 16
    endloop
  endfacet
  facet normal 0 0 1
    outer loop
      vertex 59.0201 32.4201 16
      vertex 60.0101 33.41 16
      vertex 59.8674 33.5771 16
    endloop
  endfacet
  facet normal 0 0 1
    outer loop
      vertex 58.7348 32.7542 16
      vertex 59.8674 33.5771 16
      vertex 59.7526 33.7644 16
    endloop
  endfacet
  facet normal 0 0 1
    outer loop
      vertex 60.3644 33.1526 16
      vertex 59.7288 31.9052 16
      vertex 60.1348 31.737 16
    endloop
  endfacet
  facet normal 0 0 1
    outer loop
      vertex 58.5052 33.1288 16
      vertex 59.7526 33.7644 16
      vertex 59.6685 33.9674 16
    endloop
  endfacet
  facet normal 0 0 1
    outer loop
      vertex 58.337 33.5348 16
      vertex 59.6685 33.9674 16
      vertex 59.6172 34.181 16
    endloop
  endfacet
  facet normal 0 0 1
    outer loop
      vertex 58.2345 33.962 16
      vertex 59.6172 34.181 16
      vertex 59.6 34.4 16
    endloop
  endfacet
  facet normal 0 0 1
    outer loop
      vertex 59.7526 35.0356 16
      vertex 58.5052 35.6712 16
      vertex 59.6685 34.8326 16
    endloop
  endfacet
  facet normal 0 0 1
    outer loop
      vertex 60.1771 33.2674 16
      vertex 59.3542 32.1348 16
      vertex 59.7288 31.9052 16
    endloop
  endfacet
  facet normal -0 0 1
    outer loop
      vertex 58.337 35.2652 16
      vertex 59.6685 34.8326 16
      vertex 58.5052 35.6712 16
    endloop
  endfacet
  facet normal 0 0 1
    outer loop
      vertex 60.0101 33.41 16
      vertex 59.0201 32.4201 16
      vertex 59.3542 32.1348 16
    endloop
  endfacet
  facet normal 0 0 1
    outer loop
      vertex 59.6685 34.8326 16
      vertex 58.337 35.2652 16
      vertex 59.6172 34.619 16
    endloop
  endfacet
  facet normal 0 0 1
    outer loop
      vertex 59.8674 33.5771 16
      vertex 58.7348 32.7542 16
      vertex 59.0201 32.4201 16
    endloop
  endfacet
  facet normal -0 0 1
    outer loop
      vertex 58.2345 34.838 16
      vertex 59.6172 34.619 16
      vertex 58.337 35.2652 16
    endloop
  endfacet
  facet normal 0 0 1
    outer loop
      vertex 59.7526 33.7644 16
      vertex 58.5052 33.1288 16
      vertex 58.7348 32.7542 16
    endloop
  endfacet
  facet normal 0 0 1
    outer loop
      vertex 59.6172 34.619 16
      vertex 58.2345 34.838 16
      vertex 59.6 34.4 16
    endloop
  endfacet
  facet normal 0 0 1
    outer loop
      vertex 59.6685 33.9674 16
      vertex 58.337 33.5348 16
      vertex 58.5052 33.1288 16
    endloop
  endfacet
  facet normal 0 0 1
    outer loop
      vertex 58.2 34.4 16
      vertex 59.6 34.4 16
      vertex 58.2345 34.838 16
    endloop
  endfacet
  facet normal 0 0 1
    outer loop
      vertex 59.6172 34.181 16
      vertex 58.2345 33.962 16
      vertex 58.337 33.5348 16
    endloop
  endfacet
  facet normal 0 0 1
    outer loop
      vertex 59.6 34.4 16
      vertex 58.2 34.4 16
      vertex 58.2345 33.962 16
    endloop
  endfacet
  facet normal 0 0 -1
    outer loop
      vertex 65 7 15.5
      vertex 67.2 29 15.5
      vertex 67.2 7 15.5
    endloop
  endfacet
  facet normal -0 0 -1
    outer loop
      vertex 67.2 29 15.5
      vertex 65 7 15.5
      vertex 65 29 15.5
    endloop
  endfacet
  facet normal -0 0 1
    outer loop
      vertex 65 29 9.5
      vertex 67.2 7 9.5
      vertex 67.2 29 9.5
    endloop
  endfacet
  facet normal 0 0 1
    outer loop
      vertex 67.2 7 9.5
      vertex 65 29 9.5
      vertex 65 7 9.5
    endloop
  endfacet
  facet normal 0 -1 0
    outer loop
      vertex 65 29 9.5
      vertex 67.2 29 15.5
      vertex 65 29 15.5
    endloop
  endfacet
  facet normal 0 -1 -0
    outer loop
      vertex 67.2 29 15.5
      vertex 65 29 9.5
      vertex 67.2 29 9.5
    endloop
  endfacet
  facet normal 0 1 -0
    outer loop
      vertex 67.2 7 9.5
      vertex 65 7 15.5
      vertex 67.2 7 15.5
    endloop
  endfacet
  facet normal 0 1 0
    outer loop
      vertex 65 7 15.5
      vertex 67.2 7 9.5
      vertex 65 7 9.5
    endloop
  endfacet
  facet normal -0.19951 0.830988 0.519283
    outer loop
      vertex 52.7771 14.4985 16
      vertex 52.6962 13.1043 18.2
      vertex 52.787 13.1261 18.2
    endloop
  endfacet
  facet normal -0.199252 0.831028 0.519318
    outer loop
      vertex 52.6962 13.1043 18.2
      vertex 52.7771 14.4985 16
      vertex 52.4864 14.4288 16
    endloop
  endfacet
  facet normal -0.554966 0.649885 0.519291
    outer loop
      vertex 54.1988 15.3012 16
      vertex 54.6869 13.9601 18.2
      vertex 55.147 14.353 18.2
    endloop
  endfacet
  facet normal -0.55469 0.650076 0.519346
    outer loop
      vertex 54.6869 13.9601 18.2
      vertex 54.1988 15.3012 16
      vertex 54.055 15.1785 16
    endloop
  endfacet
  facet normal -0.199822 -0.830933 0.519251
    outer loop
      vertex 52.9609 20.4573 16
      vertex 52.787 21.8739 18.2
      vertex 52.7771 20.5015 16
    endloop
  endfacet
  facet normal -0.199448 -0.830984 0.519313
    outer loop
      vertex 52.787 21.8739 18.2
      vertex 52.9609 20.4573 16
      vertex 53.3753 21.7327 18.2
    endloop
  endfacet
  facet normal -0.199448 0.830984 0.519313
    outer loop
      vertex 52.9609 14.5427 16
      vertex 52.787 13.1261 18.2
      vertex 53.3753 13.2673 18.2
    endloop
  endfacet
  facet normal -0.199822 0.830933 0.519251
    outer loop
      vertex 52.787 13.1261 18.2
      vertex 52.9609 14.5427 16
      vertex 52.7771 14.4985 16
    endloop
  endfacet
  facet normal -0.851964 -0.0668916 0.519311
    outer loop
      vertex 56.4505 17.5 18.2
      vertex 55.0947 17.6885 16
      vertex 55.1095 17.5 16
    endloop
  endfacet
  facet normal -0.85196 -0.0671001 0.51929
    outer loop
      vertex 55.0947 17.6885 16
      vertex 56.4505 17.5 18.2
      vertex 56.403 18.1031 18.2
    endloop
  endfacet
  facet normal -0.851977 -0.0668038 0.5193
    outer loop
      vertex 55.0712 17.9864 16
      vertex 56.403 18.1031 18.2
      vertex 56.3957 18.1962 18.2
    endloop
  endfacet
  facet normal -0.851945 -0.0672061 0.519301
    outer loop
      vertex 56.403 18.1031 18.2
      vertex 55.0712 17.9864 16
      vertex 55.0947 17.6885 16
    endloop
  endfacet
  facet normal 0.851916 -0.0677141 0.519282
    outer loop
      vertex 48.8905 17.5 16
      vertex 47.5569 17.5931 18.2
      vertex 47.5495 17.5 18.2
    endloop
  endfacet
  facet normal 0.851979 -0.0669003 0.519285
    outer loop
      vertex 47.5569 17.5931 18.2
      vertex 48.8905 17.5 16
      vertex 48.9139 17.798 16
    endloop
  endfacet
  facet normal 0.72858 -0.446667 0.519287
    outer loop
      vertex 48.0346 19.5205 18.2
      vertex 49.3856 19.1665 16
      vertex 48.0834 19.6001 18.2
    endloop
  endfacet
  facet normal 0.72859 -0.446648 0.51929
    outer loop
      vertex 49.3856 19.1665 16
      vertex 48.0346 19.5205 18.2
      vertex 49.2294 18.9117 16
    endloop
  endfacet
  facet normal -0.830933 0.199822 0.519251
    outer loop
      vertex 54.9573 16.5391 16
      vertex 56.3739 16.713 18.2
      vertex 55.0015 16.7229 16
    endloop
  endfacet
  facet normal -0.830984 0.199448 0.519313
    outer loop
      vertex 56.3739 16.713 18.2
      vertex 54.9573 16.5391 16
      vertex 56.2327 16.1247 18.2
    endloop
  endfacet
  facet normal 0.446667 -0.72858 0.519287
    outer loop
      vertex 50.3335 20.1144 16
      vertex 49.9795 21.4654 18.2
      vertex 49.8999 21.4166 18.2
    endloop
  endfacet
  facet normal 0.446648 -0.72859 0.51929
    outer loop
      vertex 49.9795 21.4654 18.2
      vertex 50.3335 20.1144 16
      vertex 50.5883 20.2706 16
    endloop
  endfacet
  facet normal -0.066959 0.851962 0.519305
    outer loop
      vertex 52.4864 14.4288 16
      vertex 52.0931 13.0569 18.2
      vertex 52.6962 13.1043 18.2
    endloop
  endfacet
  facet normal -0.0673799 0.851971 0.519236
    outer loop
      vertex 52.0931 13.0569 18.2
      vertex 52.4864 14.4288 16
      vertex 52.298 14.4139 16
    endloop
  endfacet
  facet normal 0.830933 0.199822 0.519251
    outer loop
      vertex 47.6261 16.713 18.2
      vertex 49.0427 16.5391 16
      vertex 48.9985 16.7229 16
    endloop
  endfacet
  facet normal 0.830984 0.199448 0.519313
    outer loop
      vertex 49.0427 16.5391 16
      vertex 47.6261 16.713 18.2
      vertex 47.7673 16.1247 18.2
    endloop
  endfacet
  facet normal 0.555134 0.649753 0.519276
    outer loop
      vertex 49.945 15.1785 16
      vertex 49.3841 13.8995 18.2
      vertex 50.1723 14.9843 16
    endloop
  endfacet
  facet normal 0.554307 0.65035 0.519413
    outer loop
      vertex 49.3841 13.8995 18.2
      vertex 49.945 15.1785 16
      vertex 49.313 13.9601 18.2
    endloop
  endfacet
  facet normal 0.327035 -0.789545 0.519294
    outer loop
      vertex 50.5883 20.2706 16
      vertex 50.5384 21.6969 18.2
      vertex 49.9795 21.4654 18.2
    endloop
  endfacet
  facet normal 0.327188 -0.789499 0.519268
    outer loop
      vertex 50.5384 21.6969 18.2
      vertex 50.5883 20.2706 16
      vertex 50.763 20.343 16
    endloop
  endfacet
  facet normal -0.649956 -0.554886 0.519287
    outer loop
      vertex 54.1988 19.6988 16
      vertex 55.5398 20.1869 18.2
      vertex 55.147 20.647 18.2
    endloop
  endfacet
  facet normal -0.650086 -0.554698 0.519324
    outer loop
      vertex 55.5398 20.1869 18.2
      vertex 54.1988 19.6988 16
      vertex 54.3215 19.555 16
    endloop
  endfacet
  facet normal 0.446237 0.728808 0.519337
    outer loop
      vertex 50.1723 14.9843 16
      vertex 49.8999 13.5834 18.2
      vertex 50.3335 14.8856 16
    endloop
  endfacet
  facet normal 0.446547 0.728659 0.519281
    outer loop
      vertex 49.8999 13.5834 18.2
      vertex 50.1723 14.9843 16
      vertex 49.3841 13.8995 18.2
    endloop
  endfacet
  facet normal -0.789594 0.326876 0.519321
    outer loop
      vertex 54.843 16.263 16
      vertex 56.2327 16.1247 18.2
      vertex 54.9573 16.5391 16
    endloop
  endfacet
  facet normal -0.789403 0.327469 0.519237
    outer loop
      vertex 56.2327 16.1247 18.2
      vertex 54.843 16.263 16
      vertex 56.1969 16.0384 18.2
    endloop
  endfacet
  facet normal 0.851916 0.0677141 0.519282
    outer loop
      vertex 47.5569 17.4069 18.2
      vertex 48.8905 17.5 16
      vertex 47.5495 17.5 18.2
    endloop
  endfacet
  facet normal 0.851979 0.0669003 0.519285
    outer loop
      vertex 48.8905 17.5 16
      vertex 47.5569 17.4069 18.2
      vertex 48.9139 17.202 16
    endloop
  endfacet
  facet normal -0.0672061 -0.851945 0.519301
    outer loop
      vertex 52.4864 20.5712 16
      vertex 52.6031 21.903 18.2
      vertex 52.1885 20.5947 16
    endloop
  endfacet
  facet normal -0.0668038 -0.851977 0.5193
    outer loop
      vertex 52.6031 21.903 18.2
      vertex 52.4864 20.5712 16
      vertex 52.6962 21.8957 18.2
    endloop
  endfacet
  facet normal -0.851964 0.0668916 0.519311
    outer loop
      vertex 55.0947 17.3115 16
      vertex 56.4505 17.5 18.2
      vertex 55.1095 17.5 16
    endloop
  endfacet
  facet normal -0.85196 0.0671001 0.51929
    outer loop
      vertex 56.4505 17.5 18.2
      vertex 55.0947 17.3115 16
      vertex 56.403 16.8969 18.2
    endloop
  endfacet
  facet normal 0.85192 -0.0673758 0.51932
    outer loop
      vertex 47.6043 18.1962 18.2
      vertex 48.9139 17.798 16
      vertex 48.9288 17.9864 16
    endloop
  endfacet
  facet normal 0.851978 -0.0669603 0.519279
    outer loop
      vertex 48.9139 17.798 16
      vertex 47.6043 18.1962 18.2
      vertex 47.5569 17.5931 18.2
    endloop
  endfacet
  facet normal -0.55479 0.650001 0.519333
    outer loop
      vertex 54.055 15.1785 16
      vertex 54.6159 13.8995 18.2
      vertex 54.6869 13.9601 18.2
    endloop
  endfacet
  facet normal -0.555134 0.649753 0.519276
    outer loop
      vertex 54.6159 13.8995 18.2
      vertex 54.055 15.1785 16
      vertex 53.8277 14.9843 16
    endloop
  endfacet
  facet normal -0.789499 0.327188 0.519268
    outer loop
      vertex 54.7706 16.0883 16
      vertex 56.1969 16.0384 18.2
      vertex 54.843 16.263 16
    endloop
  endfacet
  facet normal -0.789545 0.327035 0.519294
    outer loop
      vertex 56.1969 16.0384 18.2
      vertex 54.7706 16.0883 16
      vertex 55.9654 15.4795 18.2
    endloop
  endfacet
  facet normal 0.199252 0.831028 0.519318
    outer loop
      vertex 51.2229 14.4985 16
      vertex 51.3038 13.1043 18.2
      vertex 51.5136 14.4288 16
    endloop
  endfacet
  facet normal 0.19951 0.830988 0.519283
    outer loop
      vertex 51.3038 13.1043 18.2
      vertex 51.2229 14.4985 16
      vertex 51.213 13.1261 18.2
    endloop
  endfacet
  facet normal -0.650086 0.554698 0.519324
    outer loop
      vertex 54.1988 15.3012 16
      vertex 55.5398 14.8131 18.2
      vertex 54.3215 15.445 16
    endloop
  endfacet
  facet normal -0.649956 0.554886 0.519287
    outer loop
      vertex 55.5398 14.8131 18.2
      vertex 54.1988 15.3012 16
      vertex 55.147 14.353 18.2
    endloop
  endfacet
  facet normal 0.327469 -0.789403 0.519237
    outer loop
      vertex 50.763 20.343 16
      vertex 50.6247 21.7327 18.2
      vertex 50.5384 21.6969 18.2
    endloop
  endfacet
  facet normal 0.326876 -0.789594 0.519321
    outer loop
      vertex 50.6247 21.7327 18.2
      vertex 50.763 20.343 16
      vertex 51.0391 20.4573 16
    endloop
  endfacet
  facet normal -0.851945 0.0672061 0.519301
    outer loop
      vertex 55.0712 17.0136 16
      vertex 56.403 16.8969 18.2
      vertex 55.0947 17.3115 16
    endloop
  endfacet
  facet normal -0.851977 0.0668038 0.5193
    outer loop
      vertex 56.403 16.8969 18.2
      vertex 55.0712 17.0136 16
      vertex 56.3957 16.8038 18.2
    endloop
  endfacet
  facet normal -0.831028 0.199252 0.519318
    outer loop
      vertex 55.0015 16.7229 16
      vertex 56.3957 16.8038 18.2
      vertex 55.0712 17.0136 16
    endloop
  endfacet
  facet normal -0.830988 0.19951 0.519283
    outer loop
      vertex 56.3957 16.8038 18.2
      vertex 55.0015 16.7229 16
      vertex 56.3739 16.713 18.2
    endloop
  endfacet
  facet normal 0.831028 0.199252 0.519318
    outer loop
      vertex 47.6043 16.8038 18.2
      vertex 48.9985 16.7229 16
      vertex 48.9288 17.0136 16
    endloop
  endfacet
  facet normal 0.830988 0.19951 0.519283
    outer loop
      vertex 48.9985 16.7229 16
      vertex 47.6043 16.8038 18.2
      vertex 47.6261 16.713 18.2
    endloop
  endfacet
  facet normal 0.728808 0.446237 0.519337
    outer loop
      vertex 48.0834 15.3999 18.2
      vertex 49.4843 15.6723 16
      vertex 49.3856 15.8335 16
    endloop
  endfacet
  facet normal 0.728659 0.446547 0.519281
    outer loop
      vertex 49.4843 15.6723 16
      vertex 48.0834 15.3999 18.2
      vertex 48.3995 14.8841 18.2
    endloop
  endfacet
  facet normal -0.446547 0.728659 0.519281
    outer loop
      vertex 53.8277 14.9843 16
      vertex 54.1001 13.5834 18.2
      vertex 54.6159 13.8995 18.2
    endloop
  endfacet
  facet normal -0.446237 0.728808 0.519337
    outer loop
      vertex 54.1001 13.5834 18.2
      vertex 53.8277 14.9843 16
      vertex 53.6665 14.8856 16
    endloop
  endfacet
  facet normal 0.554682 0.650068 0.519364
    outer loop
      vertex 49.8012 15.3012 16
      vertex 49.313 13.9601 18.2
      vertex 49.945 15.1785 16
    endloop
  endfacet
  facet normal 0.555034 0.649824 0.519294
    outer loop
      vertex 49.313 13.9601 18.2
      vertex 49.8012 15.3012 16
      vertex 48.853 14.353 18.2
    endloop
  endfacet
  facet normal 0.446648 0.72859 0.51929
    outer loop
      vertex 50.3335 14.8856 16
      vertex 49.9795 13.5346 18.2
      vertex 50.5883 14.7294 16
    endloop
  endfacet
  facet normal 0.446667 0.72858 0.519287
    outer loop
      vertex 49.9795 13.5346 18.2
      vertex 50.3335 14.8856 16
      vertex 49.8999 13.5834 18.2
    endloop
  endfacet
  facet normal -0.0668916 -0.851964 0.519311
    outer loop
      vertex 52.1885 20.5947 16
      vertex 52 21.9505 18.2
      vertex 52 20.6095 16
    endloop
  endfacet
  facet normal -0.0671001 -0.85196 0.51929
    outer loop
      vertex 52 21.9505 18.2
      vertex 52.1885 20.5947 16
      vertex 52.6031 21.903 18.2
    endloop
  endfacet
  facet normal 0.649885 -0.554966 0.519291
    outer loop
      vertex 48.4601 20.1869 18.2
      vertex 49.8012 19.6988 16
      vertex 48.853 20.647 18.2
    endloop
  endfacet
  facet normal 0.650076 -0.55469 0.519346
    outer loop
      vertex 49.8012 19.6988 16
      vertex 48.4601 20.1869 18.2
      vertex 49.6785 19.555 16
    endloop
  endfacet
  facet normal 0.0671001 -0.85196 0.51929
    outer loop
      vertex 51.8115 20.5947 16
      vertex 52 21.9505 18.2
      vertex 51.3969 21.903 18.2
    endloop
  endfacet
  facet normal 0.0668916 -0.851964 0.519311
    outer loop
      vertex 52 21.9505 18.2
      vertex 51.8115 20.5947 16
      vertex 52 20.6095 16
    endloop
  endfacet
  facet normal -0.789403 -0.327469 0.519237
    outer loop
      vertex 54.843 18.737 16
      vertex 56.2327 18.8753 18.2
      vertex 56.1969 18.9616 18.2
    endloop
  endfacet
  facet normal -0.789594 -0.326876 0.519321
    outer loop
      vertex 56.2327 18.8753 18.2
      vertex 54.843 18.737 16
      vertex 54.9573 18.4609 16
    endloop
  endfacet
  facet normal 0.555034 -0.649824 0.519294
    outer loop
      vertex 49.8012 19.6988 16
      vertex 49.313 21.0399 18.2
      vertex 48.853 20.647 18.2
    endloop
  endfacet
  facet normal 0.554682 -0.650068 0.519364
    outer loop
      vertex 49.313 21.0399 18.2
      vertex 49.8012 19.6988 16
      vertex 49.945 19.8215 16
    endloop
  endfacet
  facet normal 0.0669603 0.851978 0.519279
    outer loop
      vertex 51.702 14.4139 16
      vertex 51.3038 13.1043 18.2
      vertex 51.9069 13.0569 18.2
    endloop
  endfacet
  facet normal 0.0673758 0.85192 0.51932
    outer loop
      vertex 51.3038 13.1043 18.2
      vertex 51.702 14.4139 16
      vertex 51.5136 14.4288 16
    endloop
  endfacet
  facet normal 0.830984 -0.199448 0.519313
    outer loop
      vertex 47.6261 18.287 18.2
      vertex 49.0427 18.4609 16
      vertex 47.7673 18.8753 18.2
    endloop
  endfacet
  facet normal 0.830933 -0.199822 0.519251
    outer loop
      vertex 49.0427 18.4609 16
      vertex 47.6261 18.287 18.2
      vertex 48.9985 18.2771 16
    endloop
  endfacet
  facet normal -0.327035 0.789545 0.519294
    outer loop
      vertex 53.4117 14.7294 16
      vertex 53.4616 13.3031 18.2
      vertex 54.0205 13.5346 18.2
    endloop
  endfacet
  facet normal -0.327188 0.789499 0.519268
    outer loop
      vertex 53.4616 13.3031 18.2
      vertex 53.4117 14.7294 16
      vertex 53.237 14.657 16
    endloop
  endfacet
  facet normal 0.728659 -0.446547 0.519281
    outer loop
      vertex 48.0834 19.6001 18.2
      vertex 49.4843 19.3277 16
      vertex 48.3995 20.1159 18.2
    endloop
  endfacet
  facet normal 0.728808 -0.446237 0.519337
    outer loop
      vertex 49.4843 19.3277 16
      vertex 48.0834 19.6001 18.2
      vertex 49.3856 19.1665 16
    endloop
  endfacet
  facet normal 0.446547 -0.728659 0.519281
    outer loop
      vertex 50.1723 20.0157 16
      vertex 49.8999 21.4166 18.2
      vertex 49.3841 21.1005 18.2
    endloop
  endfacet
  facet normal 0.446237 -0.728808 0.519337
    outer loop
      vertex 49.8999 21.4166 18.2
      vertex 50.1723 20.0157 16
      vertex 50.3335 20.1144 16
    endloop
  endfacet
  facet normal 0.326876 0.789594 0.519321
    outer loop
      vertex 50.763 14.657 16
      vertex 50.6247 13.2673 18.2
      vertex 51.0391 14.5427 16
    endloop
  endfacet
  facet normal 0.327469 0.789403 0.519237
    outer loop
      vertex 50.6247 13.2673 18.2
      vertex 50.763 14.657 16
      vertex 50.5384 13.3031 18.2
    endloop
  endfacet
  facet normal -0.649753 0.555134 0.519276
    outer loop
      vertex 54.3215 15.445 16
      vertex 55.6005 14.8841 18.2
      vertex 54.5157 15.6723 16
    endloop
  endfacet
  facet normal -0.649592 0.555356 0.51924
    outer loop
      vertex 55.6005 14.8841 18.2
      vertex 54.3215 15.445 16
      vertex 55.5398 14.8131 18.2
    endloop
  endfacet
  facet normal 0.327188 0.789499 0.519268
    outer loop
      vertex 50.5883 14.7294 16
      vertex 50.5384 13.3031 18.2
      vertex 50.763 14.657 16
    endloop
  endfacet
  facet normal 0.327035 0.789545 0.519294
    outer loop
      vertex 50.5384 13.3031 18.2
      vertex 50.5883 14.7294 16
      vertex 49.9795 13.5346 18.2
    endloop
  endfacet
  facet normal 0.649753 0.555134 0.519276
    outer loop
      vertex 48.3995 14.8841 18.2
      vertex 49.6785 15.445 16
      vertex 49.4843 15.6723 16
    endloop
  endfacet
  facet normal 0.650001 0.55479 0.519333
    outer loop
      vertex 49.6785 15.445 16
      vertex 48.3995 14.8841 18.2
      vertex 48.4601 14.8131 18.2
    endloop
  endfacet
  facet normal 0.199448 -0.830984 0.519313
    outer loop
      vertex 51.0391 20.4573 16
      vertex 51.213 21.8739 18.2
      vertex 50.6247 21.7327 18.2
    endloop
  endfacet
  facet normal 0.199822 -0.830933 0.519251
    outer loop
      vertex 51.213 21.8739 18.2
      vertex 51.0391 20.4573 16
      vertex 51.2229 20.5015 16
    endloop
  endfacet
  facet normal 0.19951 -0.830988 0.519283
    outer loop
      vertex 51.2229 20.5015 16
      vertex 51.3038 21.8957 18.2
      vertex 51.213 21.8739 18.2
    endloop
  endfacet
  facet normal 0.199252 -0.831028 0.519318
    outer loop
      vertex 51.3038 21.8957 18.2
      vertex 51.2229 20.5015 16
      vertex 51.5136 20.5712 16
    endloop
  endfacet
  facet normal 0.650001 -0.55479 0.519333
    outer loop
      vertex 48.3995 20.1159 18.2
      vertex 49.6785 19.555 16
      vertex 48.4601 20.1869 18.2
    endloop
  endfacet
  facet normal 0.649753 -0.555134 0.519276
    outer loop
      vertex 49.6785 19.555 16
      vertex 48.3995 20.1159 18.2
      vertex 49.4843 19.3277 16
    endloop
  endfacet
  facet normal -0.327188 -0.789499 0.519268
    outer loop
      vertex 53.4117 20.2706 16
      vertex 53.4616 21.6969 18.2
      vertex 53.237 20.343 16
    endloop
  endfacet
  facet normal -0.327035 -0.789545 0.519294
    outer loop
      vertex 53.4616 21.6969 18.2
      vertex 53.4117 20.2706 16
      vertex 54.0205 21.4654 18.2
    endloop
  endfacet
  facet normal 0.650076 0.55469 0.519346
    outer loop
      vertex 48.4601 14.8131 18.2
      vertex 49.8012 15.3012 16
      vertex 49.6785 15.445 16
    endloop
  endfacet
  facet normal 0.649885 0.554966 0.519291
    outer loop
      vertex 49.8012 15.3012 16
      vertex 48.4601 14.8131 18.2
      vertex 48.853 14.353 18.2
    endloop
  endfacet
  facet normal -0.72859 0.446648 0.51929
    outer loop
      vertex 54.6144 15.8335 16
      vertex 55.9654 15.4795 18.2
      vertex 54.7706 16.0883 16
    endloop
  endfacet
  facet normal -0.72858 0.446667 0.519287
    outer loop
      vertex 55.9654 15.4795 18.2
      vertex 54.6144 15.8335 16
      vertex 55.9166 15.3999 18.2
    endloop
  endfacet
  facet normal 0.0677141 0.851916 0.519282
    outer loop
      vertex 52 14.3905 16
      vertex 51.9069 13.0569 18.2
      vertex 52 13.0495 18.2
    endloop
  endfacet
  facet normal 0.0669003 0.851979 0.519285
    outer loop
      vertex 51.9069 13.0569 18.2
      vertex 52 14.3905 16
      vertex 51.702 14.4139 16
    endloop
  endfacet
  facet normal -0.446237 -0.728808 0.519337
    outer loop
      vertex 53.8277 20.0157 16
      vertex 54.1001 21.4166 18.2
      vertex 53.6665 20.1144 16
    endloop
  endfacet
  facet normal -0.446547 -0.728659 0.519281
    outer loop
      vertex 54.1001 21.4166 18.2
      vertex 53.8277 20.0157 16
      vertex 54.6159 21.1005 18.2
    endloop
  endfacet
  facet normal -0.728808 0.446237 0.519337
    outer loop
      vertex 54.5157 15.6723 16
      vertex 55.9166 15.3999 18.2
      vertex 54.6144 15.8335 16
    endloop
  endfacet
  facet normal -0.728659 0.446547 0.519281
    outer loop
      vertex 55.9166 15.3999 18.2
      vertex 54.5157 15.6723 16
      vertex 55.6005 14.8841 18.2
    endloop
  endfacet
  facet normal -0.327469 0.789403 0.519237
    outer loop
      vertex 53.237 14.657 16
      vertex 53.3753 13.2673 18.2
      vertex 53.4616 13.3031 18.2
    endloop
  endfacet
  facet normal -0.326876 0.789594 0.519321
    outer loop
      vertex 53.3753 13.2673 18.2
      vertex 53.237 14.657 16
      vertex 52.9609 14.5427 16
    endloop
  endfacet
  facet normal -0.446667 0.72858 0.519287
    outer loop
      vertex 53.6665 14.8856 16
      vertex 54.0205 13.5346 18.2
      vertex 54.1001 13.5834 18.2
    endloop
  endfacet
  facet normal -0.446648 0.72859 0.51929
    outer loop
      vertex 54.0205 13.5346 18.2
      vertex 53.6665 14.8856 16
      vertex 53.4117 14.7294 16
    endloop
  endfacet
  facet normal -0.0669003 0.851979 0.519285
    outer loop
      vertex 52 14.3905 16
      vertex 52.0931 13.0569 18.2
      vertex 52.298 14.4139 16
    endloop
  endfacet
  facet normal -0.0677141 0.851916 0.519282
    outer loop
      vertex 52.0931 13.0569 18.2
      vertex 52 14.3905 16
      vertex 52 13.0495 18.2
    endloop
  endfacet
  facet normal 0.789545 -0.327035 0.519294
    outer loop
      vertex 47.8031 18.9616 18.2
      vertex 49.2294 18.9117 16
      vertex 48.0346 19.5205 18.2
    endloop
  endfacet
  facet normal 0.789499 -0.327188 0.519268
    outer loop
      vertex 49.2294 18.9117 16
      vertex 47.8031 18.9616 18.2
      vertex 49.157 18.737 16
    endloop
  endfacet
  facet normal 0.199822 0.830933 0.519251
    outer loop
      vertex 51.0391 14.5427 16
      vertex 51.213 13.1261 18.2
      vertex 51.2229 14.4985 16
    endloop
  endfacet
  facet normal 0.199448 0.830984 0.519313
    outer loop
      vertex 51.213 13.1261 18.2
      vertex 51.0391 14.5427 16
      vertex 50.6247 13.2673 18.2
    endloop
  endfacet
  facet normal 0.789499 0.327188 0.519268
    outer loop
      vertex 47.8031 16.0384 18.2
      vertex 49.2294 16.0883 16
      vertex 49.157 16.263 16
    endloop
  endfacet
  facet normal 0.789545 0.327035 0.519294
    outer loop
      vertex 49.2294 16.0883 16
      vertex 47.8031 16.0384 18.2
      vertex 48.0346 15.4795 18.2
    endloop
  endfacet
  facet normal 0.789594 0.326876 0.519321
    outer loop
      vertex 47.7673 16.1247 18.2
      vertex 49.157 16.263 16
      vertex 49.0427 16.5391 16
    endloop
  endfacet
  facet normal 0.789403 0.327469 0.519237
    outer loop
      vertex 49.157 16.263 16
      vertex 47.7673 16.1247 18.2
      vertex 47.8031 16.0384 18.2
    endloop
  endfacet
  facet normal -0.326876 -0.789594 0.519321
    outer loop
      vertex 53.237 20.343 16
      vertex 53.3753 21.7327 18.2
      vertex 52.9609 20.4573 16
    endloop
  endfacet
  facet normal -0.327469 -0.789403 0.519237
    outer loop
      vertex 53.3753 21.7327 18.2
      vertex 53.237 20.343 16
      vertex 53.4616 21.6969 18.2
    endloop
  endfacet
  facet normal 0.830988 -0.19951 0.519283
    outer loop
      vertex 47.6043 18.1962 18.2
      vertex 48.9985 18.2771 16
      vertex 47.6261 18.287 18.2
    endloop
  endfacet
  facet normal 0.831028 -0.199252 0.519318
    outer loop
      vertex 48.9985 18.2771 16
      vertex 47.6043 18.1962 18.2
      vertex 48.9288 17.9864 16
    endloop
  endfacet
  facet normal -0.72858 -0.446667 0.519287
    outer loop
      vertex 54.6144 19.1665 16
      vertex 55.9654 19.5205 18.2
      vertex 55.9166 19.6001 18.2
    endloop
  endfacet
  facet normal -0.72859 -0.446648 0.51929
    outer loop
      vertex 55.9654 19.5205 18.2
      vertex 54.6144 19.1665 16
      vertex 54.7706 18.9117 16
    endloop
  endfacet
  facet normal -0.789545 -0.327035 0.519294
    outer loop
      vertex 54.7706 18.9117 16
      vertex 56.1969 18.9616 18.2
      vertex 55.9654 19.5205 18.2
    endloop
  endfacet
  facet normal -0.789499 -0.327188 0.519268
    outer loop
      vertex 56.1969 18.9616 18.2
      vertex 54.7706 18.9117 16
      vertex 54.843 18.737 16
    endloop
  endfacet
  facet normal 0.851971 0.0673799 0.519236
    outer loop
      vertex 47.5569 17.4069 18.2
      vertex 48.9288 17.0136 16
      vertex 48.9139 17.202 16
    endloop
  endfacet
  facet normal 0.851962 0.066959 0.519305
    outer loop
      vertex 48.9288 17.0136 16
      vertex 47.5569 17.4069 18.2
      vertex 47.6043 16.8038 18.2
    endloop
  endfacet
  facet normal -0.199252 -0.831028 0.519318
    outer loop
      vertex 52.7771 20.5015 16
      vertex 52.6962 21.8957 18.2
      vertex 52.4864 20.5712 16
    endloop
  endfacet
  facet normal -0.19951 -0.830988 0.519283
    outer loop
      vertex 52.6962 21.8957 18.2
      vertex 52.7771 20.5015 16
      vertex 52.787 21.8739 18.2
    endloop
  endfacet
  facet normal -0.649592 -0.555356 0.51924
    outer loop
      vertex 54.3215 19.555 16
      vertex 55.6005 20.1159 18.2
      vertex 55.5398 20.1869 18.2
    endloop
  endfacet
  facet normal -0.649753 -0.555134 0.519276
    outer loop
      vertex 55.6005 20.1159 18.2
      vertex 54.3215 19.555 16
      vertex 54.5157 19.3277 16
    endloop
  endfacet
  facet normal 0.789403 -0.327469 0.519237
    outer loop
      vertex 47.7673 18.8753 18.2
      vertex 49.157 18.737 16
      vertex 47.8031 18.9616 18.2
    endloop
  endfacet
  facet normal 0.789594 -0.326876 0.519321
    outer loop
      vertex 49.157 18.737 16
      vertex 47.7673 18.8753 18.2
      vertex 49.0427 18.4609 16
    endloop
  endfacet
  facet normal 0.72859 0.446648 0.51929
    outer loop
      vertex 48.0346 15.4795 18.2
      vertex 49.3856 15.8335 16
      vertex 49.2294 16.0883 16
    endloop
  endfacet
  facet normal 0.72858 0.446667 0.519287
    outer loop
      vertex 49.3856 15.8335 16
      vertex 48.0346 15.4795 18.2
      vertex 48.0834 15.3999 18.2
    endloop
  endfacet
  facet normal 0.554307 -0.65035 0.519413
    outer loop
      vertex 49.945 19.8215 16
      vertex 49.3841 21.1005 18.2
      vertex 49.313 21.0399 18.2
    endloop
  endfacet
  facet normal 0.555134 -0.649753 0.519276
    outer loop
      vertex 49.3841 21.1005 18.2
      vertex 49.945 19.8215 16
      vertex 50.1723 20.0157 16
    endloop
  endfacet
  facet normal 0.0668038 -0.851977 0.5193
    outer loop
      vertex 51.5136 20.5712 16
      vertex 51.3969 21.903 18.2
      vertex 51.3038 21.8957 18.2
    endloop
  endfacet
  facet normal 0.0672061 -0.851945 0.519301
    outer loop
      vertex 51.3969 21.903 18.2
      vertex 51.5136 20.5712 16
      vertex 51.8115 20.5947 16
    endloop
  endfacet
  facet normal -0.446648 -0.72859 0.51929
    outer loop
      vertex 53.6665 20.1144 16
      vertex 54.0205 21.4654 18.2
      vertex 53.4117 20.2706 16
    endloop
  endfacet
  facet normal -0.446667 -0.72858 0.519287
    outer loop
      vertex 54.0205 21.4654 18.2
      vertex 53.6665 20.1144 16
      vertex 54.1001 21.4166 18.2
    endloop
  endfacet
  facet normal -0.728659 -0.446547 0.519281
    outer loop
      vertex 54.5157 19.3277 16
      vertex 55.9166 19.6001 18.2
      vertex 55.6005 20.1159 18.2
    endloop
  endfacet
  facet normal -0.728808 -0.446237 0.519337
    outer loop
      vertex 55.9166 19.6001 18.2
      vertex 54.5157 19.3277 16
      vertex 54.6144 19.1665 16
    endloop
  endfacet
  facet normal -0.555134 -0.649753 0.519276
    outer loop
      vertex 54.055 19.8215 16
      vertex 54.6159 21.1005 18.2
      vertex 53.8277 20.0157 16
    endloop
  endfacet
  facet normal -0.55479 -0.650001 0.519333
    outer loop
      vertex 54.6159 21.1005 18.2
      vertex 54.055 19.8215 16
      vertex 54.6869 21.0399 18.2
    endloop
  endfacet
  facet normal -0.55469 -0.650076 0.519346
    outer loop
      vertex 54.1988 19.6988 16
      vertex 54.6869 21.0399 18.2
      vertex 54.055 19.8215 16
    endloop
  endfacet
  facet normal -0.554966 -0.649885 0.519291
    outer loop
      vertex 54.6869 21.0399 18.2
      vertex 54.1988 19.6988 16
      vertex 55.147 20.647 18.2
    endloop
  endfacet
  facet normal -0.830984 -0.199448 0.519313
    outer loop
      vertex 54.9573 18.4609 16
      vertex 56.3739 18.287 18.2
      vertex 56.2327 18.8753 18.2
    endloop
  endfacet
  facet normal -0.830933 -0.199822 0.519251
    outer loop
      vertex 56.3739 18.287 18.2
      vertex 54.9573 18.4609 16
      vertex 55.0015 18.2771 16
    endloop
  endfacet
  facet normal -0.830988 -0.19951 0.519283
    outer loop
      vertex 55.0015 18.2771 16
      vertex 56.3957 18.1962 18.2
      vertex 56.3739 18.287 18.2
    endloop
  endfacet
  facet normal -0.831028 -0.199252 0.519318
    outer loop
      vertex 56.3957 18.1962 18.2
      vertex 55.0015 18.2771 16
      vertex 55.0712 17.9864 16
    endloop
  endfacet
  facet normal -0.649444 -0.76041 0
    outer loop
      vertex 0.701903 -0.698097 0
      vertex 1.05539 -1 16
      vertex 0.701903 -0.698097 16
    endloop
  endfacet
  facet normal -0.649444 -0.76041 -0
    outer loop
      vertex 1.05539 -1 16
      vertex 0.701903 -0.698097 0
      vertex 1.05539 -1 0
    endloop
  endfacet
  facet normal 0.972367 0.233459 0
    outer loop
      vertex 6.20999 2.10841 16
      vertex 6.09093 2.6043 0
      vertex 6.09093 2.6043 16
    endloop
  endfacet
  facet normal 0.972367 0.233459 0
    outer loop
      vertex 6.09093 2.6043 0
      vertex 6.20999 2.10841 16
      vertex 6.20999 2.10841 0
    endloop
  endfacet
  facet normal 0.996918 0.0784538 0
    outer loop
      vertex 6.25 1.6 16
      vertex 6.20999 2.10841 0
      vertex 6.20999 2.10841 16
    endloop
  endfacet
  facet normal 0.996918 0.0784538 0
    outer loop
      vertex 6.20999 2.10841 0
      vertex 6.25 1.6 16
      vertex 6.25 1.6 0
    endloop
  endfacet
  facet normal 0.923883 0.382675 0
    outer loop
      vertex 6.09093 2.6043 16
      vertex 5.89577 3.07547 0
      vertex 5.89577 3.07547 16
    endloop
  endfacet
  facet normal 0.923883 0.382675 0
    outer loop
      vertex 5.89577 3.07547 0
      vertex 6.09093 2.6043 16
      vertex 6.09093 2.6043 0
    endloop
  endfacet
  facet normal 0.233459 0.972367 -0
    outer loop
      vertex 4.0043 4.69093 0
      vertex 3.50841 4.80999 16
      vertex 4.0043 4.69093 16
    endloop
  endfacet
  facet normal 0.233459 0.972367 0
    outer loop
      vertex 3.50841 4.80999 16
      vertex 4.0043 4.69093 0
      vertex 3.50841 4.80999 0
    endloop
  endfacet
  facet normal 0.760418 0.649434 0
    outer loop
      vertex 5.6293 3.5103 16
      vertex 5.2981 3.8981 0
      vertex 5.2981 3.8981 16
    endloop
  endfacet
  facet normal 0.760418 0.649434 0
    outer loop
      vertex 5.2981 3.8981 0
      vertex 5.6293 3.5103 16
      vertex 5.6293 3.5103 0
    endloop
  endfacet
  facet normal -0.649437 0.760416 0
    outer loop
      vertex 1.0897 4.2293 0
      vertex 0.701903 3.8981 16
      vertex 1.0897 4.2293 16
    endloop
  endfacet
  facet normal -0.649437 0.760416 0
    outer loop
      vertex 0.701903 3.8981 16
      vertex 1.0897 4.2293 0
      vertex 0.701903 3.8981 0
    endloop
  endfacet
  facet normal -0.996917 0.0784596 0
    outer loop
      vertex -0.25 1.6 0
      vertex -0.209987 2.10841 16
      vertex -0.209987 2.10841 0
    endloop
  endfacet
  facet normal -0.996917 0.0784596 0
    outer loop
      vertex -0.209987 2.10841 16
      vertex -0.25 1.6 0
      vertex -0.25 1.6 16
    endloop
  endfacet
  facet normal -0.996917 -0.0784596 0
    outer loop
      vertex -0.209987 1.09159 0
      vertex -0.25 1.6 16
      vertex -0.25 1.6 0
    endloop
  endfacet
  facet normal -0.996917 -0.0784596 0
    outer loop
      vertex -0.25 1.6 16
      vertex -0.209987 1.09159 0
      vertex -0.209987 1.09159 16
    endloop
  endfacet
  facet normal -0.382675 0.923883 0
    outer loop
      vertex 1.9957 4.69093 0
      vertex 1.52453 4.49577 16
      vertex 1.9957 4.69093 16
    endloop
  endfacet
  facet normal -0.382675 0.923883 0
    outer loop
      vertex 1.52453 4.49577 16
      vertex 1.9957 4.69093 0
      vertex 1.52453 4.49577 0
    endloop
  endfacet
  facet normal 0.760415 -0.649438 0
    outer loop
      vertex 5.2981 -0.698097 16
      vertex 5.6293 -0.310301 0
      vertex 5.6293 -0.310301 16
    endloop
  endfacet
  facet normal 0.760415 -0.649438 0
    outer loop
      vertex 5.6293 -0.310301 0
      vertex 5.2981 -0.698097 16
      vertex 5.2981 -0.698097 0
    endloop
  endfacet
  facet normal -0.852639 0.522501 0
    outer loop
      vertex 0.104229 3.07547 0
      vertex 0.370695 3.5103 16
      vertex 0.370695 3.5103 0
    endloop
  endfacet
  facet normal -0.852639 0.522501 0
    outer loop
      vertex 0.370695 3.5103 16
      vertex 0.104229 3.07547 0
      vertex 0.104229 3.07547 16
    endloop
  endfacet
  facet normal -0.97237 -0.233446 0
    outer loop
      vertex -0.0909328 0.595695 0
      vertex -0.209987 1.09159 16
      vertex -0.209987 1.09159 0
    endloop
  endfacet
  facet normal -0.97237 -0.233446 0
    outer loop
      vertex -0.209987 1.09159 16
      vertex -0.0909328 0.595695 0
      vertex -0.0909328 0.595695 16
    endloop
  endfacet
  facet normal -0.522507 0.852635 0
    outer loop
      vertex 1.52453 4.49577 0
      vertex 1.0897 4.2293 16
      vertex 1.52453 4.49577 16
    endloop
  endfacet
  facet normal -0.522507 0.852635 0
    outer loop
      vertex 1.0897 4.2293 16
      vertex 1.52453 4.49577 0
      vertex 1.0897 4.2293 0
    endloop
  endfacet
  facet normal 0.649441 -0.760412 0
    outer loop
      vertex 4.94461 -1 0
      vertex 5.2981 -0.698097 16
      vertex 4.94461 -1 16
    endloop
  endfacet
  facet normal 0.649441 -0.760412 0
    outer loop
      vertex 5.2981 -0.698097 16
      vertex 4.94461 -1 0
      vertex 5.2981 -0.698097 0
    endloop
  endfacet
  facet normal 0.522507 0.852635 -0
    outer loop
      vertex 4.9103 4.2293 0
      vertex 4.47547 4.49577 16
      vertex 4.9103 4.2293 16
    endloop
  endfacet
  facet normal 0.522507 0.852635 0
    outer loop
      vertex 4.47547 4.49577 16
      vertex 4.9103 4.2293 0
      vertex 4.47547 4.49577 0
    endloop
  endfacet
  facet normal 0.852635 0.522507 0
    outer loop
      vertex 5.89577 3.07547 16
      vertex 5.6293 3.5103 0
      vertex 5.6293 3.5103 16
    endloop
  endfacet
  facet normal 0.852635 0.522507 0
    outer loop
      vertex 5.6293 3.5103 0
      vertex 5.89577 3.07547 16
      vertex 5.89577 3.07547 0
    endloop
  endfacet
  facet normal -0.92388 -0.382682 0
    outer loop
      vertex 0.104229 0.124531 0
      vertex -0.0909328 0.595695 16
      vertex -0.0909328 0.595695 0
    endloop
  endfacet
  facet normal -0.92388 -0.382682 0
    outer loop
      vertex -0.0909328 0.595695 16
      vertex 0.104229 0.124531 0
      vertex 0.104229 0.124531 16
    endloop
  endfacet
  facet normal 0.649434 0.760418 -0
    outer loop
      vertex 5.2981 3.8981 0
      vertex 4.9103 4.2293 16
      vertex 5.2981 3.8981 16
    endloop
  endfacet
  facet normal 0.649434 0.760418 0
    outer loop
      vertex 4.9103 4.2293 16
      vertex 5.2981 3.8981 0
      vertex 4.9103 4.2293 0
    endloop
  endfacet
  facet normal 0.996918 -0.0784538 0
    outer loop
      vertex 6.20999 1.09159 16
      vertex 6.25 1.6 0
      vertex 6.25 1.6 16
    endloop
  endfacet
  facet normal 0.996918 -0.0784538 0
    outer loop
      vertex 6.25 1.6 0
      vertex 6.20999 1.09159 16
      vertex 6.20999 1.09159 0
    endloop
  endfacet
  facet normal 0.972367 -0.233457 0
    outer loop
      vertex 6.09093 0.595695 16
      vertex 6.20999 1.09159 0
      vertex 6.20999 1.09159 16
    endloop
  endfacet
  facet normal 0.972367 -0.233457 0
    outer loop
      vertex 6.20999 1.09159 0
      vertex 6.09093 0.595695 16
      vertex 6.09093 0.595695 0
    endloop
  endfacet
  facet normal 0.382675 0.923883 -0
    outer loop
      vertex 4.47547 4.49577 0
      vertex 4.0043 4.69093 16
      vertex 4.47547 4.49577 16
    endloop
  endfacet
  facet normal 0.382675 0.923883 0
    outer loop
      vertex 4.0043 4.69093 16
      vertex 4.47547 4.49577 0
      vertex 4.0043 4.69093 0
    endloop
  endfacet
  facet normal -0.0784538 0.996918 0
    outer loop
      vertex 3 4.85 0
      vertex 2.49159 4.80999 16
      vertex 3 4.85 16
    endloop
  endfacet
  facet normal -0.0784538 0.996918 0
    outer loop
      vertex 2.49159 4.80999 16
      vertex 3 4.85 0
      vertex 2.49159 4.80999 0
    endloop
  endfacet
  facet normal -0.85264 -0.522499 0
    outer loop
      vertex 0.370695 -0.310301 0
      vertex 0.104229 0.124531 16
      vertex 0.104229 0.124531 0
    endloop
  endfacet
  facet normal -0.85264 -0.522499 0
    outer loop
      vertex 0.104229 0.124531 16
      vertex 0.370695 -0.310301 0
      vertex 0.370695 -0.310301 16
    endloop
  endfacet
  facet normal -0.923882 0.382678 0
    outer loop
      vertex -0.0909328 2.6043 0
      vertex 0.104229 3.07547 16
      vertex 0.104229 3.07547 0
    endloop
  endfacet
  facet normal -0.923882 0.382678 0
    outer loop
      vertex 0.104229 3.07547 16
      vertex -0.0909328 2.6043 0
      vertex -0.0909328 2.6043 16
    endloop
  endfacet
  facet normal 0.923881 -0.382679 0
    outer loop
      vertex 5.89577 0.124531 16
      vertex 6.09093 0.595695 0
      vertex 6.09093 0.595695 16
    endloop
  endfacet
  facet normal 0.923881 -0.382679 0
    outer loop
      vertex 6.09093 0.595695 0
      vertex 5.89577 0.124531 16
      vertex 5.89577 0.124531 0
    endloop
  endfacet
  facet normal -0.760407 -0.649447 0
    outer loop
      vertex 0.701903 -0.698097 0
      vertex 0.370695 -0.310301 16
      vertex 0.370695 -0.310301 0
    endloop
  endfacet
  facet normal -0.760407 -0.649447 0
    outer loop
      vertex 0.370695 -0.310301 16
      vertex 0.701903 -0.698097 0
      vertex 0.701903 -0.698097 16
    endloop
  endfacet
  facet normal -0.233459 0.972367 0
    outer loop
      vertex 2.49159 4.80999 0
      vertex 1.9957 4.69093 16
      vertex 2.49159 4.80999 16
    endloop
  endfacet
  facet normal -0.233459 0.972367 0
    outer loop
      vertex 1.9957 4.69093 16
      vertex 2.49159 4.80999 0
      vertex 1.9957 4.69093 0
    endloop
  endfacet
  facet normal 0.852636 -0.522505 0
    outer loop
      vertex 5.6293 -0.310301 16
      vertex 5.89577 0.124531 0
      vertex 5.89577 0.124531 16
    endloop
  endfacet
  facet normal 0.852636 -0.522505 0
    outer loop
      vertex 5.89577 0.124531 0
      vertex 5.6293 -0.310301 16
      vertex 5.6293 -0.310301 0
    endloop
  endfacet
  facet normal 0.0784538 0.996918 -0
    outer loop
      vertex 3.50841 4.80999 0
      vertex 3 4.85 16
      vertex 3.50841 4.80999 16
    endloop
  endfacet
  facet normal 0.0784538 0.996918 0
    outer loop
      vertex 3 4.85 16
      vertex 3.50841 4.80999 0
      vertex 3 4.85 0
    endloop
  endfacet
  facet normal -0.972369 0.233448 0
    outer loop
      vertex -0.209987 2.10841 0
      vertex -0.0909328 2.6043 16
      vertex -0.0909328 2.6043 0
    endloop
  endfacet
  facet normal -0.972369 0.233448 0
    outer loop
      vertex -0.0909328 2.6043 16
      vertex -0.209987 2.10841 0
      vertex -0.209987 2.10841 16
    endloop
  endfacet
  facet normal -0.76041 0.649443 0
    outer loop
      vertex 0.370695 3.5103 0
      vertex 0.701903 3.8981 16
      vertex 0.701903 3.8981 0
    endloop
  endfacet
  facet normal -0.76041 0.649443 0
    outer loop
      vertex 0.701903 3.8981 16
      vertex 0.370695 3.5103 0
      vertex 0.370695 3.5103 16
    endloop
  endfacet
  facet normal -0.64945 0.760404 0
    outer loop
      vertex 3.98995 0.610051 0
      vertex 3.8229 0.467376 16
      vertex 3.98995 0.610051 16
    endloop
  endfacet
  facet normal -0.64945 0.760404 0
    outer loop
      vertex 3.8229 0.467376 16
      vertex 3.98995 0.610051 0
      vertex 3.8229 0.467376 0
    endloop
  endfacet
  facet normal 0.923882 0.382678 0
    outer loop
      vertex 1.75259 0.964414 16
      vertex 1.66852 1.16738 0
      vertex 1.66852 1.16738 16
    endloop
  endfacet
  facet normal 0.923882 0.382678 0
    outer loop
      vertex 1.66852 1.16738 0
      vertex 1.75259 0.964414 16
      vertex 1.75259 0.964414 0
    endloop
  endfacet
  facet normal -0.972373 -0.233431 0
    outer loop
      vertex 4.38276 1.81901 0
      vertex 4.33148 2.03262 16
      vertex 4.33148 2.03262 0
    endloop
  endfacet
  facet normal -0.972373 -0.233431 0
    outer loop
      vertex 4.33148 2.03262 16
      vertex 4.38276 1.81901 0
      vertex 4.38276 1.81901 16
    endloop
  endfacet
  facet normal -0.233449 0.972369 0
    outer loop
      vertex 3.43262 0.268521 0
      vertex 3.21901 0.217237 16
      vertex 3.43262 0.268521 16
    endloop
  endfacet
  facet normal -0.233449 0.972369 0
    outer loop
      vertex 3.21901 0.217237 16
      vertex 3.43262 0.268521 0
      vertex 3.21901 0.217237 0
    endloop
  endfacet
  facet normal -0.760415 -0.649437 0
    outer loop
      vertex 4.13262 2.4229 0
      vertex 3.98995 2.58995 16
      vertex 3.98995 2.58995 0
    endloop
  endfacet
  facet normal -0.760415 -0.649437 0
    outer loop
      vertex 3.98995 2.58995 16
      vertex 4.13262 2.4229 0
      vertex 4.13262 2.4229 16
    endloop
  endfacet
  facet normal -0.760415 0.649437 0
    outer loop
      vertex 3.98995 0.610051 0
      vertex 4.13262 0.777101 16
      vertex 4.13262 0.777101 0
    endloop
  endfacet
  facet normal -0.760415 0.649437 0
    outer loop
      vertex 4.13262 0.777101 16
      vertex 3.98995 0.610051 0
      vertex 3.98995 0.610051 16
    endloop
  endfacet
  facet normal 0.649437 -0.760415 0
    outer loop
      vertex 2.01005 2.58995 0
      vertex 2.1771 2.73262 16
      vertex 2.01005 2.58995 16
    endloop
  endfacet
  facet normal 0.649437 -0.760415 0
    outer loop
      vertex 2.1771 2.73262 16
      vertex 2.01005 2.58995 0
      vertex 2.1771 2.73262 0
    endloop
  endfacet
  facet normal -0.0784615 0.996917 0
    outer loop
      vertex 3.21901 0.217237 0
      vertex 3 0.2 16
      vertex 3.21901 0.217237 16
    endloop
  endfacet
  facet normal -0.0784615 0.996917 0
    outer loop
      vertex 3 0.2 16
      vertex 3.21901 0.217237 0
      vertex 3 0.2 0
    endloop
  endfacet
  facet normal 0.996916 0.0784751 0
    outer loop
      vertex 1.61724 1.38099 16
      vertex 1.6 1.6 0
      vertex 1.6 1.6 16
    endloop
  endfacet
  facet normal 0.996916 0.0784751 0
    outer loop
      vertex 1.6 1.6 0
      vertex 1.61724 1.38099 16
      vertex 1.61724 1.38099 0
    endloop
  endfacet
  facet normal -0.382672 -0.923884 0
    outer loop
      vertex 3.43262 2.93148 0
      vertex 3.63559 2.84741 16
      vertex 3.43262 2.93148 16
    endloop
  endfacet
  facet normal -0.382672 -0.923884 -0
    outer loop
      vertex 3.63559 2.84741 16
      vertex 3.43262 2.93148 0
      vertex 3.63559 2.84741 0
    endloop
  endfacet
  facet normal -0.996916 -0.0784751 0
    outer loop
      vertex 4.4 1.6 0
      vertex 4.38276 1.81901 16
      vertex 4.38276 1.81901 0
    endloop
  endfacet
  facet normal -0.996916 -0.0784751 0
    outer loop
      vertex 4.38276 1.81901 16
      vertex 4.4 1.6 0
      vertex 4.4 1.6 16
    endloop
  endfacet
  facet normal 0.852631 0.522513 0
    outer loop
      vertex 1.86738 0.777101 16
      vertex 1.75259 0.964414 0
      vertex 1.75259 0.964414 16
    endloop
  endfacet
  facet normal 0.852631 0.522513 0
    outer loop
      vertex 1.75259 0.964414 0
      vertex 1.86738 0.777101 16
      vertex 1.86738 0.777101 0
    endloop
  endfacet
  facet normal 0.972373 0.233431 0
    outer loop
      vertex 1.66852 1.16738 16
      vertex 1.61724 1.38099 0
      vertex 1.61724 1.38099 16
    endloop
  endfacet
  facet normal 0.972373 0.233431 0
    outer loop
      vertex 1.61724 1.38099 0
      vertex 1.66852 1.16738 16
      vertex 1.66852 1.16738 0
    endloop
  endfacet
  facet normal -0.522519 -0.852627 0
    outer loop
      vertex 3.63559 2.84741 0
      vertex 3.8229 2.73262 16
      vertex 3.63559 2.84741 16
    endloop
  endfacet
  facet normal -0.522519 -0.852627 -0
    outer loop
      vertex 3.8229 2.73262 16
      vertex 3.63559 2.84741 0
      vertex 3.8229 2.73262 0
    endloop
  endfacet
  facet normal 0.0784751 -0.996916 0
    outer loop
      vertex 2.78099 2.98276 0
      vertex 3 3 16
      vertex 2.78099 2.98276 16
    endloop
  endfacet
  facet normal 0.0784751 -0.996916 0
    outer loop
      vertex 3 3 16
      vertex 2.78099 2.98276 0
      vertex 3 3 0
    endloop
  endfacet
  facet normal -0.923884 -0.382672 0
    outer loop
      vertex 4.33148 2.03262 0
      vertex 4.24741 2.23559 16
      vertex 4.24741 2.23559 0
    endloop
  endfacet
  facet normal -0.923884 -0.382672 0
    outer loop
      vertex 4.24741 2.23559 16
      vertex 4.33148 2.03262 0
      vertex 4.33148 2.03262 16
    endloop
  endfacet
  facet normal -0.852631 0.522513 0
    outer loop
      vertex 4.13262 0.777101 0
      vertex 4.24741 0.964414 16
      vertex 4.24741 0.964414 0
    endloop
  endfacet
  facet normal -0.852631 0.522513 0
    outer loop
      vertex 4.24741 0.964414 16
      vertex 4.13262 0.777101 0
      vertex 4.13262 0.777101 16
    endloop
  endfacet
  facet normal 0.382672 -0.923884 0
    outer loop
      vertex 2.36441 2.84741 0
      vertex 2.56738 2.93148 16
      vertex 2.36441 2.84741 16
    endloop
  endfacet
  facet normal 0.382672 -0.923884 0
    outer loop
      vertex 2.56738 2.93148 16
      vertex 2.36441 2.84741 0
      vertex 2.56738 2.93148 0
    endloop
  endfacet
  facet normal -0.233431 -0.972373 0
    outer loop
      vertex 3.21901 2.98276 0
      vertex 3.43262 2.93148 16
      vertex 3.21901 2.98276 16
    endloop
  endfacet
  facet normal -0.233431 -0.972373 -0
    outer loop
      vertex 3.43262 2.93148 16
      vertex 3.21901 2.98276 0
      vertex 3.43262 2.93148 0
    endloop
  endfacet
  facet normal 0.233449 0.972369 -0
    outer loop
      vertex 2.78099 0.217237 0
      vertex 2.56738 0.268521 16
      vertex 2.78099 0.217237 16
    endloop
  endfacet
  facet normal 0.233449 0.972369 0
    outer loop
      vertex 2.56738 0.268521 16
      vertex 2.78099 0.217237 0
      vertex 2.56738 0.268521 0
    endloop
  endfacet
  facet normal 0.64945 0.760404 -0
    outer loop
      vertex 2.1771 0.467376 0
      vertex 2.01005 0.610051 16
      vertex 2.1771 0.467376 16
    endloop
  endfacet
  facet normal 0.64945 0.760404 0
    outer loop
      vertex 2.01005 0.610051 16
      vertex 2.1771 0.467376 0
      vertex 2.01005 0.610051 0
    endloop
  endfacet
  facet normal -0.852627 -0.522519 0
    outer loop
      vertex 4.24741 2.23559 0
      vertex 4.13262 2.4229 16
      vertex 4.13262 2.4229 0
    endloop
  endfacet
  facet normal -0.852627 -0.522519 0
    outer loop
      vertex 4.13262 2.4229 16
      vertex 4.24741 2.23559 0
      vertex 4.24741 2.23559 16
    endloop
  endfacet
  facet normal -0.649437 -0.760415 0
    outer loop
      vertex 3.8229 2.73262 0
      vertex 3.98995 2.58995 16
      vertex 3.8229 2.73262 16
    endloop
  endfacet
  facet normal -0.649437 -0.760415 -0
    outer loop
      vertex 3.98995 2.58995 16
      vertex 3.8229 2.73262 0
      vertex 3.98995 2.58995 0
    endloop
  endfacet
  facet normal 0.972373 -0.233431 0
    outer loop
      vertex 1.61724 1.81901 16
      vertex 1.66852 2.03262 0
      vertex 1.66852 2.03262 16
    endloop
  endfacet
  facet normal 0.972373 -0.233431 0
    outer loop
      vertex 1.66852 2.03262 0
      vertex 1.61724 1.81901 16
      vertex 1.61724 1.81901 0
    endloop
  endfacet
  facet normal 0.760415 -0.649437 0
    outer loop
      vertex 1.86738 2.4229 16
      vertex 2.01005 2.58995 0
      vertex 2.01005 2.58995 16
    endloop
  endfacet
  facet normal 0.760415 -0.649437 0
    outer loop
      vertex 2.01005 2.58995 0
      vertex 1.86738 2.4229 16
      vertex 1.86738 2.4229 0
    endloop
  endfacet
  facet normal 0.996916 -0.0784751 0
    outer loop
      vertex 1.6 1.6 16
      vertex 1.61724 1.81901 0
      vertex 1.61724 1.81901 16
    endloop
  endfacet
  facet normal 0.996916 -0.0784751 0
    outer loop
      vertex 1.61724 1.81901 0
      vertex 1.6 1.6 16
      vertex 1.6 1.6 0
    endloop
  endfacet
  facet normal 0.233431 -0.972373 0
    outer loop
      vertex 2.56738 2.93148 0
      vertex 2.78099 2.98276 16
      vertex 2.56738 2.93148 16
    endloop
  endfacet
  facet normal 0.233431 -0.972373 0
    outer loop
      vertex 2.78099 2.98276 16
      vertex 2.56738 2.93148 0
      vertex 2.78099 2.98276 0
    endloop
  endfacet
  facet normal -0.382672 0.923884 0
    outer loop
      vertex 3.63559 0.352591 0
      vertex 3.43262 0.268521 16
      vertex 3.63559 0.352591 16
    endloop
  endfacet
  facet normal -0.382672 0.923884 0
    outer loop
      vertex 3.43262 0.268521 16
      vertex 3.63559 0.352591 0
      vertex 3.43262 0.268521 0
    endloop
  endfacet
  facet normal 0.760415 0.649437 0
    outer loop
      vertex 2.01005 0.610051 16
      vertex 1.86738 0.777101 0
      vertex 1.86738 0.777101 16
    endloop
  endfacet
  facet normal 0.760415 0.649437 0
    outer loop
      vertex 1.86738 0.777101 0
      vertex 2.01005 0.610051 16
      vertex 2.01005 0.610051 0
    endloop
  endfacet
  facet normal -0.996916 0.0784751 0
    outer loop
      vertex 4.38276 1.38099 0
      vertex 4.4 1.6 16
      vertex 4.4 1.6 0
    endloop
  endfacet
  facet normal -0.996916 0.0784751 0
    outer loop
      vertex 4.4 1.6 16
      vertex 4.38276 1.38099 0
      vertex 4.38276 1.38099 16
    endloop
  endfacet
  facet normal 0.852627 -0.522519 0
    outer loop
      vertex 1.75259 2.23559 16
      vertex 1.86738 2.4229 0
      vertex 1.86738 2.4229 16
    endloop
  endfacet
  facet normal 0.852627 -0.522519 0
    outer loop
      vertex 1.86738 2.4229 0
      vertex 1.75259 2.23559 16
      vertex 1.75259 2.23559 0
    endloop
  endfacet
  facet normal -0.972373 0.233431 0
    outer loop
      vertex 4.33148 1.16738 0
      vertex 4.38276 1.38099 16
      vertex 4.38276 1.38099 0
    endloop
  endfacet
  facet normal -0.972373 0.233431 0
    outer loop
      vertex 4.38276 1.38099 16
      vertex 4.33148 1.16738 0
      vertex 4.33148 1.16738 16
    endloop
  endfacet
  facet normal 0.522503 0.852638 -0
    outer loop
      vertex 2.36441 0.352591 0
      vertex 2.1771 0.467376 16
      vertex 2.36441 0.352591 16
    endloop
  endfacet
  facet normal 0.522503 0.852638 0
    outer loop
      vertex 2.1771 0.467376 16
      vertex 2.36441 0.352591 0
      vertex 2.1771 0.467376 0
    endloop
  endfacet
  facet normal -0.923882 0.382678 0
    outer loop
      vertex 4.24741 0.964414 0
      vertex 4.33148 1.16738 16
      vertex 4.33148 1.16738 0
    endloop
  endfacet
  facet normal -0.923882 0.382678 0
    outer loop
      vertex 4.33148 1.16738 16
      vertex 4.24741 0.964414 0
      vertex 4.24741 0.964414 16
    endloop
  endfacet
  facet normal -0.0784751 -0.996916 0
    outer loop
      vertex 3 3 0
      vertex 3.21901 2.98276 16
      vertex 3 3 16
    endloop
  endfacet
  facet normal -0.0784751 -0.996916 -0
    outer loop
      vertex 3.21901 2.98276 16
      vertex 3 3 0
      vertex 3.21901 2.98276 0
    endloop
  endfacet
  facet normal 0.382672 0.923884 -0
    outer loop
      vertex 2.56738 0.268521 0
      vertex 2.36441 0.352591 16
      vertex 2.56738 0.268521 16
    endloop
  endfacet
  facet normal 0.382672 0.923884 0
    outer loop
      vertex 2.36441 0.352591 16
      vertex 2.56738 0.268521 0
      vertex 2.36441 0.352591 0
    endloop
  endfacet
  facet normal 0.522519 -0.852627 0
    outer loop
      vertex 2.1771 2.73262 0
      vertex 2.36441 2.84741 16
      vertex 2.1771 2.73262 16
    endloop
  endfacet
  facet normal 0.522519 -0.852627 0
    outer loop
      vertex 2.36441 2.84741 16
      vertex 2.1771 2.73262 0
      vertex 2.36441 2.84741 0
    endloop
  endfacet
  facet normal 0.923884 -0.382672 0
    outer loop
      vertex 1.66852 2.03262 16
      vertex 1.75259 2.23559 0
      vertex 1.75259 2.23559 16
    endloop
  endfacet
  facet normal 0.923884 -0.382672 0
    outer loop
      vertex 1.75259 2.23559 0
      vertex 1.66852 2.03262 16
      vertex 1.66852 2.03262 0
    endloop
  endfacet
  facet normal 0.0784615 0.996917 -0
    outer loop
      vertex 3 0.2 0
      vertex 2.78099 0.217237 16
      vertex 3 0.2 16
    endloop
  endfacet
  facet normal 0.0784615 0.996917 0
    outer loop
      vertex 2.78099 0.217237 16
      vertex 3 0.2 0
      vertex 2.78099 0.217237 0
    endloop
  endfacet
  facet normal -0.522503 0.852638 0
    outer loop
      vertex 3.8229 0.467376 0
      vertex 3.63559 0.352591 16
      vertex 3.8229 0.467376 16
    endloop
  endfacet
  facet normal -0.522503 0.852638 0
    outer loop
      vertex 3.63559 0.352591 16
      vertex 3.8229 0.467376 0
      vertex 3.63559 0.352591 0
    endloop
  endfacet
  facet normal -0.64943 -0.760421 0
    outer loop
      vertex 58.7019 -0.698097 0
      vertex 59.0554 -1 16
      vertex 58.7019 -0.698097 16
    endloop
  endfacet
  facet normal -0.64943 -0.760421 -0
    outer loop
      vertex 59.0554 -1 16
      vertex 58.7019 -0.698097 0
      vertex 59.0554 -1 0
    endloop
  endfacet
  facet normal 0.972349 0.233533 0
    outer loop
      vertex 64.21 2.10841 16
      vertex 64.0909 2.6043 0
      vertex 64.0909 2.6043 16
    endloop
  endfacet
  facet normal 0.972349 0.233533 0
    outer loop
      vertex 64.0909 2.6043 0
      vertex 64.21 2.10841 16
      vertex 64.21 2.10841 0
    endloop
  endfacet
  facet normal 0.996919 0.0784343 0
    outer loop
      vertex 64.25 1.6 16
      vertex 64.21 2.10841 0
      vertex 64.21 2.10841 16
    endloop
  endfacet
  facet normal 0.996919 0.0784343 0
    outer loop
      vertex 64.21 2.10841 0
      vertex 64.25 1.6 16
      vertex 64.25 1.6 0
    endloop
  endfacet
  facet normal 0.923925 0.382575 0
    outer loop
      vertex 64.0909 2.6043 16
      vertex 63.8958 3.07547 0
      vertex 63.8958 3.07547 16
    endloop
  endfacet
  facet normal 0.923925 0.382575 0
    outer loop
      vertex 63.8958 3.07547 0
      vertex 64.0909 2.6043 16
      vertex 64.0909 2.6043 0
    endloop
  endfacet
  facet normal 0.233455 0.972368 -0
    outer loop
      vertex 62.0043 4.69093 0
      vertex 61.5084 4.80999 16
      vertex 62.0043 4.69093 16
    endloop
  endfacet
  facet normal 0.233455 0.972368 0
    outer loop
      vertex 61.5084 4.80999 16
      vertex 62.0043 4.69093 0
      vertex 61.5084 4.80999 0
    endloop
  endfacet
  facet normal 0.760418 0.649434 0
    outer loop
      vertex 63.6293 3.5103 16
      vertex 63.2981 3.8981 0
      vertex 63.2981 3.8981 16
    endloop
  endfacet
  facet normal 0.760418 0.649434 0
    outer loop
      vertex 63.2981 3.8981 0
      vertex 63.6293 3.5103 16
      vertex 63.6293 3.5103 0
    endloop
  endfacet
  facet normal -0.649434 0.760418 0
    outer loop
      vertex 59.0897 4.2293 0
      vertex 58.7019 3.8981 16
      vertex 59.0897 4.2293 16
    endloop
  endfacet
  facet normal -0.649434 0.760418 0
    outer loop
      vertex 58.7019 3.8981 16
      vertex 59.0897 4.2293 0
      vertex 58.7019 3.8981 0
    endloop
  endfacet
  facet normal -0.996919 0.0784343 0
    outer loop
      vertex 57.75 1.6 0
      vertex 57.79 2.10841 16
      vertex 57.79 2.10841 0
    endloop
  endfacet
  facet normal -0.996919 0.0784343 0
    outer loop
      vertex 57.79 2.10841 16
      vertex 57.75 1.6 0
      vertex 57.75 1.6 16
    endloop
  endfacet
  facet normal -0.996919 -0.0784343 0
    outer loop
      vertex 57.79 1.09159 0
      vertex 57.75 1.6 16
      vertex 57.75 1.6 0
    endloop
  endfacet
  facet normal -0.996919 -0.0784343 0
    outer loop
      vertex 57.75 1.6 16
      vertex 57.79 1.09159 0
      vertex 57.79 1.09159 16
    endloop
  endfacet
  facet normal -0.382654 0.923892 0
    outer loop
      vertex 59.9957 4.69093 0
      vertex 59.5245 4.49577 16
      vertex 59.9957 4.69093 16
    endloop
  endfacet
  facet normal -0.382654 0.923892 0
    outer loop
      vertex 59.5245 4.49577 16
      vertex 59.9957 4.69093 0
      vertex 59.5245 4.49577 0
    endloop
  endfacet
  facet normal 0.760415 -0.649438 0
    outer loop
      vertex 63.2981 -0.698097 16
      vertex 63.6293 -0.310301 0
      vertex 63.6293 -0.310301 16
    endloop
  endfacet
  facet normal 0.760415 -0.649438 0
    outer loop
      vertex 63.6293 -0.310301 0
      vertex 63.2981 -0.698097 16
      vertex 63.2981 -0.698097 0
    endloop
  endfacet
  facet normal -0.852609 0.52255 0
    outer loop
      vertex 58.1042 3.07547 0
      vertex 58.3707 3.5103 16
      vertex 58.3707 3.5103 0
    endloop
  endfacet
  facet normal -0.852609 0.52255 0
    outer loop
      vertex 58.3707 3.5103 16
      vertex 58.1042 3.07547 0
      vertex 58.1042 3.07547 16
    endloop
  endfacet
  facet normal -0.972349 -0.233531 0
    outer loop
      vertex 57.9091 0.595695 0
      vertex 57.79 1.09159 16
      vertex 57.79 1.09159 0
    endloop
  endfacet
  facet normal -0.972349 -0.233531 0
    outer loop
      vertex 57.79 1.09159 16
      vertex 57.9091 0.595695 0
      vertex 57.9091 0.595695 16
    endloop
  endfacet
  facet normal -0.522533 0.852619 0
    outer loop
      vertex 59.5245 4.49577 0
      vertex 59.0897 4.2293 16
      vertex 59.5245 4.49577 16
    endloop
  endfacet
  facet normal -0.522533 0.852619 0
    outer loop
      vertex 59.0897 4.2293 16
      vertex 59.5245 4.49577 0
      vertex 59.0897 4.2293 0
    endloop
  endfacet
  facet normal 0.64943 -0.760421 0
    outer loop
      vertex 62.9446 -1 0
      vertex 63.2981 -0.698097 16
      vertex 62.9446 -1 16
    endloop
  endfacet
  facet normal 0.64943 -0.760421 0
    outer loop
      vertex 63.2981 -0.698097 16
      vertex 62.9446 -1 0
      vertex 63.2981 -0.698097 0
    endloop
  endfacet
  facet normal 0.522533 0.852619 -0
    outer loop
      vertex 62.9103 4.2293 0
      vertex 62.4755 4.49577 16
      vertex 62.9103 4.2293 16
    endloop
  endfacet
  facet normal 0.522533 0.852619 0
    outer loop
      vertex 62.4755 4.49577 16
      vertex 62.9103 4.2293 0
      vertex 62.4755 4.49577 0
    endloop
  endfacet
  facet normal 0.852609 0.52255 0
    outer loop
      vertex 63.8958 3.07547 16
      vertex 63.6293 3.5103 0
      vertex 63.6293 3.5103 16
    endloop
  endfacet
  facet normal 0.852609 0.52255 0
    outer loop
      vertex 63.6293 3.5103 0
      vertex 63.8958 3.07547 16
      vertex 63.8958 3.07547 0
    endloop
  endfacet
  facet normal -0.923923 -0.382579 0
    outer loop
      vertex 58.1042 0.124531 0
      vertex 57.9091 0.595695 16
      vertex 57.9091 0.595695 0
    endloop
  endfacet
  facet normal -0.923923 -0.382579 0
    outer loop
      vertex 57.9091 0.595695 16
      vertex 58.1042 0.124531 0
      vertex 58.1042 0.124531 16
    endloop
  endfacet
  facet normal 0.649434 0.760418 -0
    outer loop
      vertex 63.2981 3.8981 0
      vertex 62.9103 4.2293 16
      vertex 63.2981 3.8981 16
    endloop
  endfacet
  facet normal 0.649434 0.760418 0
    outer loop
      vertex 62.9103 4.2293 16
      vertex 63.2981 3.8981 0
      vertex 62.9103 4.2293 0
    endloop
  endfacet
  facet normal 0.996919 -0.0784343 0
    outer loop
      vertex 64.21 1.09159 16
      vertex 64.25 1.6 0
      vertex 64.25 1.6 16
    endloop
  endfacet
  facet normal 0.996919 -0.0784343 0
    outer loop
      vertex 64.25 1.6 0
      vertex 64.21 1.09159 16
      vertex 64.21 1.09159 0
    endloop
  endfacet
  facet normal 0.972349 -0.233531 0
    outer loop
      vertex 64.0909 0.595695 16
      vertex 64.21 1.09159 0
      vertex 64.21 1.09159 16
    endloop
  endfacet
  facet normal 0.972349 -0.233531 0
    outer loop
      vertex 64.21 1.09159 0
      vertex 64.0909 0.595695 16
      vertex 64.0909 0.595695 0
    endloop
  endfacet
  facet normal 0.382654 0.923892 -0
    outer loop
      vertex 62.4755 4.49577 0
      vertex 62.0043 4.69093 16
      vertex 62.4755 4.49577 16
    endloop
  endfacet
  facet normal 0.382654 0.923892 0
    outer loop
      vertex 62.0043 4.69093 16
      vertex 62.4755 4.49577 0
      vertex 62.0043 4.69093 0
    endloop
  endfacet
  facet normal -0.0784553 0.996918 0
    outer loop
      vertex 61 4.85 0
      vertex 60.4916 4.80999 16
      vertex 61 4.85 16
    endloop
  endfacet
  facet normal -0.0784553 0.996918 0
    outer loop
      vertex 60.4916 4.80999 16
      vertex 61 4.85 0
      vertex 60.4916 4.80999 0
    endloop
  endfacet
  facet normal -0.85261 -0.522548 0
    outer loop
      vertex 58.3707 -0.310301 0
      vertex 58.1042 0.124531 16
      vertex 58.1042 0.124531 0
    endloop
  endfacet
  facet normal -0.85261 -0.522548 0
    outer loop
      vertex 58.1042 0.124531 16
      vertex 58.3707 -0.310301 0
      vertex 58.3707 -0.310301 16
    endloop
  endfacet
  facet normal -0.923925 0.382575 0
    outer loop
      vertex 57.9091 2.6043 0
      vertex 58.1042 3.07547 16
      vertex 58.1042 3.07547 0
    endloop
  endfacet
  facet normal -0.923925 0.382575 0
    outer loop
      vertex 58.1042 3.07547 16
      vertex 57.9091 2.6043 0
      vertex 57.9091 2.6043 16
    endloop
  endfacet
  facet normal 0.923923 -0.382579 0
    outer loop
      vertex 63.8958 0.124531 16
      vertex 64.0909 0.595695 0
      vertex 64.0909 0.595695 16
    endloop
  endfacet
  facet normal 0.923923 -0.382579 0
    outer loop
      vertex 64.0909 0.595695 0
      vertex 63.8958 0.124531 16
      vertex 63.8958 0.124531 0
    endloop
  endfacet
  facet normal -0.760415 -0.649438 0
    outer loop
      vertex 58.7019 -0.698097 0
      vertex 58.3707 -0.310301 16
      vertex 58.3707 -0.310301 0
    endloop
  endfacet
  facet normal -0.760415 -0.649438 0
    outer loop
      vertex 58.3707 -0.310301 16
      vertex 58.7019 -0.698097 0
      vertex 58.7019 -0.698097 16
    endloop
  endfacet
  facet normal -0.233455 0.972368 0
    outer loop
      vertex 60.4916 4.80999 0
      vertex 59.9957 4.69093 16
      vertex 60.4916 4.80999 16
    endloop
  endfacet
  facet normal -0.233455 0.972368 0
    outer loop
      vertex 59.9957 4.69093 16
      vertex 60.4916 4.80999 0
      vertex 59.9957 4.69093 0
    endloop
  endfacet
  facet normal 0.85261 -0.522548 0
    outer loop
      vertex 63.6293 -0.310301 16
      vertex 63.8958 0.124531 0
      vertex 63.8958 0.124531 16
    endloop
  endfacet
  facet normal 0.85261 -0.522548 0
    outer loop
      vertex 63.8958 0.124531 0
      vertex 63.6293 -0.310301 16
      vertex 63.6293 -0.310301 0
    endloop
  endfacet
  facet normal 0.0784553 0.996918 -0
    outer loop
      vertex 61.5084 4.80999 0
      vertex 61 4.85 16
      vertex 61.5084 4.80999 16
    endloop
  endfacet
  facet normal 0.0784553 0.996918 0
    outer loop
      vertex 61 4.85 16
      vertex 61.5084 4.80999 0
      vertex 61 4.85 0
    endloop
  endfacet
  facet normal -0.972349 0.233533 0
    outer loop
      vertex 57.79 2.10841 0
      vertex 57.9091 2.6043 16
      vertex 57.9091 2.6043 0
    endloop
  endfacet
  facet normal -0.972349 0.233533 0
    outer loop
      vertex 57.9091 2.6043 16
      vertex 57.79 2.10841 0
      vertex 57.79 2.10841 16
    endloop
  endfacet
  facet normal -0.760418 0.649434 0
    outer loop
      vertex 58.3707 3.5103 0
      vertex 58.7019 3.8981 16
      vertex 58.7019 3.8981 0
    endloop
  endfacet
  facet normal -0.760418 0.649434 0
    outer loop
      vertex 58.7019 3.8981 16
      vertex 58.3707 3.5103 0
      vertex 58.3707 3.5103 16
    endloop
  endfacet
  facet normal -0.649563 0.760308 0
    outer loop
      vertex 61.9899 0.610051 0
      vertex 61.8229 0.467376 16
      vertex 61.9899 0.610051 16
    endloop
  endfacet
  facet normal -0.649563 0.760308 0
    outer loop
      vertex 61.8229 0.467376 16
      vertex 61.9899 0.610051 0
      vertex 61.8229 0.467376 0
    endloop
  endfacet
  facet normal 0.923833 0.382795 0
    outer loop
      vertex 59.7526 0.964414 16
      vertex 59.6685 1.16738 0
      vertex 59.6685 1.16738 16
    endloop
  endfacet
  facet normal 0.923833 0.382795 0
    outer loop
      vertex 59.6685 1.16738 0
      vertex 59.7526 0.964414 16
      vertex 59.7526 0.964414 0
    endloop
  endfacet
  facet normal -0.972353 -0.233518 0
    outer loop
      vertex 62.3828 1.81901 0
      vertex 62.3315 2.03262 16
      vertex 62.3315 2.03262 0
    endloop
  endfacet
  facet normal -0.972353 -0.233518 0
    outer loop
      vertex 62.3315 2.03262 16
      vertex 62.3828 1.81901 0
      vertex 62.3828 1.81901 16
    endloop
  endfacet
  facet normal -0.233459 0.972367 0
    outer loop
      vertex 61.4326 0.268521 0
      vertex 61.219 0.217237 16
      vertex 61.4326 0.268521 16
    endloop
  endfacet
  facet normal -0.233459 0.972367 0
    outer loop
      vertex 61.219 0.217237 16
      vertex 61.4326 0.268521 0
      vertex 61.219 0.217237 0
    endloop
  endfacet
  facet normal -0.760348 -0.649516 0
    outer loop
      vertex 62.1326 2.4229 0
      vertex 61.9899 2.58995 16
      vertex 61.9899 2.58995 0
    endloop
  endfacet
  facet normal -0.760348 -0.649516 0
    outer loop
      vertex 61.9899 2.58995 16
      vertex 62.1326 2.4229 0
      vertex 62.1326 2.4229 16
    endloop
  endfacet
  facet normal -0.760348 0.649516 0
    outer loop
      vertex 61.9899 0.610051 0
      vertex 62.1326 0.777101 16
      vertex 62.1326 0.777101 0
    endloop
  endfacet
  facet normal -0.760348 0.649516 0
    outer loop
      vertex 62.1326 0.777101 16
      vertex 61.9899 0.610051 0
      vertex 61.9899 0.610051 16
    endloop
  endfacet
  facet normal 0.649549 -0.760319 0
    outer loop
      vertex 60.0101 2.58995 0
      vertex 60.1771 2.73262 16
      vertex 60.0101 2.58995 16
    endloop
  endfacet
  facet normal 0.649549 -0.760319 0
    outer loop
      vertex 60.1771 2.73262 16
      vertex 60.0101 2.58995 0
      vertex 60.1771 2.73262 0
    endloop
  endfacet
  facet normal -0.0784651 0.996917 0
    outer loop
      vertex 61.219 0.217237 0
      vertex 61 0.2 16
      vertex 61.219 0.217237 16
    endloop
  endfacet
  facet normal -0.0784651 0.996917 0
    outer loop
      vertex 61 0.2 16
      vertex 61.219 0.217237 0
      vertex 61 0.2 0
    endloop
  endfacet
  facet normal 0.99693 0.0782941 0
    outer loop
      vertex 59.6172 1.38099 16
      vertex 59.6 1.6 0
      vertex 59.6 1.6 16
    endloop
  endfacet
  facet normal 0.99693 0.0782941 0
    outer loop
      vertex 59.6 1.6 0
      vertex 59.6172 1.38099 16
      vertex 59.6172 1.38099 0
    endloop
  endfacet
  facet normal -0.382624 -0.923904 0
    outer loop
      vertex 61.4326 2.93148 0
      vertex 61.6356 2.84741 16
      vertex 61.4326 2.93148 16
    endloop
  endfacet
  facet normal -0.382624 -0.923904 -0
    outer loop
      vertex 61.6356 2.84741 16
      vertex 61.4326 2.93148 0
      vertex 61.6356 2.84741 0
    endloop
  endfacet
  facet normal -0.99693 -0.0782941 0
    outer loop
      vertex 62.4 1.6 0
      vertex 62.3828 1.81901 16
      vertex 62.3828 1.81901 0
    endloop
  endfacet
  facet normal -0.99693 -0.0782941 0
    outer loop
      vertex 62.3828 1.81901 16
      vertex 62.4 1.6 0
      vertex 62.4 1.6 16
    endloop
  endfacet
  facet normal 0.852611 0.522546 0
    outer loop
      vertex 59.8674 0.777101 16
      vertex 59.7526 0.964414 0
      vertex 59.7526 0.964414 16
    endloop
  endfacet
  facet normal 0.852611 0.522546 0
    outer loop
      vertex 59.7526 0.964414 0
      vertex 59.8674 0.777101 16
      vertex 59.8674 0.777101 0
    endloop
  endfacet
  facet normal 0.972353 0.233518 0
    outer loop
      vertex 59.6685 1.16738 16
      vertex 59.6172 1.38099 0
      vertex 59.6172 1.38099 16
    endloop
  endfacet
  facet normal 0.972353 0.233518 0
    outer loop
      vertex 59.6172 1.38099 0
      vertex 59.6685 1.16738 16
      vertex 59.6685 1.16738 0
    endloop
  endfacet
  facet normal -0.52254 -0.852615 0
    outer loop
      vertex 61.6356 2.84741 0
      vertex 61.8229 2.73262 16
      vertex 61.6356 2.84741 16
    endloop
  endfacet
  facet normal -0.52254 -0.852615 -0
    outer loop
      vertex 61.8229 2.73262 16
      vertex 61.6356 2.84741 0
      vertex 61.8229 2.73262 0
    endloop
  endfacet
  facet normal 0.0784787 -0.996916 0
    outer loop
      vertex 60.781 2.98276 0
      vertex 61 3 16
      vertex 60.781 2.98276 16
    endloop
  endfacet
  facet normal 0.0784787 -0.996916 0
    outer loop
      vertex 61 3 16
      vertex 60.781 2.98276 0
      vertex 61 3 0
    endloop
  endfacet
  facet normal -0.923836 -0.382789 0
    outer loop
      vertex 62.3315 2.03262 0
      vertex 62.2474 2.23559 16
      vertex 62.2474 2.23559 0
    endloop
  endfacet
  facet normal -0.923836 -0.382789 0
    outer loop
      vertex 62.2474 2.23559 16
      vertex 62.3315 2.03262 0
      vertex 62.3315 2.03262 16
    endloop
  endfacet
  facet normal -0.852611 0.522546 0
    outer loop
      vertex 62.1326 0.777101 0
      vertex 62.2474 0.964414 16
      vertex 62.2474 0.964414 0
    endloop
  endfacet
  facet normal -0.852611 0.522546 0
    outer loop
      vertex 62.2474 0.964414 16
      vertex 62.1326 0.777101 0
      vertex 62.1326 0.777101 16
    endloop
  endfacet
  facet normal 0.382624 -0.923904 0
    outer loop
      vertex 60.3644 2.84741 0
      vertex 60.5674 2.93148 16
      vertex 60.3644 2.84741 16
    endloop
  endfacet
  facet normal 0.382624 -0.923904 0
    outer loop
      vertex 60.5674 2.93148 16
      vertex 60.3644 2.84741 0
      vertex 60.5674 2.93148 0
    endloop
  endfacet
  facet normal -0.233442 -0.972371 0
    outer loop
      vertex 61.219 2.98276 0
      vertex 61.4326 2.93148 16
      vertex 61.219 2.98276 16
    endloop
  endfacet
  facet normal -0.233442 -0.972371 -0
    outer loop
      vertex 61.4326 2.93148 16
      vertex 61.219 2.98276 0
      vertex 61.4326 2.93148 0
    endloop
  endfacet
  facet normal 0.233459 0.972367 -0
    outer loop
      vertex 60.781 0.217237 0
      vertex 60.5674 0.268521 16
      vertex 60.781 0.217237 16
    endloop
  endfacet
  facet normal 0.233459 0.972367 0
    outer loop
      vertex 60.5674 0.268521 16
      vertex 60.781 0.217237 0
      vertex 60.5674 0.268521 0
    endloop
  endfacet
  facet normal 0.649563 0.760308 -0
    outer loop
      vertex 60.1771 0.467376 0
      vertex 60.0101 0.610051 16
      vertex 60.1771 0.467376 16
    endloop
  endfacet
  facet normal 0.649563 0.760308 0
    outer loop
      vertex 60.0101 0.610051 16
      vertex 60.1771 0.467376 0
      vertex 60.0101 0.610051 0
    endloop
  endfacet
  facet normal -0.852607 -0.522552 0
    outer loop
      vertex 62.2474 2.23559 0
      vertex 62.1326 2.4229 16
      vertex 62.1326 2.4229 0
    endloop
  endfacet
  facet normal -0.852607 -0.522552 0
    outer loop
      vertex 62.1326 2.4229 16
      vertex 62.2474 2.23559 0
      vertex 62.2474 2.23559 16
    endloop
  endfacet
  facet normal -0.649549 -0.760319 0
    outer loop
      vertex 61.8229 2.73262 0
      vertex 61.9899 2.58995 16
      vertex 61.8229 2.73262 16
    endloop
  endfacet
  facet normal -0.649549 -0.760319 -0
    outer loop
      vertex 61.9899 2.58995 16
      vertex 61.8229 2.73262 0
      vertex 61.9899 2.58995 0
    endloop
  endfacet
  facet normal 0.972353 -0.233518 0
    outer loop
      vertex 59.6172 1.81901 16
      vertex 59.6685 2.03262 0
      vertex 59.6685 2.03262 16
    endloop
  endfacet
  facet normal 0.972353 -0.233518 0
    outer loop
      vertex 59.6685 2.03262 0
      vertex 59.6172 1.81901 16
      vertex 59.6172 1.81901 0
    endloop
  endfacet
  facet normal 0.760348 -0.649516 0
    outer loop
      vertex 59.8674 2.4229 16
      vertex 60.0101 2.58995 0
      vertex 60.0101 2.58995 16
    endloop
  endfacet
  facet normal 0.760348 -0.649516 0
    outer loop
      vertex 60.0101 2.58995 0
      vertex 59.8674 2.4229 16
      vertex 59.8674 2.4229 0
    endloop
  endfacet
  facet normal 0.99693 -0.0782941 0
    outer loop
      vertex 59.6 1.6 16
      vertex 59.6172 1.81901 0
      vertex 59.6172 1.81901 16
    endloop
  endfacet
  facet normal 0.99693 -0.0782941 0
    outer loop
      vertex 59.6172 1.81901 0
      vertex 59.6 1.6 16
      vertex 59.6 1.6 0
    endloop
  endfacet
  facet normal 0.233442 -0.972371 0
    outer loop
      vertex 60.5674 2.93148 0
      vertex 60.781 2.98276 16
      vertex 60.5674 2.93148 16
    endloop
  endfacet
  facet normal 0.233442 -0.972371 0
    outer loop
      vertex 60.781 2.98276 16
      vertex 60.5674 2.93148 0
      vertex 60.781 2.98276 0
    endloop
  endfacet
  facet normal -0.382624 0.923904 0
    outer loop
      vertex 61.6356 0.352591 0
      vertex 61.4326 0.268521 16
      vertex 61.6356 0.352591 16
    endloop
  endfacet
  facet normal -0.382624 0.923904 0
    outer loop
      vertex 61.4326 0.268521 16
      vertex 61.6356 0.352591 0
      vertex 61.4326 0.268521 0
    endloop
  endfacet
  facet normal 0.760348 0.649516 0
    outer loop
      vertex 60.0101 0.610051 16
      vertex 59.8674 0.777101 0
      vertex 59.8674 0.777101 16
    endloop
  endfacet
  facet normal 0.760348 0.649516 0
    outer loop
      vertex 59.8674 0.777101 0
      vertex 60.0101 0.610051 16
      vertex 60.0101 0.610051 0
    endloop
  endfacet
  facet normal -0.99693 0.0782941 0
    outer loop
      vertex 62.3828 1.38099 0
      vertex 62.4 1.6 16
      vertex 62.4 1.6 0
    endloop
  endfacet
  facet normal -0.99693 0.0782941 0
    outer loop
      vertex 62.4 1.6 16
      vertex 62.3828 1.38099 0
      vertex 62.3828 1.38099 16
    endloop
  endfacet
  facet normal 0.852607 -0.522552 0
    outer loop
      vertex 59.7526 2.23559 16
      vertex 59.8674 2.4229 0
      vertex 59.8674 2.4229 16
    endloop
  endfacet
  facet normal 0.852607 -0.522552 0
    outer loop
      vertex 59.8674 2.4229 0
      vertex 59.7526 2.23559 16
      vertex 59.7526 2.23559 0
    endloop
  endfacet
  facet normal -0.972353 0.233518 0
    outer loop
      vertex 62.3315 1.16738 0
      vertex 62.3828 1.38099 16
      vertex 62.3828 1.38099 0
    endloop
  endfacet
  facet normal -0.972353 0.233518 0
    outer loop
      vertex 62.3828 1.38099 16
      vertex 62.3315 1.16738 0
      vertex 62.3315 1.16738 16
    endloop
  endfacet
  facet normal 0.522523 0.852625 -0
    outer loop
      vertex 60.3644 0.352591 0
      vertex 60.1771 0.467376 16
      vertex 60.3644 0.352591 16
    endloop
  endfacet
  facet normal 0.522523 0.852625 0
    outer loop
      vertex 60.1771 0.467376 16
      vertex 60.3644 0.352591 0
      vertex 60.1771 0.467376 0
    endloop
  endfacet
  facet normal -0.923833 0.382795 0
    outer loop
      vertex 62.2474 0.964414 0
      vertex 62.3315 1.16738 16
      vertex 62.3315 1.16738 0
    endloop
  endfacet
  facet normal -0.923833 0.382795 0
    outer loop
      vertex 62.3315 1.16738 16
      vertex 62.2474 0.964414 0
      vertex 62.2474 0.964414 16
    endloop
  endfacet
  facet normal -0.0784787 -0.996916 0
    outer loop
      vertex 61 3 0
      vertex 61.219 2.98276 16
      vertex 61 3 16
    endloop
  endfacet
  facet normal -0.0784787 -0.996916 -0
    outer loop
      vertex 61.219 2.98276 16
      vertex 61 3 0
      vertex 61.219 2.98276 0
    endloop
  endfacet
  facet normal 0.382624 0.923904 -0
    outer loop
      vertex 60.5674 0.268521 0
      vertex 60.3644 0.352591 16
      vertex 60.5674 0.268521 16
    endloop
  endfacet
  facet normal 0.382624 0.923904 0
    outer loop
      vertex 60.3644 0.352591 16
      vertex 60.5674 0.268521 0
      vertex 60.3644 0.352591 0
    endloop
  endfacet
  facet normal 0.52254 -0.852615 0
    outer loop
      vertex 60.1771 2.73262 0
      vertex 60.3644 2.84741 16
      vertex 60.1771 2.73262 16
    endloop
  endfacet
  facet normal 0.52254 -0.852615 0
    outer loop
      vertex 60.3644 2.84741 16
      vertex 60.1771 2.73262 0
      vertex 60.3644 2.84741 0
    endloop
  endfacet
  facet normal 0.923836 -0.382789 0
    outer loop
      vertex 59.6685 2.03262 16
      vertex 59.7526 2.23559 0
      vertex 59.7526 2.23559 16
    endloop
  endfacet
  facet normal 0.923836 -0.382789 0
    outer loop
      vertex 59.7526 2.23559 0
      vertex 59.6685 2.03262 16
      vertex 59.6685 2.03262 0
    endloop
  endfacet
  facet normal 0.0784651 0.996917 -0
    outer loop
      vertex 61 0.2 0
      vertex 60.781 0.217237 16
      vertex 61 0.2 16
    endloop
  endfacet
  facet normal 0.0784651 0.996917 0
    outer loop
      vertex 60.781 0.217237 16
      vertex 61 0.2 0
      vertex 60.781 0.217237 0
    endloop
  endfacet
  facet normal -0.522523 0.852625 0
    outer loop
      vertex 61.8229 0.467376 0
      vertex 61.6356 0.352591 16
      vertex 61.8229 0.467376 16
    endloop
  endfacet
  facet normal -0.522523 0.852625 0
    outer loop
      vertex 61.6356 0.352591 16
      vertex 61.8229 0.467376 0
      vertex 61.6356 0.352591 0
    endloop
  endfacet
  facet normal -0.649437 -0.760416 0
    outer loop
      vertex 0.701903 32.1019 0
      vertex 1.0897 31.7707 16
      vertex 0.701903 32.1019 16
    endloop
  endfacet
  facet normal -0.649437 -0.760416 -0
    outer loop
      vertex 1.0897 31.7707 16
      vertex 0.701903 32.1019 0
      vertex 1.0897 31.7707 0
    endloop
  endfacet
  facet normal 0.972368 0.233455 0
    outer loop
      vertex 6.20999 34.9084 16
      vertex 6.09093 35.4043 0
      vertex 6.09093 35.4043 16
    endloop
  endfacet
  facet normal 0.972368 0.233455 0
    outer loop
      vertex 6.09093 35.4043 0
      vertex 6.20999 34.9084 16
      vertex 6.20999 34.9084 0
    endloop
  endfacet
  facet normal 0.996918 0.0784553 0
    outer loop
      vertex 6.25 34.4 16
      vertex 6.20999 34.9084 0
      vertex 6.20999 34.9084 16
    endloop
  endfacet
  facet normal 0.996918 0.0784553 0
    outer loop
      vertex 6.20999 34.9084 0
      vertex 6.25 34.4 16
      vertex 6.25 34.4 0
    endloop
  endfacet
  facet normal 0.923892 0.382654 0
    outer loop
      vertex 6.09093 35.4043 16
      vertex 5.89577 35.8755 0
      vertex 5.89577 35.8755 16
    endloop
  endfacet
  facet normal 0.923892 0.382654 0
    outer loop
      vertex 5.89577 35.8755 0
      vertex 6.09093 35.4043 16
      vertex 6.09093 35.4043 0
    endloop
  endfacet
  facet normal 0.760418 0.649434 0
    outer loop
      vertex 5.6293 36.3103 16
      vertex 5.2981 36.6981 0
      vertex 5.2981 36.6981 16
    endloop
  endfacet
  facet normal 0.760418 0.649434 0
    outer loop
      vertex 5.2981 36.6981 0
      vertex 5.6293 36.3103 16
      vertex 5.6293 36.3103 0
    endloop
  endfacet
  facet normal -0.382575 -0.923925 0
    outer loop
      vertex 1.52453 31.5042 0
      vertex 1.9957 31.3091 16
      vertex 1.52453 31.5042 16
    endloop
  endfacet
  facet normal -0.382575 -0.923925 -0
    outer loop
      vertex 1.9957 31.3091 16
      vertex 1.52453 31.5042 0
      vertex 1.9957 31.3091 0
    endloop
  endfacet
  facet normal -0.64944 0.760413 0
    outer loop
      vertex 1.05539 37 0
      vertex 0.701903 36.6981 16
      vertex 1.05539 37 16
    endloop
  endfacet
  facet normal -0.64944 0.760413 0
    outer loop
      vertex 0.701903 36.6981 16
      vertex 1.05539 37 0
      vertex 0.701903 36.6981 0
    endloop
  endfacet
  facet normal 0.382575 -0.923925 0
    outer loop
      vertex 4.0043 31.3091 0
      vertex 4.47547 31.5042 16
      vertex 4.0043 31.3091 16
    endloop
  endfacet
  facet normal 0.382575 -0.923925 0
    outer loop
      vertex 4.47547 31.5042 16
      vertex 4.0043 31.3091 0
      vertex 4.47547 31.5042 0
    endloop
  endfacet
  facet normal -0.996917 0.0784611 0
    outer loop
      vertex -0.25 34.4 0
      vertex -0.209987 34.9084 16
      vertex -0.209987 34.9084 0
    endloop
  endfacet
  facet normal -0.996917 0.0784611 0
    outer loop
      vertex -0.209987 34.9084 16
      vertex -0.25 34.4 0
      vertex -0.25 34.4 16
    endloop
  endfacet
  facet normal -0.996917 -0.0784611 0
    outer loop
      vertex -0.209987 33.8916 0
      vertex -0.25 34.4 16
      vertex -0.25 34.4 0
    endloop
  endfacet
  facet normal -0.996917 -0.0784611 0
    outer loop
      vertex -0.25 34.4 16
      vertex -0.209987 33.8916 0
      vertex -0.209987 33.8916 16
    endloop
  endfacet
  facet normal 0.233533 -0.972349 0
    outer loop
      vertex 3.50841 31.19 0
      vertex 4.0043 31.3091 16
      vertex 3.50841 31.19 16
    endloop
  endfacet
  facet normal 0.233533 -0.972349 0
    outer loop
      vertex 4.0043 31.3091 16
      vertex 3.50841 31.19 0
      vertex 4.0043 31.3091 0
    endloop
  endfacet
  facet normal 0.760418 -0.649434 0
    outer loop
      vertex 5.2981 32.1019 16
      vertex 5.6293 32.4897 0
      vertex 5.6293 32.4897 16
    endloop
  endfacet
  facet normal 0.760418 -0.649434 0
    outer loop
      vertex 5.6293 32.4897 0
      vertex 5.2981 32.1019 16
      vertex 5.2981 32.1019 0
    endloop
  endfacet
  facet normal -0.852623 0.522527 0
    outer loop
      vertex 0.104229 35.8755 0
      vertex 0.370695 36.3103 16
      vertex 0.370695 36.3103 0
    endloop
  endfacet
  facet normal -0.852623 0.522527 0
    outer loop
      vertex 0.370695 36.3103 16
      vertex 0.104229 35.8755 0
      vertex 0.104229 35.8755 16
    endloop
  endfacet
  facet normal 0.0784343 -0.996919 0
    outer loop
      vertex 3 31.15 0
      vertex 3.50841 31.19 16
      vertex 3 31.15 16
    endloop
  endfacet
  facet normal 0.0784343 -0.996919 0
    outer loop
      vertex 3.50841 31.19 16
      vertex 3 31.15 0
      vertex 3.50841 31.19 0
    endloop
  endfacet
  facet normal -0.97237 -0.233444 0
    outer loop
      vertex -0.0909328 33.3957 0
      vertex -0.209987 33.8916 16
      vertex -0.209987 33.8916 0
    endloop
  endfacet
  facet normal -0.97237 -0.233444 0
    outer loop
      vertex -0.209987 33.8916 16
      vertex -0.0909328 33.3957 0
      vertex -0.0909328 33.3957 16
    endloop
  endfacet
  facet normal 0.649434 -0.760418 0
    outer loop
      vertex 4.9103 31.7707 0
      vertex 5.2981 32.1019 16
      vertex 4.9103 31.7707 16
    endloop
  endfacet
  facet normal 0.649434 -0.760418 0
    outer loop
      vertex 5.2981 32.1019 16
      vertex 4.9103 31.7707 0
      vertex 5.2981 32.1019 0
    endloop
  endfacet
  facet normal 0.852619 0.522533 0
    outer loop
      vertex 5.89577 35.8755 16
      vertex 5.6293 36.3103 0
      vertex 5.6293 36.3103 16
    endloop
  endfacet
  facet normal 0.852619 0.522533 0
    outer loop
      vertex 5.6293 36.3103 0
      vertex 5.89577 35.8755 16
      vertex 5.89577 35.8755 0
    endloop
  endfacet
  facet normal -0.92389 -0.382657 0
    outer loop
      vertex 0.104229 32.9245 0
      vertex -0.0909328 33.3957 16
      vertex -0.0909328 33.3957 0
    endloop
  endfacet
  facet normal -0.92389 -0.382657 0
    outer loop
      vertex -0.0909328 33.3957 16
      vertex 0.104229 32.9245 0
      vertex 0.104229 32.9245 16
    endloop
  endfacet
  facet normal 0.649437 0.760416 -0
    outer loop
      vertex 5.2981 36.6981 0
      vertex 4.94461 37 16
      vertex 5.2981 36.6981 16
    endloop
  endfacet
  facet normal 0.649437 0.760416 0
    outer loop
      vertex 4.94461 37 16
      vertex 5.2981 36.6981 0
      vertex 4.94461 37 0
    endloop
  endfacet
  facet normal 0.996918 -0.0784553 0
    outer loop
      vertex 6.20999 33.8916 16
      vertex 6.25 34.4 0
      vertex 6.25 34.4 16
    endloop
  endfacet
  facet normal 0.996918 -0.0784553 0
    outer loop
      vertex 6.25 34.4 0
      vertex 6.20999 33.8916 16
      vertex 6.20999 33.8916 0
    endloop
  endfacet
  facet normal 0.972368 -0.233455 0
    outer loop
      vertex 6.09093 33.3957 16
      vertex 6.20999 33.8916 0
      vertex 6.20999 33.8916 16
    endloop
  endfacet
  facet normal 0.972368 -0.233455 0
    outer loop
      vertex 6.20999 33.8916 0
      vertex 6.09093 33.3957 16
      vertex 6.09093 33.3957 0
    endloop
  endfacet
  facet normal -0.852623 -0.522527 0
    outer loop
      vertex 0.370695 32.4897 0
      vertex 0.104229 32.9245 16
      vertex 0.104229 32.9245 0
    endloop
  endfacet
  facet normal -0.852623 -0.522527 0
    outer loop
      vertex 0.104229 32.9245 16
      vertex 0.370695 32.4897 0
      vertex 0.370695 32.4897 16
    endloop
  endfacet
  facet normal -0.92389 0.382657 0
    outer loop
      vertex -0.0909328 35.4043 0
      vertex 0.104229 35.8755 16
      vertex 0.104229 35.8755 0
    endloop
  endfacet
  facet normal -0.92389 0.382657 0
    outer loop
      vertex 0.104229 35.8755 16
      vertex -0.0909328 35.4043 0
      vertex -0.0909328 35.4043 16
    endloop
  endfacet
  facet normal 0.923892 -0.382654 0
    outer loop
      vertex 5.89577 32.9245 16
      vertex 6.09093 33.3957 0
      vertex 6.09093 33.3957 16
    endloop
  endfacet
  facet normal 0.923892 -0.382654 0
    outer loop
      vertex 6.09093 33.3957 0
      vertex 5.89577 32.9245 16
      vertex 5.89577 32.9245 0
    endloop
  endfacet
  facet normal -0.76041 -0.649443 0
    outer loop
      vertex 0.701903 32.1019 0
      vertex 0.370695 32.4897 16
      vertex 0.370695 32.4897 0
    endloop
  endfacet
  facet normal -0.76041 -0.649443 0
    outer loop
      vertex 0.370695 32.4897 16
      vertex 0.701903 32.1019 0
      vertex 0.701903 32.1019 16
    endloop
  endfacet
  facet normal 0.52255 -0.852609 0
    outer loop
      vertex 4.47547 31.5042 0
      vertex 4.9103 31.7707 16
      vertex 4.47547 31.5042 16
    endloop
  endfacet
  facet normal 0.52255 -0.852609 0
    outer loop
      vertex 4.9103 31.7707 16
      vertex 4.47547 31.5042 0
      vertex 4.9103 31.7707 0
    endloop
  endfacet
  facet normal -0.233533 -0.972349 0
    outer loop
      vertex 1.9957 31.3091 0
      vertex 2.49159 31.19 16
      vertex 1.9957 31.3091 16
    endloop
  endfacet
  facet normal -0.233533 -0.972349 -0
    outer loop
      vertex 2.49159 31.19 16
      vertex 1.9957 31.3091 0
      vertex 2.49159 31.19 0
    endloop
  endfacet
  facet normal 0.852619 -0.522533 0
    outer loop
      vertex 5.6293 32.4897 16
      vertex 5.89577 32.9245 0
      vertex 5.89577 32.9245 16
    endloop
  endfacet
  facet normal 0.852619 -0.522533 0
    outer loop
      vertex 5.89577 32.9245 0
      vertex 5.6293 32.4897 16
      vertex 5.6293 32.4897 0
    endloop
  endfacet
  facet normal -0.97237 0.233444 0
    outer loop
      vertex -0.209987 34.9084 0
      vertex -0.0909328 35.4043 16
      vertex -0.0909328 35.4043 0
    endloop
  endfacet
  facet normal -0.97237 0.233444 0
    outer loop
      vertex -0.0909328 35.4043 16
      vertex -0.209987 34.9084 0
      vertex -0.209987 34.9084 16
    endloop
  endfacet
  facet normal -0.0784343 -0.996919 0
    outer loop
      vertex 2.49159 31.19 0
      vertex 3 31.15 16
      vertex 2.49159 31.19 16
    endloop
  endfacet
  facet normal -0.0784343 -0.996919 -0
    outer loop
      vertex 3 31.15 16
      vertex 2.49159 31.19 0
      vertex 3 31.15 0
    endloop
  endfacet
  facet normal -0.52255 -0.852609 0
    outer loop
      vertex 1.0897 31.7707 0
      vertex 1.52453 31.5042 16
      vertex 1.0897 31.7707 16
    endloop
  endfacet
  facet normal -0.52255 -0.852609 -0
    outer loop
      vertex 1.52453 31.5042 16
      vertex 1.0897 31.7707 0
      vertex 1.52453 31.5042 0
    endloop
  endfacet
  facet normal -0.76041 0.649443 0
    outer loop
      vertex 0.370695 36.3103 0
      vertex 0.701903 36.6981 16
      vertex 0.701903 36.6981 0
    endloop
  endfacet
  facet normal -0.76041 0.649443 0
    outer loop
      vertex 0.701903 36.6981 16
      vertex 0.370695 36.3103 0
      vertex 0.370695 36.3103 16
    endloop
  endfacet
  facet normal -0.649253 0.760573 0
    outer loop
      vertex 3.98995 33.41 0
      vertex 3.8229 33.2674 16
      vertex 3.98995 33.41 16
    endloop
  endfacet
  facet normal -0.649253 0.760573 0
    outer loop
      vertex 3.8229 33.2674 16
      vertex 3.98995 33.41 0
      vertex 3.8229 33.2674 0
    endloop
  endfacet
  facet normal 0.923904 0.382624 0
    outer loop
      vertex 1.75259 33.7644 16
      vertex 1.66852 33.9674 0
      vertex 1.66852 33.9674 16
    endloop
  endfacet
  facet normal 0.923904 0.382624 0
    outer loop
      vertex 1.66852 33.9674 0
      vertex 1.75259 33.7644 16
      vertex 1.75259 33.7644 0
    endloop
  endfacet
  facet normal -0.972371 -0.233442 0
    outer loop
      vertex 4.38276 34.619 0
      vertex 4.33148 34.8326 16
      vertex 4.33148 34.8326 0
    endloop
  endfacet
  facet normal -0.972371 -0.233442 0
    outer loop
      vertex 4.33148 34.8326 16
      vertex 4.38276 34.619 0
      vertex 4.38276 34.619 16
    endloop
  endfacet
  facet normal -0.233518 0.972353 0
    outer loop
      vertex 3.43262 33.0685 0
      vertex 3.21901 33.0172 16
      vertex 3.43262 33.0685 16
    endloop
  endfacet
  facet normal -0.233518 0.972353 0
    outer loop
      vertex 3.21901 33.0172 16
      vertex 3.43262 33.0685 0
      vertex 3.21901 33.0172 0
    endloop
  endfacet
  facet normal -0.760319 -0.649549 0
    outer loop
      vertex 4.13262 35.2229 0
      vertex 3.98995 35.3899 16
      vertex 3.98995 35.3899 0
    endloop
  endfacet
  facet normal -0.760319 -0.649549 0
    outer loop
      vertex 3.98995 35.3899 16
      vertex 4.13262 35.2229 0
      vertex 4.13262 35.2229 16
    endloop
  endfacet
  facet normal -0.760511 0.649325 0
    outer loop
      vertex 3.98995 33.41 0
      vertex 4.13262 33.5771 16
      vertex 4.13262 33.5771 0
    endloop
  endfacet
  facet normal -0.760511 0.649325 0
    outer loop
      vertex 4.13262 33.5771 16
      vertex 3.98995 33.41 0
      vertex 3.98995 33.41 16
    endloop
  endfacet
  facet normal 0.649516 -0.760348 0
    outer loop
      vertex 2.01005 35.3899 0
      vertex 2.1771 35.5326 16
      vertex 2.01005 35.3899 16
    endloop
  endfacet
  facet normal 0.649516 -0.760348 0
    outer loop
      vertex 2.1771 35.5326 16
      vertex 2.01005 35.3899 0
      vertex 2.1771 35.5326 0
    endloop
  endfacet
  facet normal -0.0782941 0.99693 0
    outer loop
      vertex 3.21901 33.0172 0
      vertex 3 33 16
      vertex 3.21901 33.0172 16
    endloop
  endfacet
  facet normal -0.0782941 0.99693 0
    outer loop
      vertex 3 33 16
      vertex 3.21901 33.0172 0
      vertex 3 33 0
    endloop
  endfacet
  facet normal 0.996916 0.0784787 0
    outer loop
      vertex 1.61724 34.181 16
      vertex 1.6 34.4 0
      vertex 1.6 34.4 16
    endloop
  endfacet
  facet normal 0.996916 0.0784787 0
    outer loop
      vertex 1.6 34.4 0
      vertex 1.61724 34.181 16
      vertex 1.61724 34.181 0
    endloop
  endfacet
  facet normal -0.382789 -0.923836 0
    outer loop
      vertex 3.43262 35.7315 0
      vertex 3.63559 35.6474 16
      vertex 3.43262 35.7315 16
    endloop
  endfacet
  facet normal -0.382789 -0.923836 -0
    outer loop
      vertex 3.63559 35.6474 16
      vertex 3.43262 35.7315 0
      vertex 3.63559 35.6474 0
    endloop
  endfacet
  facet normal -0.996916 -0.0784787 0
    outer loop
      vertex 4.4 34.4 0
      vertex 4.38276 34.619 16
      vertex 4.38276 34.619 0
    endloop
  endfacet
  facet normal -0.996916 -0.0784787 0
    outer loop
      vertex 4.38276 34.619 16
      vertex 4.4 34.4 0
      vertex 4.4 34.4 16
    endloop
  endfacet
  facet normal 0.852615 0.52254 0
    outer loop
      vertex 1.86738 33.5771 16
      vertex 1.75259 33.7644 0
      vertex 1.75259 33.7644 16
    endloop
  endfacet
  facet normal 0.852615 0.52254 0
    outer loop
      vertex 1.75259 33.7644 0
      vertex 1.86738 33.5771 16
      vertex 1.86738 33.5771 0
    endloop
  endfacet
  facet normal 0.972371 0.233442 0
    outer loop
      vertex 1.66852 33.9674 16
      vertex 1.61724 34.181 0
      vertex 1.61724 34.181 16
    endloop
  endfacet
  facet normal 0.972371 0.233442 0
    outer loop
      vertex 1.61724 34.181 0
      vertex 1.66852 33.9674 16
      vertex 1.66852 33.9674 0
    endloop
  endfacet
  facet normal -0.522552 -0.852607 0
    outer loop
      vertex 3.63559 35.6474 0
      vertex 3.8229 35.5326 16
      vertex 3.63559 35.6474 16
    endloop
  endfacet
  facet normal -0.522552 -0.852607 -0
    outer loop
      vertex 3.8229 35.5326 16
      vertex 3.63559 35.6474 0
      vertex 3.8229 35.5326 0
    endloop
  endfacet
  facet normal 0.0782941 -0.99693 0
    outer loop
      vertex 2.78099 35.7828 0
      vertex 3 35.8 16
      vertex 2.78099 35.7828 16
    endloop
  endfacet
  facet normal 0.0782941 -0.99693 0
    outer loop
      vertex 3 35.8 16
      vertex 2.78099 35.7828 0
      vertex 3 35.8 0
    endloop
  endfacet
  facet normal -0.923904 -0.382624 0
    outer loop
      vertex 4.33148 34.8326 0
      vertex 4.24741 35.0356 16
      vertex 4.24741 35.0356 0
    endloop
  endfacet
  facet normal -0.923904 -0.382624 0
    outer loop
      vertex 4.24741 35.0356 16
      vertex 4.33148 34.8326 0
      vertex 4.33148 34.8326 16
    endloop
  endfacet
  facet normal -0.852615 0.52254 0
    outer loop
      vertex 4.13262 33.5771 0
      vertex 4.24741 33.7644 16
      vertex 4.24741 33.7644 0
    endloop
  endfacet
  facet normal -0.852615 0.52254 0
    outer loop
      vertex 4.24741 33.7644 16
      vertex 4.13262 33.5771 0
      vertex 4.13262 33.5771 16
    endloop
  endfacet
  facet normal 0.382789 -0.923836 0
    outer loop
      vertex 2.36441 35.6474 0
      vertex 2.56738 35.7315 16
      vertex 2.36441 35.6474 16
    endloop
  endfacet
  facet normal 0.382789 -0.923836 0
    outer loop
      vertex 2.56738 35.7315 16
      vertex 2.36441 35.6474 0
      vertex 2.56738 35.7315 0
    endloop
  endfacet
  facet normal -0.233518 -0.972353 0
    outer loop
      vertex 3.21901 35.7828 0
      vertex 3.43262 35.7315 16
      vertex 3.21901 35.7828 16
    endloop
  endfacet
  facet normal -0.233518 -0.972353 -0
    outer loop
      vertex 3.43262 35.7315 16
      vertex 3.21901 35.7828 0
      vertex 3.43262 35.7315 0
    endloop
  endfacet
  facet normal 0.233518 0.972353 -0
    outer loop
      vertex 2.78099 33.0172 0
      vertex 2.56738 33.0685 16
      vertex 2.78099 33.0172 16
    endloop
  endfacet
  facet normal 0.233518 0.972353 0
    outer loop
      vertex 2.56738 33.0685 16
      vertex 2.78099 33.0172 0
      vertex 2.56738 33.0685 0
    endloop
  endfacet
  facet normal 0.649253 0.760573 -0
    outer loop
      vertex 2.1771 33.2674 0
      vertex 2.01005 33.41 16
      vertex 2.1771 33.2674 16
    endloop
  endfacet
  facet normal 0.649253 0.760573 0
    outer loop
      vertex 2.01005 33.41 16
      vertex 2.1771 33.2674 0
      vertex 2.01005 33.41 0
    endloop
  endfacet
  facet normal -0.852615 -0.52254 0
    outer loop
      vertex 4.24741 35.0356 0
      vertex 4.13262 35.2229 16
      vertex 4.13262 35.2229 0
    endloop
  endfacet
  facet normal -0.852615 -0.52254 0
    outer loop
      vertex 4.13262 35.2229 16
      vertex 4.24741 35.0356 0
      vertex 4.24741 35.0356 16
    endloop
  endfacet
  facet normal -0.649516 -0.760348 0
    outer loop
      vertex 3.8229 35.5326 0
      vertex 3.98995 35.3899 16
      vertex 3.8229 35.5326 16
    endloop
  endfacet
  facet normal -0.649516 -0.760348 -0
    outer loop
      vertex 3.98995 35.3899 16
      vertex 3.8229 35.5326 0
      vertex 3.98995 35.3899 0
    endloop
  endfacet
  facet normal 0.972371 -0.233442 0
    outer loop
      vertex 1.61724 34.619 16
      vertex 1.66852 34.8326 0
      vertex 1.66852 34.8326 16
    endloop
  endfacet
  facet normal 0.972371 -0.233442 0
    outer loop
      vertex 1.66852 34.8326 0
      vertex 1.61724 34.619 16
      vertex 1.61724 34.619 0
    endloop
  endfacet
  facet normal 0.760319 -0.649549 0
    outer loop
      vertex 1.86738 35.2229 16
      vertex 2.01005 35.3899 0
      vertex 2.01005 35.3899 16
    endloop
  endfacet
  facet normal 0.760319 -0.649549 0
    outer loop
      vertex 2.01005 35.3899 0
      vertex 1.86738 35.2229 16
      vertex 1.86738 35.2229 0
    endloop
  endfacet
  facet normal 0.996916 -0.0784787 0
    outer loop
      vertex 1.6 34.4 16
      vertex 1.61724 34.619 0
      vertex 1.61724 34.619 16
    endloop
  endfacet
  facet normal 0.996916 -0.0784787 0
    outer loop
      vertex 1.61724 34.619 0
      vertex 1.6 34.4 16
      vertex 1.6 34.4 0
    endloop
  endfacet
  facet normal 0.233518 -0.972353 0
    outer loop
      vertex 2.56738 35.7315 0
      vertex 2.78099 35.7828 16
      vertex 2.56738 35.7315 16
    endloop
  endfacet
  facet normal 0.233518 -0.972353 0
    outer loop
      vertex 2.78099 35.7828 16
      vertex 2.56738 35.7315 0
      vertex 2.78099 35.7828 0
    endloop
  endfacet
  facet normal -0.382789 0.923836 0
    outer loop
      vertex 3.63559 33.1526 0
      vertex 3.43262 33.0685 16
      vertex 3.63559 33.1526 16
    endloop
  endfacet
  facet normal -0.382789 0.923836 0
    outer loop
      vertex 3.43262 33.0685 16
      vertex 3.63559 33.1526 0
      vertex 3.43262 33.0685 0
    endloop
  endfacet
  facet normal 0.760511 0.649325 0
    outer loop
      vertex 2.01005 33.41 16
      vertex 1.86738 33.5771 0
      vertex 1.86738 33.5771 16
    endloop
  endfacet
  facet normal 0.760511 0.649325 0
    outer loop
      vertex 1.86738 33.5771 0
      vertex 2.01005 33.41 16
      vertex 2.01005 33.41 0
    endloop
  endfacet
  facet normal -0.996916 0.0784787 0
    outer loop
      vertex 4.38276 34.181 0
      vertex 4.4 34.4 16
      vertex 4.4 34.4 0
    endloop
  endfacet
  facet normal -0.996916 0.0784787 0
    outer loop
      vertex 4.4 34.4 16
      vertex 4.38276 34.181 0
      vertex 4.38276 34.181 16
    endloop
  endfacet
  facet normal 0.852615 -0.52254 0
    outer loop
      vertex 1.75259 35.0356 16
      vertex 1.86738 35.2229 0
      vertex 1.86738 35.2229 16
    endloop
  endfacet
  facet normal 0.852615 -0.52254 0
    outer loop
      vertex 1.86738 35.2229 0
      vertex 1.75259 35.0356 16
      vertex 1.75259 35.0356 0
    endloop
  endfacet
  facet normal -0.972371 0.233442 0
    outer loop
      vertex 4.33148 33.9674 0
      vertex 4.38276 34.181 16
      vertex 4.38276 34.181 0
    endloop
  endfacet
  facet normal -0.972371 0.233442 0
    outer loop
      vertex 4.38276 34.181 16
      vertex 4.33148 33.9674 0
      vertex 4.33148 33.9674 16
    endloop
  endfacet
  facet normal 0.522552 0.852607 -0
    outer loop
      vertex 2.36441 33.1526 0
      vertex 2.1771 33.2674 16
      vertex 2.36441 33.1526 16
    endloop
  endfacet
  facet normal 0.522552 0.852607 0
    outer loop
      vertex 2.1771 33.2674 16
      vertex 2.36441 33.1526 0
      vertex 2.1771 33.2674 0
    endloop
  endfacet
  facet normal -0.923904 0.382624 0
    outer loop
      vertex 4.24741 33.7644 0
      vertex 4.33148 33.9674 16
      vertex 4.33148 33.9674 0
    endloop
  endfacet
  facet normal -0.923904 0.382624 0
    outer loop
      vertex 4.33148 33.9674 16
      vertex 4.24741 33.7644 0
      vertex 4.24741 33.7644 16
    endloop
  endfacet
  facet normal -0.0782941 -0.99693 0
    outer loop
      vertex 3 35.8 0
      vertex 3.21901 35.7828 16
      vertex 3 35.8 16
    endloop
  endfacet
  facet normal -0.0782941 -0.99693 -0
    outer loop
      vertex 3.21901 35.7828 16
      vertex 3 35.8 0
      vertex 3.21901 35.7828 0
    endloop
  endfacet
  facet normal 0.382789 0.923836 -0
    outer loop
      vertex 2.56738 33.0685 0
      vertex 2.36441 33.1526 16
      vertex 2.56738 33.0685 16
    endloop
  endfacet
  facet normal 0.382789 0.923836 0
    outer loop
      vertex 2.36441 33.1526 16
      vertex 2.56738 33.0685 0
      vertex 2.36441 33.1526 0
    endloop
  endfacet
  facet normal 0.522552 -0.852607 0
    outer loop
      vertex 2.1771 35.5326 0
      vertex 2.36441 35.6474 16
      vertex 2.1771 35.5326 16
    endloop
  endfacet
  facet normal 0.522552 -0.852607 0
    outer loop
      vertex 2.36441 35.6474 16
      vertex 2.1771 35.5326 0
      vertex 2.36441 35.6474 0
    endloop
  endfacet
  facet normal 0.923904 -0.382624 0
    outer loop
      vertex 1.66852 34.8326 16
      vertex 1.75259 35.0356 0
      vertex 1.75259 35.0356 16
    endloop
  endfacet
  facet normal 0.923904 -0.382624 0
    outer loop
      vertex 1.75259 35.0356 0
      vertex 1.66852 34.8326 16
      vertex 1.66852 34.8326 0
    endloop
  endfacet
  facet normal 0.0782941 0.99693 -0
    outer loop
      vertex 3 33 0
      vertex 2.78099 33.0172 16
      vertex 3 33 16
    endloop
  endfacet
  facet normal 0.0782941 0.99693 0
    outer loop
      vertex 2.78099 33.0172 16
      vertex 3 33 0
      vertex 2.78099 33.0172 0
    endloop
  endfacet
  facet normal -0.522552 0.852607 0
    outer loop
      vertex 3.8229 33.2674 0
      vertex 3.63559 33.1526 16
      vertex 3.8229 33.2674 16
    endloop
  endfacet
  facet normal -0.522552 0.852607 0
    outer loop
      vertex 3.63559 33.1526 16
      vertex 3.8229 33.2674 0
      vertex 3.63559 33.1526 0
    endloop
  endfacet
  facet normal -0.649434 -0.760418 0
    outer loop
      vertex 58.7019 32.1019 0
      vertex 59.0897 31.7707 16
      vertex 58.7019 32.1019 16
    endloop
  endfacet
  facet normal -0.649434 -0.760418 -0
    outer loop
      vertex 59.0897 31.7707 16
      vertex 58.7019 32.1019 0
      vertex 59.0897 31.7707 0
    endloop
  endfacet
  facet normal 0.97235 0.233529 0
    outer loop
      vertex 64.21 34.9084 16
      vertex 64.0909 35.4043 0
      vertex 64.0909 35.4043 16
    endloop
  endfacet
  facet normal 0.97235 0.233529 0
    outer loop
      vertex 64.0909 35.4043 0
      vertex 64.21 34.9084 16
      vertex 64.21 34.9084 0
    endloop
  endfacet
  facet normal 0.996919 0.0784358 0
    outer loop
      vertex 64.25 34.4 16
      vertex 64.21 34.9084 0
      vertex 64.21 34.9084 16
    endloop
  endfacet
  facet normal 0.996919 0.0784358 0
    outer loop
      vertex 64.21 34.9084 0
      vertex 64.25 34.4 16
      vertex 64.25 34.4 0
    endloop
  endfacet
  facet normal 0.923933 0.382554 0
    outer loop
      vertex 64.0909 35.4043 16
      vertex 63.8958 35.8755 0
      vertex 63.8958 35.8755 16
    endloop
  endfacet
  facet normal 0.923933 0.382554 0
    outer loop
      vertex 63.8958 35.8755 0
      vertex 64.0909 35.4043 16
      vertex 64.0909 35.4043 0
    endloop
  endfacet
  facet normal 0.760418 0.649434 0
    outer loop
      vertex 63.6293 36.3103 16
      vertex 63.2981 36.6981 0
      vertex 63.2981 36.6981 16
    endloop
  endfacet
  facet normal 0.760418 0.649434 0
    outer loop
      vertex 63.2981 36.6981 0
      vertex 63.6293 36.3103 16
      vertex 63.6293 36.3103 0
    endloop
  endfacet
  facet normal -0.382554 -0.923933 0
    outer loop
      vertex 59.5245 31.5042 0
      vertex 59.9957 31.3091 16
      vertex 59.5245 31.5042 16
    endloop
  endfacet
  facet normal -0.382554 -0.923933 -0
    outer loop
      vertex 59.9957 31.3091 16
      vertex 59.5245 31.5042 0
      vertex 59.9957 31.3091 0
    endloop
  endfacet
  facet normal -0.649426 0.760425 0
    outer loop
      vertex 59.0554 37 0
      vertex 58.7019 36.6981 16
      vertex 59.0554 37 16
    endloop
  endfacet
  facet normal -0.649426 0.760425 0
    outer loop
      vertex 58.7019 36.6981 16
      vertex 59.0554 37 0
      vertex 58.7019 36.6981 0
    endloop
  endfacet
  facet normal 0.382554 -0.923933 0
    outer loop
      vertex 62.0043 31.3091 0
      vertex 62.4755 31.5042 16
      vertex 62.0043 31.3091 16
    endloop
  endfacet
  facet normal 0.382554 -0.923933 0
    outer loop
      vertex 62.4755 31.5042 16
      vertex 62.0043 31.3091 0
      vertex 62.4755 31.5042 0
    endloop
  endfacet
  facet normal -0.996919 0.0784358 0
    outer loop
      vertex 57.75 34.4 0
      vertex 57.79 34.9084 16
      vertex 57.79 34.9084 0
    endloop
  endfacet
  facet normal -0.996919 0.0784358 0
    outer loop
      vertex 57.79 34.9084 16
      vertex 57.75 34.4 0
      vertex 57.75 34.4 16
    endloop
  endfacet
  facet normal -0.996919 -0.0784358 0
    outer loop
      vertex 57.79 33.8916 0
      vertex 57.75 34.4 16
      vertex 57.75 34.4 0
    endloop
  endfacet
  facet normal -0.996919 -0.0784358 0
    outer loop
      vertex 57.75 34.4 16
      vertex 57.79 33.8916 0
      vertex 57.79 33.8916 16
    endloop
  endfacet
  facet normal 0.233529 -0.97235 0
    outer loop
      vertex 61.5084 31.19 0
      vertex 62.0043 31.3091 16
      vertex 61.5084 31.19 16
    endloop
  endfacet
  facet normal 0.233529 -0.97235 0
    outer loop
      vertex 62.0043 31.3091 16
      vertex 61.5084 31.19 0
      vertex 62.0043 31.3091 0
    endloop
  endfacet
  facet normal 0.760418 -0.649434 0
    outer loop
      vertex 63.2981 32.1019 16
      vertex 63.6293 32.4897 0
      vertex 63.6293 32.4897 16
    endloop
  endfacet
  facet normal 0.760418 -0.649434 0
    outer loop
      vertex 63.6293 32.4897 0
      vertex 63.2981 32.1019 16
      vertex 63.2981 32.1019 0
    endloop
  endfacet
  facet normal -0.852593 0.522576 0
    outer loop
      vertex 58.1042 35.8755 0
      vertex 58.3707 36.3103 16
      vertex 58.3707 36.3103 0
    endloop
  endfacet
  facet normal -0.852593 0.522576 0
    outer loop
      vertex 58.3707 36.3103 16
      vertex 58.1042 35.8755 0
      vertex 58.1042 35.8755 16
    endloop
  endfacet
  facet normal 0.0784358 -0.996919 0
    outer loop
      vertex 61 31.15 0
      vertex 61.5084 31.19 16
      vertex 61 31.15 16
    endloop
  endfacet
  facet normal 0.0784358 -0.996919 0
    outer loop
      vertex 61.5084 31.19 16
      vertex 61 31.15 0
      vertex 61.5084 31.19 0
    endloop
  endfacet
  facet normal -0.97235 -0.233529 0
    outer loop
      vertex 57.9091 33.3957 0
      vertex 57.79 33.8916 16
      vertex 57.79 33.8916 0
    endloop
  endfacet
  facet normal -0.97235 -0.233529 0
    outer loop
      vertex 57.79 33.8916 16
      vertex 57.9091 33.3957 0
      vertex 57.9091 33.3957 16
    endloop
  endfacet
  facet normal 0.649434 -0.760418 0
    outer loop
      vertex 62.9103 31.7707 0
      vertex 63.2981 32.1019 16
      vertex 62.9103 31.7707 16
    endloop
  endfacet
  facet normal 0.649434 -0.760418 0
    outer loop
      vertex 63.2981 32.1019 16
      vertex 62.9103 31.7707 0
      vertex 63.2981 32.1019 0
    endloop
  endfacet
  facet normal 0.852593 0.522576 0
    outer loop
      vertex 63.8958 35.8755 16
      vertex 63.6293 36.3103 0
      vertex 63.6293 36.3103 16
    endloop
  endfacet
  facet normal 0.852593 0.522576 0
    outer loop
      vertex 63.6293 36.3103 0
      vertex 63.8958 35.8755 16
      vertex 63.8958 35.8755 0
    endloop
  endfacet
  facet normal -0.923933 -0.382554 0
    outer loop
      vertex 58.1042 32.9245 0
      vertex 57.9091 33.3957 16
      vertex 57.9091 33.3957 0
    endloop
  endfacet
  facet normal -0.923933 -0.382554 0
    outer loop
      vertex 57.9091 33.3957 16
      vertex 58.1042 32.9245 0
      vertex 58.1042 32.9245 16
    endloop
  endfacet
  facet normal 0.649426 0.760425 -0
    outer loop
      vertex 63.2981 36.6981 0
      vertex 62.9446 37 16
      vertex 63.2981 36.6981 16
    endloop
  endfacet
  facet normal 0.649426 0.760425 0
    outer loop
      vertex 62.9446 37 16
      vertex 63.2981 36.6981 0
      vertex 62.9446 37 0
    endloop
  endfacet
  facet normal 0.996919 -0.0784358 0
    outer loop
      vertex 64.21 33.8916 16
      vertex 64.25 34.4 0
      vertex 64.25 34.4 16
    endloop
  endfacet
  facet normal 0.996919 -0.0784358 0
    outer loop
      vertex 64.25 34.4 0
      vertex 64.21 33.8916 16
      vertex 64.21 33.8916 0
    endloop
  endfacet
  facet normal 0.97235 -0.233529 0
    outer loop
      vertex 64.0909 33.3957 16
      vertex 64.21 33.8916 0
      vertex 64.21 33.8916 16
    endloop
  endfacet
  facet normal 0.97235 -0.233529 0
    outer loop
      vertex 64.21 33.8916 0
      vertex 64.0909 33.3957 16
      vertex 64.0909 33.3957 0
    endloop
  endfacet
  facet normal -0.852593 -0.522576 0
    outer loop
      vertex 58.3707 32.4897 0
      vertex 58.1042 32.9245 16
      vertex 58.1042 32.9245 0
    endloop
  endfacet
  facet normal -0.852593 -0.522576 0
    outer loop
      vertex 58.1042 32.9245 16
      vertex 58.3707 32.4897 0
      vertex 58.3707 32.4897 16
    endloop
  endfacet
  facet normal -0.923933 0.382554 0
    outer loop
      vertex 57.9091 35.4043 0
      vertex 58.1042 35.8755 16
      vertex 58.1042 35.8755 0
    endloop
  endfacet
  facet normal -0.923933 0.382554 0
    outer loop
      vertex 58.1042 35.8755 16
      vertex 57.9091 35.4043 0
      vertex 57.9091 35.4043 16
    endloop
  endfacet
  facet normal 0.923933 -0.382554 0
    outer loop
      vertex 63.8958 32.9245 16
      vertex 64.0909 33.3957 0
      vertex 64.0909 33.3957 16
    endloop
  endfacet
  facet normal 0.923933 -0.382554 0
    outer loop
      vertex 64.0909 33.3957 0
      vertex 63.8958 32.9245 16
      vertex 63.8958 32.9245 0
    endloop
  endfacet
  facet normal -0.760418 -0.649434 0
    outer loop
      vertex 58.7019 32.1019 0
      vertex 58.3707 32.4897 16
      vertex 58.3707 32.4897 0
    endloop
  endfacet
  facet normal -0.760418 -0.649434 0
    outer loop
      vertex 58.3707 32.4897 16
      vertex 58.7019 32.1019 0
      vertex 58.7019 32.1019 16
    endloop
  endfacet
  facet normal 0.522576 -0.852593 0
    outer loop
      vertex 62.4755 31.5042 0
      vertex 62.9103 31.7707 16
      vertex 62.4755 31.5042 16
    endloop
  endfacet
  facet normal 0.522576 -0.852593 0
    outer loop
      vertex 62.9103 31.7707 16
      vertex 62.4755 31.5042 0
      vertex 62.9103 31.7707 0
    endloop
  endfacet
  facet normal -0.233529 -0.97235 0
    outer loop
      vertex 59.9957 31.3091 0
      vertex 60.4916 31.19 16
      vertex 59.9957 31.3091 16
    endloop
  endfacet
  facet normal -0.233529 -0.97235 -0
    outer loop
      vertex 60.4916 31.19 16
      vertex 59.9957 31.3091 0
      vertex 60.4916 31.19 0
    endloop
  endfacet
  facet normal 0.852593 -0.522576 0
    outer loop
      vertex 63.6293 32.4897 16
      vertex 63.8958 32.9245 0
      vertex 63.8958 32.9245 16
    endloop
  endfacet
  facet normal 0.852593 -0.522576 0
    outer loop
      vertex 63.8958 32.9245 0
      vertex 63.6293 32.4897 16
      vertex 63.6293 32.4897 0
    endloop
  endfacet
  facet normal -0.97235 0.233529 0
    outer loop
      vertex 57.79 34.9084 0
      vertex 57.9091 35.4043 16
      vertex 57.9091 35.4043 0
    endloop
  endfacet
  facet normal -0.97235 0.233529 0
    outer loop
      vertex 57.9091 35.4043 16
      vertex 57.79 34.9084 0
      vertex 57.79 34.9084 16
    endloop
  endfacet
  facet normal -0.0784358 -0.996919 0
    outer loop
      vertex 60.4916 31.19 0
      vertex 61 31.15 16
      vertex 60.4916 31.19 16
    endloop
  endfacet
  facet normal -0.0784358 -0.996919 -0
    outer loop
      vertex 61 31.15 16
      vertex 60.4916 31.19 0
      vertex 61 31.15 0
    endloop
  endfacet
  facet normal -0.522576 -0.852593 0
    outer loop
      vertex 59.0897 31.7707 0
      vertex 59.5245 31.5042 16
      vertex 59.0897 31.7707 16
    endloop
  endfacet
  facet normal -0.522576 -0.852593 -0
    outer loop
      vertex 59.5245 31.5042 16
      vertex 59.0897 31.7707 0
      vertex 59.5245 31.5042 0
    endloop
  endfacet
  facet normal -0.760418 0.649434 0
    outer loop
      vertex 58.3707 36.3103 0
      vertex 58.7019 36.6981 16
      vertex 58.7019 36.6981 0
    endloop
  endfacet
  facet normal -0.760418 0.649434 0
    outer loop
      vertex 58.7019 36.6981 16
      vertex 58.3707 36.3103 0
      vertex 58.3707 36.3103 16
    endloop
  endfacet
  facet normal -0.649365 0.760477 0
    outer loop
      vertex 61.9899 33.41 0
      vertex 61.8229 33.2674 16
      vertex 61.9899 33.41 16
    endloop
  endfacet
  facet normal -0.649365 0.760477 0
    outer loop
      vertex 61.8229 33.2674 16
      vertex 61.9899 33.41 0
      vertex 61.8229 33.2674 0
    endloop
  endfacet
  facet normal 0.923856 0.38274 0
    outer loop
      vertex 59.7526 33.7644 16
      vertex 59.6685 33.9674 0
      vertex 59.6685 33.9674 16
    endloop
  endfacet
  facet normal 0.923856 0.38274 0
    outer loop
      vertex 59.6685 33.9674 0
      vertex 59.7526 33.7644 16
      vertex 59.7526 33.7644 0
    endloop
  endfacet
  facet normal -0.97235 -0.233528 0
    outer loop
      vertex 62.3828 34.619 0
      vertex 62.3315 34.8326 16
      vertex 62.3315 34.8326 0
    endloop
  endfacet
  facet normal -0.97235 -0.233528 0
    outer loop
      vertex 62.3315 34.8326 16
      vertex 62.3828 34.619 0
      vertex 62.3828 34.619 16
    endloop
  endfacet
  facet normal -0.233528 0.97235 0
    outer loop
      vertex 61.4326 33.0685 0
      vertex 61.219 33.0172 16
      vertex 61.4326 33.0685 16
    endloop
  endfacet
  facet normal -0.233528 0.97235 0
    outer loop
      vertex 61.219 33.0172 16
      vertex 61.4326 33.0685 0
      vertex 61.219 33.0172 0
    endloop
  endfacet
  facet normal -0.760252 -0.649628 0
    outer loop
      vertex 62.1326 35.2229 0
      vertex 61.9899 35.3899 16
      vertex 61.9899 35.3899 0
    endloop
  endfacet
  facet normal -0.760252 -0.649628 0
    outer loop
      vertex 61.9899 35.3899 16
      vertex 62.1326 35.2229 0
      vertex 62.1326 35.2229 16
    endloop
  endfacet
  facet normal -0.760444 0.649404 0
    outer loop
      vertex 61.9899 33.41 0
      vertex 62.1326 33.5771 16
      vertex 62.1326 33.5771 0
    endloop
  endfacet
  facet normal -0.760444 0.649404 0
    outer loop
      vertex 62.1326 33.5771 16
      vertex 61.9899 33.41 0
      vertex 61.9899 33.41 16
    endloop
  endfacet
  facet normal 0.649628 -0.760252 0
    outer loop
      vertex 60.0101 35.3899 0
      vertex 60.1771 35.5326 16
      vertex 60.0101 35.3899 16
    endloop
  endfacet
  facet normal 0.649628 -0.760252 0
    outer loop
      vertex 60.1771 35.5326 16
      vertex 60.0101 35.3899 0
      vertex 60.1771 35.5326 0
    endloop
  endfacet
  facet normal -0.0782977 0.99693 0
    outer loop
      vertex 61.219 33.0172 0
      vertex 61 33 16
      vertex 61.219 33.0172 16
    endloop
  endfacet
  facet normal -0.0782977 0.99693 0
    outer loop
      vertex 61 33 16
      vertex 61.219 33.0172 0
      vertex 61 33 0
    endloop
  endfacet
  facet normal 0.99693 0.0782977 0
    outer loop
      vertex 59.6172 34.181 16
      vertex 59.6 34.4 0
      vertex 59.6 34.4 16
    endloop
  endfacet
  facet normal 0.99693 0.0782977 0
    outer loop
      vertex 59.6 34.4 0
      vertex 59.6172 34.181 16
      vertex 59.6172 34.181 0
    endloop
  endfacet
  facet normal -0.38274 -0.923856 0
    outer loop
      vertex 61.4326 35.7315 0
      vertex 61.6356 35.6474 16
      vertex 61.4326 35.7315 16
    endloop
  endfacet
  facet normal -0.38274 -0.923856 -0
    outer loop
      vertex 61.6356 35.6474 16
      vertex 61.4326 35.7315 0
      vertex 61.6356 35.6474 0
    endloop
  endfacet
  facet normal -0.99693 -0.0782977 0
    outer loop
      vertex 62.4 34.4 0
      vertex 62.3828 34.619 16
      vertex 62.3828 34.619 0
    endloop
  endfacet
  facet normal -0.99693 -0.0782977 0
    outer loop
      vertex 62.3828 34.619 16
      vertex 62.4 34.4 0
      vertex 62.4 34.4 16
    endloop
  endfacet
  facet normal 0.852595 0.522573 0
    outer loop
      vertex 59.8674 33.5771 16
      vertex 59.7526 33.7644 0
      vertex 59.7526 33.7644 16
    endloop
  endfacet
  facet normal 0.852595 0.522573 0
    outer loop
      vertex 59.7526 33.7644 0
      vertex 59.8674 33.5771 16
      vertex 59.8674 33.5771 0
    endloop
  endfacet
  facet normal 0.97235 0.233528 0
    outer loop
      vertex 59.6685 33.9674 16
      vertex 59.6172 34.181 0
      vertex 59.6172 34.181 16
    endloop
  endfacet
  facet normal 0.97235 0.233528 0
    outer loop
      vertex 59.6172 34.181 0
      vertex 59.6685 33.9674 16
      vertex 59.6685 33.9674 0
    endloop
  endfacet
  facet normal -0.522573 -0.852595 0
    outer loop
      vertex 61.6356 35.6474 0
      vertex 61.8229 35.5326 16
      vertex 61.6356 35.6474 16
    endloop
  endfacet
  facet normal -0.522573 -0.852595 -0
    outer loop
      vertex 61.8229 35.5326 16
      vertex 61.6356 35.6474 0
      vertex 61.8229 35.5326 0
    endloop
  endfacet
  facet normal 0.0782977 -0.99693 0
    outer loop
      vertex 60.781 35.7828 0
      vertex 61 35.8 16
      vertex 60.781 35.7828 16
    endloop
  endfacet
  facet normal 0.0782977 -0.99693 0
    outer loop
      vertex 61 35.8 16
      vertex 60.781 35.7828 0
      vertex 61 35.8 0
    endloop
  endfacet
  facet normal -0.923856 -0.38274 0
    outer loop
      vertex 62.3315 34.8326 0
      vertex 62.2474 35.0356 16
      vertex 62.2474 35.0356 0
    endloop
  endfacet
  facet normal -0.923856 -0.38274 0
    outer loop
      vertex 62.2474 35.0356 16
      vertex 62.3315 34.8326 0
      vertex 62.3315 34.8326 16
    endloop
  endfacet
  facet normal -0.852595 0.522573 0
    outer loop
      vertex 62.1326 33.5771 0
      vertex 62.2474 33.7644 16
      vertex 62.2474 33.7644 0
    endloop
  endfacet
  facet normal -0.852595 0.522573 0
    outer loop
      vertex 62.2474 33.7644 16
      vertex 62.1326 33.5771 0
      vertex 62.1326 33.5771 16
    endloop
  endfacet
  facet normal 0.38274 -0.923856 0
    outer loop
      vertex 60.3644 35.6474 0
      vertex 60.5674 35.7315 16
      vertex 60.3644 35.6474 16
    endloop
  endfacet
  facet normal 0.38274 -0.923856 0
    outer loop
      vertex 60.5674 35.7315 16
      vertex 60.3644 35.6474 0
      vertex 60.5674 35.7315 0
    endloop
  endfacet
  facet normal -0.233528 -0.97235 0
    outer loop
      vertex 61.219 35.7828 0
      vertex 61.4326 35.7315 16
      vertex 61.219 35.7828 16
    endloop
  endfacet
  facet normal -0.233528 -0.97235 -0
    outer loop
      vertex 61.4326 35.7315 16
      vertex 61.219 35.7828 0
      vertex 61.4326 35.7315 0
    endloop
  endfacet
  facet normal 0.233528 0.97235 -0
    outer loop
      vertex 60.781 33.0172 0
      vertex 60.5674 33.0685 16
      vertex 60.781 33.0172 16
    endloop
  endfacet
  facet normal 0.233528 0.97235 0
    outer loop
      vertex 60.5674 33.0685 16
      vertex 60.781 33.0172 0
      vertex 60.5674 33.0685 0
    endloop
  endfacet
  facet normal 0.649365 0.760477 -0
    outer loop
      vertex 60.1771 33.2674 0
      vertex 60.0101 33.41 16
      vertex 60.1771 33.2674 16
    endloop
  endfacet
  facet normal 0.649365 0.760477 0
    outer loop
      vertex 60.0101 33.41 16
      vertex 60.1771 33.2674 0
      vertex 60.0101 33.41 0
    endloop
  endfacet
  facet normal -0.852595 -0.522573 0
    outer loop
      vertex 62.2474 35.0356 0
      vertex 62.1326 35.2229 16
      vertex 62.1326 35.2229 0
    endloop
  endfacet
  facet normal -0.852595 -0.522573 0
    outer loop
      vertex 62.1326 35.2229 16
      vertex 62.2474 35.0356 0
      vertex 62.2474 35.0356 16
    endloop
  endfacet
  facet normal -0.649628 -0.760252 0
    outer loop
      vertex 61.8229 35.5326 0
      vertex 61.9899 35.3899 16
      vertex 61.8229 35.5326 16
    endloop
  endfacet
  facet normal -0.649628 -0.760252 -0
    outer loop
      vertex 61.9899 35.3899 16
      vertex 61.8229 35.5326 0
      vertex 61.9899 35.3899 0
    endloop
  endfacet
  facet normal 0.97235 -0.233528 0
    outer loop
      vertex 59.6172 34.619 16
      vertex 59.6685 34.8326 0
      vertex 59.6685 34.8326 16
    endloop
  endfacet
  facet normal 0.97235 -0.233528 0
    outer loop
      vertex 59.6685 34.8326 0
      vertex 59.6172 34.619 16
      vertex 59.6172 34.619 0
    endloop
  endfacet
  facet normal 0.760252 -0.649628 0
    outer loop
      vertex 59.8674 35.2229 16
      vertex 60.0101 35.3899 0
      vertex 60.0101 35.3899 16
    endloop
  endfacet
  facet normal 0.760252 -0.649628 0
    outer loop
      vertex 60.0101 35.3899 0
      vertex 59.8674 35.2229 16
      vertex 59.8674 35.2229 0
    endloop
  endfacet
  facet normal 0.99693 -0.0782977 0
    outer loop
      vertex 59.6 34.4 16
      vertex 59.6172 34.619 0
      vertex 59.6172 34.619 16
    endloop
  endfacet
  facet normal 0.99693 -0.0782977 0
    outer loop
      vertex 59.6172 34.619 0
      vertex 59.6 34.4 16
      vertex 59.6 34.4 0
    endloop
  endfacet
  facet normal 0.233528 -0.97235 0
    outer loop
      vertex 60.5674 35.7315 0
      vertex 60.781 35.7828 16
      vertex 60.5674 35.7315 16
    endloop
  endfacet
  facet normal 0.233528 -0.97235 0
    outer loop
      vertex 60.781 35.7828 16
      vertex 60.5674 35.7315 0
      vertex 60.781 35.7828 0
    endloop
  endfacet
  facet normal -0.38274 0.923856 0
    outer loop
      vertex 61.6356 33.1526 0
      vertex 61.4326 33.0685 16
      vertex 61.6356 33.1526 16
    endloop
  endfacet
  facet normal -0.38274 0.923856 0
    outer loop
      vertex 61.4326 33.0685 16
      vertex 61.6356 33.1526 0
      vertex 61.4326 33.0685 0
    endloop
  endfacet
  facet normal 0.760444 0.649404 0
    outer loop
      vertex 60.0101 33.41 16
      vertex 59.8674 33.5771 0
      vertex 59.8674 33.5771 16
    endloop
  endfacet
  facet normal 0.760444 0.649404 0
    outer loop
      vertex 59.8674 33.5771 0
      vertex 60.0101 33.41 16
      vertex 60.0101 33.41 0
    endloop
  endfacet
  facet normal -0.99693 0.0782977 0
    outer loop
      vertex 62.3828 34.181 0
      vertex 62.4 34.4 16
      vertex 62.4 34.4 0
    endloop
  endfacet
  facet normal -0.99693 0.0782977 0
    outer loop
      vertex 62.4 34.4 16
      vertex 62.3828 34.181 0
      vertex 62.3828 34.181 16
    endloop
  endfacet
  facet normal 0.852595 -0.522573 0
    outer loop
      vertex 59.7526 35.0356 16
      vertex 59.8674 35.2229 0
      vertex 59.8674 35.2229 16
    endloop
  endfacet
  facet normal 0.852595 -0.522573 0
    outer loop
      vertex 59.8674 35.2229 0
      vertex 59.7526 35.0356 16
      vertex 59.7526 35.0356 0
    endloop
  endfacet
  facet normal -0.97235 0.233528 0
    outer loop
      vertex 62.3315 33.9674 0
      vertex 62.3828 34.181 16
      vertex 62.3828 34.181 0
    endloop
  endfacet
  facet normal -0.97235 0.233528 0
    outer loop
      vertex 62.3828 34.181 16
      vertex 62.3315 33.9674 0
      vertex 62.3315 33.9674 16
    endloop
  endfacet
  facet normal 0.522573 0.852595 -0
    outer loop
      vertex 60.3644 33.1526 0
      vertex 60.1771 33.2674 16
      vertex 60.3644 33.1526 16
    endloop
  endfacet
  facet normal 0.522573 0.852595 0
    outer loop
      vertex 60.1771 33.2674 16
      vertex 60.3644 33.1526 0
      vertex 60.1771 33.2674 0
    endloop
  endfacet
  facet normal -0.923856 0.38274 0
    outer loop
      vertex 62.2474 33.7644 0
      vertex 62.3315 33.9674 16
      vertex 62.3315 33.9674 0
    endloop
  endfacet
  facet normal -0.923856 0.38274 0
    outer loop
      vertex 62.3315 33.9674 16
      vertex 62.2474 33.7644 0
      vertex 62.2474 33.7644 16
    endloop
  endfacet
  facet normal -0.0782977 -0.99693 0
    outer loop
      vertex 61 35.8 0
      vertex 61.219 35.7828 16
      vertex 61 35.8 16
    endloop
  endfacet
  facet normal -0.0782977 -0.99693 -0
    outer loop
      vertex 61.219 35.7828 16
      vertex 61 35.8 0
      vertex 61.219 35.7828 0
    endloop
  endfacet
  facet normal 0.38274 0.923856 -0
    outer loop
      vertex 60.5674 33.0685 0
      vertex 60.3644 33.1526 16
      vertex 60.5674 33.0685 16
    endloop
  endfacet
  facet normal 0.38274 0.923856 0
    outer loop
      vertex 60.3644 33.1526 16
      vertex 60.5674 33.0685 0
      vertex 60.3644 33.1526 0
    endloop
  endfacet
  facet normal 0.522573 -0.852595 0
    outer loop
      vertex 60.1771 35.5326 0
      vertex 60.3644 35.6474 16
      vertex 60.1771 35.5326 16
    endloop
  endfacet
  facet normal 0.522573 -0.852595 0
    outer loop
      vertex 60.3644 35.6474 16
      vertex 60.1771 35.5326 0
      vertex 60.3644 35.6474 0
    endloop
  endfacet
  facet normal 0.923856 -0.38274 0
    outer loop
      vertex 59.6685 34.8326 16
      vertex 59.7526 35.0356 0
      vertex 59.7526 35.0356 16
    endloop
  endfacet
  facet normal 0.923856 -0.38274 0
    outer loop
      vertex 59.7526 35.0356 0
      vertex 59.6685 34.8326 16
      vertex 59.6685 34.8326 0
    endloop
  endfacet
  facet normal 0.0782977 0.99693 -0
    outer loop
      vertex 61 33 0
      vertex 60.781 33.0172 16
      vertex 61 33 16
    endloop
  endfacet
  facet normal 0.0782977 0.99693 0
    outer loop
      vertex 60.781 33.0172 16
      vertex 61 33 0
      vertex 60.781 33.0172 0
    endloop
  endfacet
  facet normal -0.522573 0.852595 0
    outer loop
      vertex 61.8229 33.2674 0
      vertex 61.6356 33.1526 16
      vertex 61.8229 33.2674 16
    endloop
  endfacet
  facet normal -0.522573 0.852595 0
    outer loop
      vertex 61.6356 33.1526 16
      vertex 61.8229 33.2674 0
      vertex 61.6356 33.1526 0
    endloop
  endfacet
endsolid OpenSCAD_Model
